phrase,ngram_len,drive_id,rel,size_bytes
a line dress,3,1xPSofF6jEYJZtIc5rLOHy0dbBGEVBc9D,A/A_Line_Dress.mp4,6231257
a line silhouette,3,1Wjfp8XJ9BN2SwdszvZiruwRwii7plfuc,A/A_Line_Silhouette.mp4,3554267
a line skirt,3,1Vrt21Q3juXoCaWjZAsGs8pNxn08oty4v,A/A_Line_Skirt.mp4,3552074
a lot,2,1CPyGgle8nWZGUug3PuyrNDpZbsJ6QgY7,A/A_Lot.mp4,1890201
aamir khan,2,1LvHTaf2-3qNGGRlmMNLiM1lkKlaFBLsY,A/Aamir_Khan.mp4,1818821
abacus,1,1bmsQjVwZqWTMZ7hquyXppuvW13Teim6k,A/Abacus.mp4,3676117
abdicate,1,1O1lMmDApnd5MebgiQjXI5fGvCMmr8ysb,A/Abdicate_(Sign_2).mp4,6645228
abdomen,1,1boXbrSgB5LzJAer_lCmLaLHJeZCPzOPX,A/Abdomen.mp4,4336921
abhor despise detest hate loathe,5,1P1F0BF8tGVgRiVBog4nGRoq8RVkOR6mW,A/Abhor_Despise_Detest_Hate_Loathe.mp4,6701365
abode,1,1yAn8iQXZFGAOOlm5Sj_tIELIBM2iIkfO,A/Abode.mp4,5507809
abort discontinue halt,3,1LvfQ_DHPKWd8PGOVUKBCg7xqjohq0tWA,A/Abort_Discontinue_Halt.mp4,6284859
abrasion,1,1GWZxQD-6ceBd1AtHlpeI9cEzQZdApPjr,A/Abrasion.mp4,5320557
abrasive,1,13muA5bO5793kk7wIzURfd0t5p7S4olgv,A/Abrasive.mp4,7674767
abroad overseas,2,1G8rX6VmnbE_CzxRIvalDl1sKx24LLrfs,A/Abroad_Overseas.mp4,4351379
abrogate,1,1PVaSzuY8nmrgkgLf0--rc34rOTiB0VHC,A/Abrogate.mp4,5812900
abscess,1,1UFe6CWWVPFnavfM5wFLFVed3mby0twKs,A/Abscess.mp4,6425497
abscond,1,1MCKTmGVAJn_y3pc6PN0j9vJ6uHZIwNm6,A/Abscond.mpg,3020804
absent,1,1Ow9fwPNBB9GC76o6Qq38C7Qax61h9nj0,A/Absent.mp4,2422224
absolute owner,2,1BegiZ9bKBHEbtRpmTxmUWxc7S1n6Nr2f,A/Absolute_owner.mp4,4197089
absolve,1,1TfgNUJy4fBJx4MX9Ru_Dm2piiBs9SX4o,A/Absolve.mp4,6655201
abstain or abstention,3,1KtiqQhvIPfawM4wwW7I7_cyNqRtRF9WQ,A/Abstain_or_Abstention.mp4,5657637
abstract noun,2,18j1hqObl7S4TLn7ewv7TsQroOhBkW40_,New 2500 ISL Dictionary Videos/Yunikee 1/New English/Abstract_Noun.mp4,7185665
absurd,1,1eYtoR2lyuLZZDx2bhIiLpmuh5DeXp2Ge,New 2500 ISL Dictionary Videos/ISH/English/Absurd.mp4,5580699
abusive language,2,1_hY5hlwuOQrdCueXzVf5gNh1W7I_Sqn1,A/Abusive_Language.mp4,5906194
abuttal,1,1zk-wOVR67pVKL7UTXWIrhXvJpnSmI2ZI,A/Abuttal.mp4,1501860
accent,1,1liGr6MGUtZO-BGx-Pno80MplgO2I-kei,A/Accent.mp4,6635110
acceptance letter,2,1L2SVIPqAhLKavXkHJBHY-AGs_W2eQmEg,A/Acceptance_Letter_(Sign_2).mp4,3115747
access accessible,2,1Odj6Ab0L0Xs22lIHCWbdeSzXiQgMdHeY,A/Access_Accessible.mp4,1896890
accident,1,10AXisyIhDcvXcNLLLRYn2JCrFnYQZDTh,A/Accident.mp4,2330479
accidental butt,2,1d-BM0SMYK52a3Z_jZ-IWJZNzt6MW2Kr0,New 2500 ISL Dictionary Videos/Yunikee 2/English/Accidental_Butt.mp4,3951379
accolade,1,14NflRiSvRx4jjOd0wM4EJu8DWmyx35Km,New 2500 ISL Dictionary Videos/Yunikee 2/English/Accolade.mp4,4900063
accommodation endorsement,2,19OXl7KZLXIubz_NngqWvqmDX0XAItLXY,A/Accommodation_Endorsement_(Sign_3).mp4,4560664
accompany,1,1wjr6TFK-6jvgtNKfTG2usSi2-G9XdKIk,A/Accompany.mp4,2289999
accomplish achieve attain realize,4,1BGI1otblfL2WRhkaJnMTwLsVE63OiS8N,A/Accomplish_Achieve_Attain_Realize.mp4,6815469
accordion,1,1HqrirWP1wEmhSrPMMoaCdoGyF7nvHxRp,A/Accordion.mp4,3122359
accordion pleats,2,1Q5aIDR6wKeJkpNTUHDJzTHkxxZH6w0l5,A/Accordion_Pleats.mp4,4852689
accounting year,2,1X28OEyAEDyM3L5imASX_3vXu1u59FfQH,A/Accounting_Year.mp4,4249437
accuse blame,2,1VgSTU5JV_4M8G6_gNHM0-9OgrXrsgV_1,A/Accuse_Blame.mp4,4097624
ace,1,1IV_NOKgDY4BZJ-0_X0OpkZE47cTYvP3g,New 2500 ISL Dictionary Videos/Yunikee 2/English/Ace.mp4,7610174
achilles tendon,2,17FWne2zUe8fDrpbOSZuvHTfLOrxapLjx,A/Achilles_Tendon.mp4,3714309
acidity,1,16WOMTq5aKPE0ciAQ0mURbc6477aaDya5,A/Acidity.mp4,4785465
acidosis,1,1LMuoWUsFKyemZcrHKaVIBnd2_UiZxgH6,A/Acidosis.mp4,3750690
acne,1,1rv75q6zx3t-a07bWidX3yiRWp54G7Y19,A/Acne.mp4,4876179
acquaintance,1,14wL4X0qpNOsPmTu4ZOFbac_5Br00u3rX,A/Acquaintance.mp4,6855770
acquired deafness,2,1jq-7qACZoIzAJmA01pqRtabMzLP3PSff,A/Acquired_Deafness.mp4,5925022
acquittal,1,1c-NhWxFtVpUJjtDNbHSSZtLm_wc7JzOG,A/Acquittal.mp4,5021385
act of god,3,1VVCCPGBlLUV8Bh4a7Boi2Pi0g4xebkLa,A/Act_of_God.mp4,3857290
action plan,2,1lHSP8bJoWo7cJ5O7c_pHhK2qdpSRF_J-,A/Action_Plan.mp4,3247688
active energetic,2,13O5z5-boxzJ72SppP4tRTu3O8lnbHIOs,A/Active_Energetic.mp4,2986826
actor,1,1cg3RDe5edvCpC1bS2lLGz-ydKjqPGVjs,A/Actor_(Sign_2).mpg,2740228
actress,1,1260SW6Q1znWOS44tFB7QLk_-Aa6zcpa4,A/Actress.mp4,7579528
actuary,1,1KNBYS2dMWmLPS4A-A4Am-4Z73iJXRv9y,A/Actuary.mp4,601084
acupressure,1,1kwWiHX1B-hgmmakg2IPN9ZedxOnhCLQ_,A/Acupressure.mp4,5314430
acupuncture,1,13P9nnWzmwAI_t9FOmRCD9TstxdqS4E1Z,A/Acupuncture.mp4,4039997
ad infinitum,2,12-QtjZ8npITEfo_YFEVkcGrSFL4qB1xx,A/Ad_Infinitum.mp4,1090236
add more,2,1ctfKaqhreMksc5QmnFvtD1VIF_Ib4OdQ,A/Add_More.mp4,1933194
add sum up tally total,5,1Y9cgxg9xMmmDOASXEVSrKbp6I97aUYDt,A/Add_Sum_up_Tally_Total.mp4,2066698
addendum,1,1bILVRksREJ_wWtzU4ssC-0zwInKpCMlw,A/Addendum_(Sign_2).mp4,3421351
addict,1,1yzSLHL-3GeHHAygfdE20IV1CeR688GN3,A/Addict.mp4,5181995
addicted dependent hooked,3,1MCM0kJ0i_f4cLEQ_d1SX2NM3aMGdV5vD,A/Addicted_Dependent_Hooked.mp4,1877561
additional charge,2,1iTf1dnAzaaxdVjbIDq4I8hy9P3Xk5bhs,A/Additional_Charge.m4v,3528558
additive identity,2,1YzlJDcLUDBAnysf96XMU1fqtIpYSMaxq,New 2500 ISL Dictionary Videos/Yunikee 1/New English/Additive_Identity.mp4,4061227
adequate sufficient,2,1QUKXNpH4d_yhzqj_zm8ENMpXZkmqR2RK,A/Adequate_Sufficient.mp4,6221867
adipsia,1,1o5xzhIZYE621HH0jrIBJzcCe3zDp_BKN,A/Adipsia.mp4,3770388
adjective,1,1a4UU5FSnBmn_4cAaibLFpgPAp_kCyxHZ,A/Adjective_(Sign_2).mp4,2969713
adjourned and adjourned sine die,5,1ta2IjNOB13i7ElNYYNMpf5cujiMb13Rs,A/Adjourned_and_Adjourned_sine_die.mp4,7811013
adjudge adjudicate,2,1Hf-qB64bS15nKdQFkObS2nPXDclFAmpR,A/Adjudge_Adjudicate.mp4,5382948
administrative order,2,1lgtCOd3np7hyeYqKXH779frYd0jOJwP7,A/Administrative_Order.mp4,5233536
admire commend praise appreciate,4,1ZIqc6F5RwiqhR1NIrRlJc-F4Kw8IP61i,A/Admire_Commend_Praise_Appreciate.mp4,3642362
admonish,1,1YgG1llhrpYT_iinSGn7BdxKqjKOByadt,A/Admonish.mp4,3197564
adolf hitler,2,1kV_P0NUr8CjG0_oIc1W28NrIZe7kdbf1,New 2500 ISL Dictionary Videos/Yunikee 1/New English/Adolf_Hitler.mp4,7256764
adopt,1,1N63XX8D3N1O-pl6yS4w_OM_hio0UhZGK,A/Adopt.mp4,2129297
adoptive parent,2,19vsTw0Lgnt9ZofTk4Ad3NDfQoLWNRqrr,A/Adoptive_parent.mp4,2279800
adpotion,1,1SjhMGPWcoQlWwMBlaterAHz54vDAAir2,A/Adpotion.mp4,5241105
adulteration,1,1XJsKoqcO847QNVqJB-BhM-4JWvLdfqCJ,A/Adulteration.mp4,5660253
adultery,1,15wPCHKSxp6Z6BarbZH8LZik_0R0C-Tc9,A/Adultery.mp4,4472487
advise counsel,2,1pajVVUYF2WwXUIlZWG85p5P3ajvfHSDq,A/Advise_Counsel.mp4,1519598
advocate,1,1NNWBOta7jlUqGeS__rJ7RfbhI1DIoWHQ,A/Advocate.mp4,1875064
advocate general,2,1XK119f4J0be8daDxB-OIbCWQMjKU-7SH,A/Advocate_General_(Bihar).mp4,3444315
aedes,1,1AXDTIt96B7Rt-NoWVDAQ_5LksVMrUAGq,A/Aedes.mp4,3667130
aerobic respiration,2,1iZHguLOkYoWIfBTkPKjNG9hJO2wWrBED,New 2500 ISL Dictionary Videos/Yunikee 1/New English/Aerobic_Respiration.mp4,5969198
aeroplane,1,1d6Mi6AZPaz7IzLX7Z99a9pzt0tFperXW,A/Aeroplane.mp4,1840261
aestheticism,1,1BqIo0kFjbSXKfgHdx6RrsEciGSH4JBKs,New 2500 ISL Dictionary Videos/Yunikee 2/English/Aestheticism.mp4,4994865
affect impact influence,3,1ivjDGTP2M_6-kKMNfdtL8dMDmkvixC5s,A/Affect_Impact_Influence.mp4,3054767
affidavit,1,1vn8Ff-rie2A6xtyNkNGCu_35CEVPEYnY,A/Affidavit.mp4,3590184
affirm,1,1riKrAaSZGnNvdvbwk1RrieRiyXIcrFHl,A/Affirm.mp4,4709759
afghanistan,1,1ZTUUvwmj8vGP-eiF_iqhNwcRmP00jhn7,A/Afghanistan.mp4,2057264
afraid scared,2,1qW8coT2GuRSpks9G2BvPNYyEgW6V_kM4,A/Afraid_Scared.mp4,2063176
afterlife,1,1L_ygtHHSIa73oWFSfo8NAYxncKxAcE38,New 2500 ISL Dictionary Videos/Yunikee 2/English/Afterlife.mp4,6426587
aftershave lotion,2,1fqRvExgq82eg3afV2lIrWNMhnHl7fZIH,A/Aftershave_lotion.mp4,2501723
aftershocks,1,1bccRws-0wienIEBfeGzYqr3fE5vd-ppM,A/Aftershocks.mp4,7538815
again and again repeatedly over and over again,8,1lskJTKiC7SX6x-0c0AM9tDvEL39fJ7a2,A/Again_and_again_Repeatedly_Over_and_over_again.mp4,2202204
agenda,1,11cEcruZo8zVispMhj0RAxK78JAKblQYh,A/Agenda_(Bihar).mp4,3240770
agm,1,1GcxQ-eTtPX-Xp65bbQvQljJyFM9HB4yV,A/AGM.mp4,6674576
agoraphobia,1,16pNyMKUNcavsrFrLFciRPDeOs4hvHuJZ,A/Agoraphobia.mp4,7575505
agree concur consent,3,1fO-w5Ds34SR6zy2fKSBt2RTCuVlT2L95,A/Agree_Concur_Consent.mp4,2945130
agricultural robot,2,1CB32aRZXrYpVSqK5p5rwkz9mao7TK5pX,A/Agricultural_Robot.mp4,7854286
aids related cancers,3,1l9fj0nWTXke9UHr4C0KJMkM6VGe_4QJb,A/Aids-_Related_Cancers.mp4,7878467
aim target goal,3,1tsAxnk8RQozComxeDK0pnwUmRcIZamTR,A/Aim_Target_Goal.mp4,1780789
air conditioner,2,1UAixgbNpl2K8eqoizecoY8dPFjj_WuMy,A/Air_Conditioner.mp4,2432980
air conditioner ac,3,1CSi53oItuucwnRrxwSdUT_Q0FNj7rDi-,A/Air_conditioner_AC_(Window_AC).mp4,2195478
air cooler,2,1YdC5wHM12GpFahLGYfckSIOpVVTCDNTR,A/Air_cooler.mp4,2578320
air deccan,2,1eD8xNOHBfGwzcq6Vcv6LUciz0e0AA2WI,A/Air_Deccan.mp4,2436593
air hostess,2,1B-dNHnqTXvznWpE8X4ySivostzjo6fFo,A/Air_hostess.mp4,1999270
air india alliance air,4,1c6zzKub-dI1I-d3Gliq9UDrn0UmfxGe6,A/Air_India_Alliance_Air.mp4,3247417
air matress,2,1XJd9ETHGs0qcGCD8aR3O5f06LeyXjque,A/Air_Matress.mp4,6621602
air pollution,2,1bVBhIDdlCh38vWtztKU_PBwMLFaFA5T2,A/Air_Pollution.mp4,2656888
air vistara,2,1kDxRYrcDRXODZYrEZp09E0zhXpKIYyNF,A/Air_Vistara.mp4,3271548
aircel,1,1BJqvWY5caNI8F5Z4gZw9_UDIH7ROwAf0,A/Aircel.mp4,2735043
airjet,1,1U1nR0-_gBnqXCM2SCsDSlQt3AIb32ZGc,A/AirJet.mp4,2990229
airtel,1,1dz9xtp7qRrkgqcdWdf5sxLTCmNaF3Oi9,A/Airtel.mp4,2712973
aishwarya rai bachchan,3,1TB32iX9dumqyCKEeNWQEj-D89TyKvzIo,A/Aishwarya_Rai_Bachchan.mp4,1818221
ajmer sharif dargah,3,1l1wF5UwO7-knHE1IaLMSDEBqB1vxiicS,A/Ajmer_Sharif_Dargah.mp4,3215473
akshay kumar,2,1_nwYhVEj5m5SfWaEE4Q2d7SZvYqxcAP1,A/Akshay_Kumar.mp4,1860957
alarm,1,1OenZVMDA59IavVg6T5_LSc4tvqy-bcgS,A/Alarm.mp4,2027167
albania,1,1z1JsWGF7y2eN22HvVrTDNKi89mnQAkU7,A/Albania.mp4,2005510
alcohol,1,1LV0dmDyZVsURXKN7u5NWnZ3iVwOJkdIU,A/Alcohol.mp4,2511469
alcoholism,1,1pe_WVvLcV9pbEJGQ5ZBEVS4IV5MHdek4,A/Alcoholism.mp4,4831449
algeria,1,1fZk1qTGW2ALYvNnLY8jUGhuw3FwcZSqw,A/Algeria.mp4,2008152
alibi,1,1pmHaitSu59quGCo22Hw0zVdua-hLBg54,A/Alibi.mp4,6157063
alien,1,1oMrpO8PNj7CQ_o-P3itVpuOyLFhpHCWa,A/Alien.mp4,4526965
alien extraterrestrial,2,1wMuNLbGkNojw936haLCTzhb0gyHrjqsW,A/Alien_Extraterrestrial.mp4,6716673
aligator clip,2,11IZU-Rx4cV-luTT3mqcoMqBfH2Lj0rQM,A/Aligator_Clip.mp4,1976306
alike,1,1x7e46TIu1avAaHJXKtD3zDz2RuoEaL0L,A/Alike.mp4,2219662
alike similar,2,1hAa4TdapJaU3JyMNecGAwZxOafSSS8ka,A/Alike_similar.mp4,1824787
alive,1,1IR9iefJw8X3MGXywuoDX1qQwE_0om1hW,A/Alive.mp4,2036855
all india federation of the deaf,6,1AgwEBqF5AwPt7nET8NipqGMXemKi9Tbl,A/All_India_Federation_of_the_Deaf.mp4,2105402
all india foundation of deaf women,6,1qy6Kx42eEBOk5Ti2bjZ-ut6unK4xXLw8,A/All_India_Foundation_of_Deaf_Women.mp4,2239497
all india trinamool congress aitc tmc,6,1bYV5Z1RyrcGqQx-qpfIiJFqaEN4xjkcH,A/All_India_Trinamool_Congress_AITC_TMC.mp4,2154436
all the best good luck,5,1RyphHo-oxjMN65ACCYA3E0HxfsAn0rGT,A/All_the_best_Good_luck.mp4,6854652
allahabad bank,2,1dMwYcnOeUJlt6fuPRpztsdhQnLzRJYwT,A/Allahabad_Bank.mp4,2506181
allergen,1,1E_dkm_cdqn8BRPb7qS8cnnxEbABcsmiP,A/Allergen.mp4,4923354
allergies,1,1VWK7QNduGldU2eLLXViiZxnySatK19f9,A/Allergies.mp4,4712804
allergist,1,1liHyF64lEEkmfYeQGc55OZW__X9Vafnk,A/Allergist.mp4,7977896
allopathy,1,18hkhA-Z90oynYrVLbfhpPPCOpSrL-dZk,A/Allopathy.mp4,7982371
alloy wheel,2,11Pyj9NOKvAOsKdzviYn6PbrCuHxSTSJ1,A/Alloy_Wheel.mp4,6707226
almond,1,1gxxOfJEHEd8rWqz9v2og1pIZzvnTRYLL,A/Almond.mpg,3710980
almost nearly,2,1SLZmAHVPctG0czy9Yx5X0thZayFHi6KT,A/Almost_Nearly.mp4,2558616
alone solo,2,1Af-_K9E1LKCer8qeRkkZxy76OdiMcb_T,A/Alone_Solo.mp4,3309400
aloo tikki,2,1NdbtJim5TBkmqjrQCZOnvO2hDfxw_3CK,A/Aloo_tikki.mp4,3229438
alopecia,1,1OffBcHDgLJsRPnvIAyzXlSnUflCAPaPC,A/Alopecia.mp4,4248590
alphabet,1,1puYbpkj6YfHXOzpRZh1rTP-9SVE785Aj,A/Alphabet.mp4,2091885
alternative option,2,1NgNQgoC8irwk5HxOPAi-Rc88A8IzKOvl,A/Alternative_Option.mp4,2534179
amalgam,1,1KZmsNJBdOt8BBnWH7S3R-mSfV1I35U8W,A/Amalgam.mp4,4949533
amalgamator,1,1m5MOJPwb5yL6-Qz-HK0wBfBiqoyG1WCJ,A/Amalgamator.mp4,5614950
amazed,1,1YKCzjGIIyJmzbqC3G6Vg93eDc0YoKv1j,A/Amazed.mp4,2001906
ambidextrous,1,1Kv-p0IuDWb0a-3pgkyJUCFtFDJ0z_i6M,A/Ambidextrous.mp4,7818538
ambiguity,1,1fBTDV96QcC0Xctz9bDH7X-YnZN4927lY,New 2500 ISL Dictionary Videos/Yunikee 2/English/Ambiguity.mp4,3367415
ambitious,1,1WbRTkSVB6w97DrhTwYTcKLqFwBPtV_T8,A/Ambitious.mp4,4450195
ambulance,1,1o8ATOBt88zl09rACY-LrBrLiGa-A601g,A/Ambulance.mpg,2119684
ambulance technicians,2,1IFu2rTNzTxbNtHyuyJOJvnA84eawgQR5,A/Ambulance_Technicians.mp4,7852227
amenorrhea,1,1uWr4iJ0rBjGhYAXkgbNCgcyrU1VrOVGZ,A/Amenorrhea.mp4,7847953
amicus curiae,2,1MpH56fwubfq3dykmYmgG4UmgGnPN0HdQ,A/Amicus_Curiae.m4v,5093002
amitabh bachchan,2,1nxfZoZ2kQANd67P6zI1mX8bmfnYL55aV,A/Amitabh_Bachchan.mp4,1958663
amnesia,1,1HawS8p5HE5Mm2vNygrppDv2OYEsVW5BB,A/Amnesia.mp4,6202582
amniotic fluid,2,1g2G19wd3Pojk3uV9KPCrY9b0xJFtaxlG,A/Amniotic_fluid.mp4,5719950
amount quantity,2,1apb5rDkvXWLGT6Cy8YAAv8wjtVWuHhBo,A/Amount_Quantity.mp4,3759731
amount total,2,1sAYHnTZM22mT20TGc2iZxVHbw3OWJKdX,A/Amount_Total.mp4,4961899
amoxicillin,1,19ls3ErPZgeCSVh77Yflsv76xyYYnV89L,A/Amoxicillin.mp4,5160916
amputation,1,1WWFYOUdaiRBAuvOIxdgzCSgiGNB3eixb,A/Amputation.mp4,3143739
amputee,1,1jYWWpZ5qX25cEApOoIbo4ySM-DuQXsXr,A/Amputee.mp4,3538849
anaesthetic machine,2,1DOxKWEM2HXEnCf4GG59JdkVvSoi7mHzQ,A/Anaesthetic_Machine.mp4,7000832
anaesthetists,1,127nukAv5W9iYh1mmGYPCHa3GfVcJ7w77,A/Anaesthetists.mp4,6201740
anal cancer,2,13nWGZeGHqlgKdp6Ma8lHSu9M-TIehCZs,A/Anal_Cancer.mp4,5254919
anaphora,1,1YP_rt-wRl6D2zxrKfcZM3DtlopAvUF-U,New 2500 ISL Dictionary Videos/Yunikee 2/English/Anaphora.mp4,5830273
ancestor,1,13WR8NqoR2U8yGm1OHTbJG9vyeRz-whpY,A/Ancestor_(Sign_2).mp4,2853889
andrology,1,14aqLoIA3v845DzflihbqcbhWDcAQxeJB,A/Andrology.mp4,3913640
anemia,1,1LIJDR9iW1eDvd4E8VZekoOY1mxfTCPu8,A/Anemia.mp4,5663405
anemic,1,1Pb-KzeYMqGatBEWCjWCOrEzJn1xAR0DD,A/Anemic.mp4,2883900
anesthesia,1,1h_bY5wMvzPYQgoSOCu4UYbcjp09vorej,A/Anesthesia.mp4,5550876
anesthesiologist,1,1ExQGhnppArjZccSAhM617bjP8aMElUhl,A/Anesthesiologist.mp4,6048962
anesthesiology,1,17uKol0yk71w3saA464GuHKyzBF78MQiN,A/Anesthesiology.mp4,6741687
anesthetist,1,1wG-TTPAb_0fC3JqNSQ_niWzV9k1scZFo,A/Anesthetist.mp4,6202728
angle,1,1OmCe_RtiqLrc6z5-5YFJ6E2yUn_Sl7gc,A/Angle.mp4,2807420
anitibiotic,1,15o3V0TnQ9t2tyw-WLxR07zd2_4m0kWKJ,A/Anitibiotic.mp4,2633039
ankle,1,1Q64bJNqPtsd7eYfZmh7HE7RomgbNOXuF,A/Ankle.mp4,2537355
anniversary,1,1kIGFIH48EyR4Wu2q0_AyrvaJHyzD6GL_,A/Anniversary.mp4,4828750
announce declare release,3,1z5kyz3w-PMCL_izlvllYq35f5TCmcPyg,A/Announce_Declare_Release.mp4,3575411
annual exam,2,15VaVLvTN3vcc7gsiJcCv1Fn2FEN6Yx5o,A/Annual_exam.mp4,5221275
annual yearly,2,1d4gF5020RNc7HSyfZnsEQr-9BD8dEtA8,A/Annual_Yearly.mp4,2598470
anonymous complaint,2,12u3QQVuJVwKiqGAP7v5cHtzyiGL6N9i6,A/Anonymous_Complaint.mp4,5838423
anorak,1,1ymXD7-Xhan_hqMEGKtpSTodjMiwt5r94,A/Anorak.mp4,4040052
anorexia,1,1ysH1ffGbPq-hq2LRIqWj4V_8MyQUmUzY,A/Anorexia.mp4,4651533
ant,1,1iUaM6LMH8ueomKKFuEPT-KZZ-7xcIvRD,A/Ant.mp4,2547258
antacid,1,1pAW3V38dITUNhAYRGaIvfgpDT4349Huy,A/Antacid.mp4,7818207
antagonist,1,1Y7hh7gXvAxf1JcTSvCG1Pulecr78f0qc,New 2500 ISL Dictionary Videos/Yunikee 2/English/Antagonist.mp4,6160381
antarctica,1,1v4lw5QoXTNkh5MSV65g-CXE6Z-hup9mH,A/Antarctica.mp4,2396663
antedate,1,1rOm2RQcKtTB1xvYrZyd59-bl63ZcBGhj,A/Antedate.mp4,7497897
antenuptial agreement,2,1cFZh6Wq0-uL6lFUytj8PuhZmIMZzN6YG,A/Antenuptial_Agreement.mp4,5516841
anthill colony mound,3,1MMbKyo0Jfv1-kKe5XHB8wxkjtP7rhSrU,A/Anthill_Colony_Mound.mp4,4297669
anthrax,1,1TuslxFnXS1BCFhFwuRkPnjgNwlELpiY2,A/Anthrax.mp4,5880715
anti biotic resistance,3,1F1MaalBTM6tZHMBH9luMcJ9ABHjuFoQq,A/Anti_Biotic_Resistance.mp4,7275450
anti corruption law,3,10uM78MYI8gwnBpJYs6TnSPSZm7mipc-k,A/Anti_Corruption_Law_(Sign_2).mp4,5686124
anti virus,2,1HBY60mF2O5PS2TQx3CrpPxX94p5d2uCp,A/Anti_Virus.mp4,4046615
anticipatory bail,2,1-ZHGp9FMrnUc372stP-mX9IY3TyScnk7,A/Anticipatory_Bail.m4v,5628236
antidepressant,1,1LJkxtLvj1u9bAP5qwgv9aTEKVP5JlFg3,A/Antidepressant.mp4,5931567
antidote,1,19NcTpvUhNg5Mxzh6JrHCyVS_fwYjPP0N,A/Antidote.mp4,5938208
antimicrobial,1,1_NB2k-lREQqjtwU3NRGdbZ7GgCZFii4x,A/Antimicrobial.mp4,5643153
antiseptic,1,1YK4Om68Ee-SVu0jr3xJrhqCfGsyYA9tP,A/Antiseptic.mp4,5625795
antisocial behaviour,2,1kTEksOx9rJZKdXkh8Uj5uGOZKQFf26Oe,A/Anti-social_Behaviour.mp4,3519919
antithesis,1,1gbgq4MDoIr-KUVjt8ydWIgh-2ZXo2cyn,New 2500 ISL Dictionary Videos/Yunikee 2/English/Antithesis.mp4,2931372
antitussive,1,1bjyH5sf7VqEXmGQc2iw7a_y_oY3OTXXl,A/Antitussive.mp4,4578780
anus,1,1LURxhVbZ8fQYbowaJ41i8T43u3VvJSkU,A/Anus.mp4,3373139
anxiety,1,1kmRsCI_KISCqdmJo-E_BXJt55MsycoUw,A/Anxiety.mp4,4196420
anxious,1,1ILdx5OKDp9axlqKf6xOdEPr-vd4fciZU,A/Anxious.mp4,3734853
apex court,2,1MSQpSOJYvvNcDfWCKzC6vKvXVERxLflp,A/Apex_Court.mp4,5416416
apiculturist,1,12iF9aQNOg-LhsLXKyaTUexpPWBI9SyK0,A/Apiculturist.mp4,6733921
apnea,1,1LDimiRHKGy6K_Kj69OZ7CTTsb0s4JaqL,A/Apnea.mp4,6474881
app,1,11NKSp1taJ3EJmY_pykXfSrQh0a7MVVWW,A/App.mp4,1956046
appearance,1,1H0i_T1GfHCzSHrrf5vxxtCC26EeckxP6,A/Appearance.mp4,4402111
appendix cancer,2,1MqzBydsDVZMeWSU30DW-visxuD3gWwR7,A/Appendix_Cancer.mp4,7819051
applause,1,1_3VGzWTNqXuyFOsZv7v7tAHdSlKDAT-D,A/Applause.mp4,1914833
appliances control,2,1rxsl697m138Upq9JnW0alVawr-IGujLI,A/Appliances_Control.mp4,7538357
applicant,1,1_CrKKENeKQyW8gS1rARI7VE7z3o69kJ9,A/Applicant.mp4,2432732
applique,1,1YsAFS8EdOm0hxMFr40vHdq2b3s-91DTT,A/Applique.mp4,5401294
appointment,1,1JLPjeLxWHoeaV_U0okqPVJydodrbTc4U,A/Appointment.mp4,3544470
appraisals,1,1UXe6uWnhw2SGDSt7SzsugpSdQv_uuylL,New 2500 ISL Dictionary Videos/Anuprayaas/English/Appraisals.mp4,4997277
approve,1,1FGL6V2X1Gw-TwvIGO7YQSNho9DiyRiFY,A/Approve.mp4,1385739
approver,1,1xTEpsRjmlYgunvWRWdTyPjezT8mK3Qke,A/Approver.m4v,4981096
approximate,1,1wyR_0-ngrTuRVdCcGO9twbgcOd9fcMMM,A/Approximate.mp4,3676382
aquarium fish tank,3,1eaklv8HCUqebgBfUzBzv4zjBkIAFebeC,A/Aquarium_Fish_Tank.mp4,3378446
arbo virus,2,1HPOZfzZ-gx9VgMCGHCCgzlsqmBqKvAyS,A/Arbo_Virus.mp4,7557152
archaeologist,1,1yVtk-54goHkMaE9nhjd7zvBFxSTJT2CF,A/Archaeologist.mp4,5926314
archery,1,1keNISzltFFYA7WNxqdphblSmI8-x8jb8,A/Archery.mp4,2155008
archetype,1,1FduIxh31osisKCfe8PcHxZzmx_z7wocA,New 2500 ISL Dictionary Videos/Yunikee 2/English/Archetype.mp4,7547195
architect,1,1gkF8GYYrSknIqVi1WNf561l8EFY-6sox,A/Architect.mp4,7287947
argentina,1,18QEnLD3jbmPd1pQ5TN8ePe9fYuGmQdLK,A/Argentina.mp4,1585105
argue dispute quarrel,3,1FRrZaAhoEuZDu0HnbgVmNEsGpkKGuKay,A/Argue_Dispute_Quarrel.mp4,3523295
arm,1,1WbdTKHb9Idn1BEt6bEbUHpbWvlGJi1vw,A/Arm.mp4,2608438
arm hole,2,17_a5ZQuzHVU4KJYT50jmKD5ZVxYM8_uZ,A/Arm_Hole.mp4,6195264
armed and dangerous,3,1aWBeo8jGH6nqZuEWtVhA-7e4eBYwAbnT,A/Armed_&_Dangerous_(Bihar).mp4,2372625
armenia,1,16ZaEdZcIFv5w792PyJdM6bmic6y2aINb,A/Armenia.mp4,1961014
arms arsenal,2,1n3bwZFy7qC1mLvbMdKOsEexMEk2Fm4Bk,A/Arms_Arsenal.mp4,5425018
army boots combat boots,4,1vBJYPSgQcePTnbpsl1h63CTOvoeSsgrY,A/Army_boots_Combat_boots.mp4,2294604
aromatherapy,1,188uIAuIJKO0FjaEQcLwGscF4WnA7mg9C,A/Aromatherapy.mp4,6467719
arrest,1,1zmcAbPivm1vJzMyOnIiE5KH6_J30ChfE,A/Arrest.mp4,3386164
arrest warrant,2,1uRXX5LaiIPAW7c5CEnwktxBiWWxZsVOG,A/Arrest_Warrant.mp4,7402242
arrogant,1,10_diYZP27DZM6z-7deoK6pw5XJG8-IPj,A/Arrogant.mp4,4621022
arsenal armoury,2,1V7RVBzZaedt7_bI5xUJik6Q1akaGZWyV,A/Arsenal_Armoury.mp4,4688485
arson,1,1TxBncg7-bx56eBKktASztKcfGi62ZfK2,A/Arson.mp4,3605349
artery,1,1I_EqcnzFURuXg-C9zNqH7KKfADm4nIi0,A/Artery.mp4,4636754
arthralgia,1,1dYwpCUOL-738pMFncNIhavdqyGFrRdxg,A/Arthralgia.mp4,7278456
arthritis,1,1ksrt8W51UbNPBl1my6IUaTk-HNtvMEmo,A/Arthritis.mp4,7282773
articles of association,3,136CMPcH0avHPwLS0RhfXKbJVXEQ2PDK9,A/Articles_of_association.mp4,3737106
asbestos,1,1jLn5YM0-DOA_Nyg-GV25bldsEJD-Ionz,A/Asbestos.mp4,3890551
ascending order,2,1gA8TGpYu-fJX96gxzG1zmYpjujuvRAi4,A/Ascending_order.mp4,3293266
ascetic,1,1ofI9deie3YeW8NOCQQejNMtpDYu2rUIs,New 2500 ISL Dictionary Videos/Yunikee 2/English/Ascetic.mp4,3797808
ashamed,1,1HDVzm7qGYYJNs-N50HnkE3RHZ9gEw1MS,A/Ashamed.mp4,1835600
ashes,1,1fXK8b4iOZnnxnR8KmLtLSs4HXlh00AUJ,New 2500 ISL Dictionary Videos/Yunikee 1/New English/Ashes.mp4,6043696
asphalt concrete,2,1WgW6LLXnpnl2UVKwWQW24iCj-Khs-hnA,A/Asphalt_Concrete.mp4,3889152
asphyxia,1,1EqWL7V8IZawAfQrUxYahJV3bCE0djNMH,A/Asphyxia.mp4,7257404
aspiration,1,1Zyf99yRJVncuVg0ps67cv5UBExhbaWxQ,A/Aspiration.mp4,2237855
assailant,1,1CnCo5qCqdmgt4-kTd5CT53nYT_-IlCKK,A/Assailant.mp4,6399603
assam tea gardens,3,1EuTTc7hK8s4QMBdPJRfPS0eDO9ZhInlA,A/Assam_Tea_Gardens.mp4,2856774
assassination,1,1QZpvTVWS0cS1LnBLdJcXbEJoEBC3Yt7Y,A/Assassination_(Sign_3).mp4,5623695
assault,1,1yqCjJA1Uo0Osu1LGMHhVgmUnQSEV9mS6,A/Assault.mp4,2351024
assess check investigate,3,1Y4_Dmhx2hktTQmih0JYZI9HMC_OoaLGW,A/Assess_Check_Investigate.mp4,2241836
assistant professor,2,1le5j32yDOxTgmCOWzXnAlaeJszbftNMg,A/Assistant_Professor.mp4,2721552
associate professor,2,1OdaRKfD95ER2VnMOk_8nqMywr79DWfQ4,A/Associate_Professor.mp4,2704462
association of sign language interpreters,5,1Wdqq6hsS45DoyOTPhXsMGqQpMD6x0swr,A/Association_of_Sign_Language_Interpreters.mp4,1964768
assonance,1,1O2d4MwZgz3HKeDX4MTI08DY35qxUkmGs,New 2500 ISL Dictionary Videos/Yunikee 2/English/Assonance.mp4,6874109
assume,1,1TSJq2q5jXEtFxDs6pBt06cwV6UZE9pJ_,A/Assume.mp4,6023985
asteriod,1,18qL1wh0BRz_IXsrKzCFpqI8DbaJuevUK,New 2500 ISL Dictionary Videos/Yunikee 1/New English/Asteriod.mp4,7635318
asthma,1,1K1QAJhjESJLd-D7K9zCLBmVF5g3kMVAN,A/Asthma.mp4,5259785
astronaut,1,1RwlwRARybnJHSR1feb0ncHN4UsSya-pO,A/Astronaut.mp4,3525958
astroturf,1,1dkrqyxrtRFf-q1HxxqdcNDJzCRUVH3HN,New 2500 ISL Dictionary Videos/Yunikee 1/New English/Astroturf.mp4,4325144
asystole,1,1QEqlEGBjAPn-KHln4hKLQ4orJPN-OguW,A/Asystole.mp4,2442344
atharva veda,2,1_Cby_We-3pMS_AU8Pn33EchpoWtCfjf6,New 2500 ISL Dictionary Videos/Yunikee 1/New English/Atharva_Veda.mp4,5510690
atheist,1,1cQJTFEFhW1BRDo9V-T9vlRc5UqXr2_rs,A/Atheist.mp4,3868875
athlete sportsperson,2,1gVMaJfxYyOHo980La8inG1L7-4yY5ze2,A/Athlete_Sportsperson.mp4,5575740
atlas,1,1sOnrkrY6E5VxfYQCx2LVSTZZ1tmHvuH7,A/Atlas.mp4,6219704
attendance record,2,14E6kZAUy5g2B9NaaneWPMEKzeoe5pGmr,A/Attendance_Record.m4v,1358396
attitude,1,1FJCvdt0agw1ZSZmExTy3N9sLfLynNAZU,A/Attitude.mp4,3365658
attorney general,2,1w7QkcsnsRjXN5Jk2bGgIsnKxVQtx3iQj,A/Attorney_general.mp4,1511203
attraction,1,1sqNIXsnQ1Bt4eEn0BNw86_FZQC17xTiD,A/Attraction.mp4,7824512
audi,1,1qh-l49sebsB2JlBX75TQDdYOtyssrTTP,A/Audi.mp4,3269579
audience,1,1zLWE1Bx9uCKY4aVf2THACjLbZgQHdK4_,A/Audience.mp4,4529723
audiogram,1,1sOMIFnJLwiic_UN4f3jkd3JTSumaeJwN,A/Audiogram.mp4,6938716
audiologist,1,1684o07u9hja34PHFAQR3pS7IWOsC9oF0,A/Audiologist.mp4,969894
audiologists,1,1SjGNtRKnyMIK48Qq4kEgGFrOGgR7M5RK,A/Audiologists.mp4,4716214
audiology,1,1eMYU_asxwn23VP-ttj8IAlfHffWghOBe,A/Audiology.mp4,4449854
audit auditor auditor's report,4,16iXrhLmkNKQbmk6JH39wSz-be9qLWz4U,A/Audit_Auditor_Auditor's_report.mp4,6779827
auger,1,1esCK-bOPG6quj1h9lBtVKqKibKYccW4t,A/Auger.mp4,3927239
aunt,1,1fL01G3K6C8BBNehFqfI0SG682W7tgzJb,A/Aunt.mp4,3260986
auscultation,1,1I3xT9QbcBQXitVrKyvb82RlIhOLe1WZb,A/Auscultation.mp4,7690745
auspicious,1,1PhZj13Rlte9DH_hj7jm26rGgoPuHkgf8,New 2500 ISL Dictionary Videos/Yunikee 2/English/Auspicious.mp4,3759854
austerity,1,1lPwcQzzUcAsfIM3PEZbsMEs8rHJQqfcG,A/Austerity.m4v,4569444
authentic original,2,1Qlg92XzLooGpOM3w20F5yB41HnJXDjrn,A/Authentic_Original.mp4,2195638
authorisation,1,1gzrYuA34NLKYLEc-4U24n4nDZf8nsLe9,A/Authorisation.mp4,6984939
autocracy,1,1N5uTpQ1iwfQYZ76MZptCF9avChxo8o3t,A/Autocracy_(Bihar).mp4,3755408
automation,1,1Wig1tnD7kDP8Fw32qD84Dx8hvGOihgCH,A/Automation.mp4,4742615
autopsy instruments,2,1X9JC1E4D7hL5qvYWNFAkoHEeVcLhTidu,A/Autopsy_Instruments.mp4,7144513
autopsy table,2,1NMqiqmerNHfAD5enGxBRcdNlU-O9yj6Y,A/Autopsy_Table.mp4,4083817
autorickshaw,1,1RLKgrGuM-XPNQ2v3v6pYikCtESUJp7oN,A/Autorickshaw.mp4,1839107
autumn,1,1et15J3e7ubS4vE4HDDFXeWm2H0G-2SYV,A/Autumn.mp4,5207583
available water capacity,3,1mq05AHuPwRNZ1lLJEdYnf8lbWeV85Kyd,A/Available_Water_Capacity.mp4,7286671
avalanche,1,1thBUhjo-OKxTvks_OksgiX2jTUpShNAp,A/Avalanche.mp4,3619954
average mediocre,2,1IxHTYWajHYWq6ZtD51l9IgQzeRA0IrAG,A/Average_Mediocre.mp4,1851611
award prize,2,1ZZ1si3fZxA988hxh3_ZSF59UubOmBaF8,A/Award_Prize.mp4,1780534
award prize trophy,3,1pL4RLCFxEqGiYcWLNP05iZupbNjpuJw-,A/Award_Prize_Trophy.mp4,4309248
axe,1,1ifJ5z42GtEsFSRlb08O_GvOP35rhP2kh,A/Axe.mp4,1880952
axilla,1,1r3bH5G3OkScyLkewKAW0TpgBZmmGHt9p,A/Axilla.mp4,2022408
b com,2,1kr5rbB7E3o2JqocrWXQi4eiTM8wxyg0v,B/B_Com.mp4,3236735
babbling,1,1iPECU0s_vH6_bHLvt9PLG8Te3yH4ih1q,New 2500 ISL Dictionary Videos/ISH/English/Babbling.mp4,5897644
baby bot,2,1XB98DdU6dlh9ahSf0ddUzKhpXfWQ1TWi,B/Baby_Bot.mp4,2336386
baby cot,2,1ypSJF6VQEZFVmLQrwgPaNxVELUzqY2CS,B/Baby_Cot_(Sign_2).mp4,6576475
back behind,2,1B-lWHVpDg3NAj6JkRdKaysmmSIVvhX22,B/Back_Behind.mp4,2814254
back go back reverse,4,1H2t9xxN_VD4Gzl6l9StfDSf6GPNi7xNV,B/Back_Go_Back_Reverse.mp4,2905366
back hand,2,1fi5D1qIN2dJr_WRAc3936pbxSHPxXfPo,New 2500 ISL Dictionary Videos/Yunikee 1/New English/Back_Hand_(Badminton).mp4,6303046
back return,2,1KyeMTv78u85XbVSN69gH04XPUeXfNOVL,B/Back_Return.mp4,2329025
back up,2,1SADzUhizqBUifyR4sKTSdIyttTVOzccq,B/Back_up.mp4,2111560
backache,1,1B2gzGWwuGDe_s_F5IIuElqeB9WE4NDiw,B/Backache.mp4,4318727
backhand,1,17dLmgRtFJrb6pG-QIjf74Lgq0v9_bq-V,New 2500 ISL Dictionary Videos/Yunikee 1/New English/Backhand_(Table_Tennis).mp4,5044629
backlog,1,1wGw5E2-IhNa0WkgkZ6Pa6EAtwa0BKHnd,B/Backlog.mp4,7003713
backpedal,1,1G7Iq6ONDo83337r1lJL_37zAaCWov1TC,New 2500 ISL Dictionary Videos/Yunikee 2/English/Backpedal.mp4,4369524
backstab betray,2,1PfFVMq2KPlKRN_YXF4Gb679m6HdeDbxt,B/Backstab_Betray.mp4,1859015
backstroke,1,1tUtz75-r0o4gEZM-QnYBRtGsUHcpKWKY,New 2500 ISL Dictionary Videos/Yunikee 1/New English/Backstroke.mp4,7186038
bad language verbal abuse,4,1bUyVaOgPb-XupKyU49s7Yr88uDASaQ2K,B/Bad_Language_Verbal_Abuse.mp4,2300250
badge pin,2,1WcuZc-1DlEvmVZezQJXeJy4tVdDkSQPc,B/Badge_Pin.mp4,5414720
badminton,1,17lLRHnDVYA5CIQH1ChecpJo6WkbAJ7wZ,B/Badminton.mp4,3958804
bag backpack,2,1SSOhOa_xHHlaBjrgAgUHhMHf3QA1GXGh,B/Bag_Backpack.mp4,5361888
bag mask device,3,1Jq8eXGqohMam9rJqxTnxv3BlImnDepTY,B/Bag_Mask_Device.mp4,6471432
bag sling bag,3,1RDl5jUFUCi8lvsg94yvaEHTVllFQLyiH,B/Bag_Sling_Bag.mp4,6825403
bailiff,1,1HzUYalMsRE6zn4TQr1X5YEvp06k-qKRW,B/Bailiff.mp4,3762596
bajaj bike,2,1VPV-Ul8z29_X1TLsnzBn1tyCch1ZtaJN,B/Bajaj_Bike.mp4,2430279
bake,1,1tAot3IJVcu-TGvfrQZ1p1xJ8ZpzWIfoK,B/Bake.mp4,4578836
balanced diet,2,1iUENOfztVPTrTcAP5W9lexn5hspOP4e0,New 2500 ISL Dictionary Videos/Yunikee 1/New English/Balanced_Diet.mp4,6999283
balcony,1,1M4HHz0xp5ETNUz4fwxrRTI4YDRdBgPuI,B/Balcony.mp4,6033642
bald,1,1MSGdHogbJ7i6m7SRanzU8z26vhZTFpi2,B/Bald.mp4,2411463
baldness,1,1zxjs3arSV0m7pDQp0BfiztKgYphRSdc_,B/Baldness.mp4,4313277
ball point needle,3,1-9AM-S1Jw9YPYAeghovRtgiY3Z_eYvX_,B/Ball_Point_Needle.mp4,4711373
ballard,1,1C3hClttfn6S4dj2DPsR8CYTWg-XrrUys,New 2500 ISL Dictionary Videos/Yunikee 2/English/Ballard.mp4,3398503
ballast device,2,14KnXQNEqcOQIwneqHQT13wQBnACGF_GS,B/Ballast_Device.mp4,4682334
balloon,1,1R4LqkBe3evOb1TeYmUtsRWMS0062p1Yn,B/Balloon.mp4,1692979
balm,1,1vUcY9O8HiJKrFYWXyQ3qi1a3Bf4_NS2p,B/Balm.mp4,3563540
balmacaan,1,1yjf5BEXWJHSCa_nz2hJqJzr7JKxMG2tN,B/Balmacaan.mp4,4850599
baluster,1,1e_vb0TKzsVFJP3vJPlZwF15SdUHGZ8W2,B/Baluster.mp4,3349862
bamboo,1,1CDTcXK2ida-Qbbr8_rSJyQqHDxLHcH4A,B/Bamboo.mp4,3182838
ban,1,1J4S8_sNp9qPWPsm7uLDEUxtRG0m8cYSR,B/Ban.mp4,3427949
banana,1,1tyAKJJJUMCaZxO5jflFUZW1silvNqyzu,B/Banana.mp4,1885517
banana tree,2,1xl_Vvu1Z_34UdHklEfXrd_P78C33iOlr,B/Banana_Tree.mp4,3242849
band collar,2,1Uh4Q27ndVcJ3tHWQGZnh3fIEbwzHBjT6,B/Band_Collar.mp4,3097624
bandage,1,15zP4zSKpn8EP6LEr8FDO80V-G-t8tM8a,B/Bandage.mp4,1757147
bandaid,1,1enCMPv8pmh8rFlCzyxbfDHJRPdjPg4Pb,B/Band-Aid.mp4,2624138
bandra to worli sea link,5,1bEDUJKhPxSxoM4m8sy_2pl-baGUmHM2p,B/Bandra_to_Worli_Sea_Link.mp4,2473113
bangladesh,1,1lkhleF1BhuKNx8BkW7b9tIW0G3hWgV0H,B/Bangladesh.mp4,1987534
bangle,1,1QanmtbvaeLgEYAu2I-hF7zroFUzVYqs5,B/Bangle.mp4,5835199
bank branch address,3,1yJcOn7YaHu5Q9SUiIQNow1oFZCu8094L,B/Bank_Branch_Address.mp4,2419546
bank of baroda,3,15nJWtITv_xPCdRAz6yit_zMdq0o9zsFK,B/Bank_of_Baroda.mp4,2389718
bank teller,2,1d4yOdePnSJZ6V4tDV7We4T_uDlzwiD6B,B/Bank_Teller.mp4,4041258
banker,1,1rrEIVykT6LubL584euWEC50_StOaWfvx,B/Banker.mp4,3827402
bankrupt,1,1cRPiedkPJ-ZStKqpbQfT5V5XZoP6R8xk,B/Bankrupt.mp4,5123864
bankruptcy order,2,1-fYsIzWrja3l4VEm3cG0sPgpiNN5cjPs,B/Bankruptcy_order.mp4,6310952
banyan,1,1JvX2_TSxlkASm9M7x9AlB0IVEbfSQQ4e,B/Banyan.mp4,3597580
bar examination,2,1l2wce2iSjfIvDWQBMDIaVJwILznx4o8I,B/Bar_Examination.mp4,5538526
barber,1,106MgypuGz5IgQBHnBJFFFLXHBn9evaVH,B/Barber.mp4,5101892
bariatrics,1,1DXZdTwFEJJwq8DC-VodVO1VfPVtV-R6f,B/Bariatrics.mp4,6730523
bark bowwow woof,3,13vJNopkwrJPA8qpVp7EhnkCn4IOFlPbR,B/Bark_Bow-Wow_Woof.mp4,2440437
barrier,1,1K4otaAoLZw7HBG2YaXhDTvJd7RsHFoRW,B/Barrier.mp4,3587895
barter,1,1ZuZb916iNb1XXMqYbwVcfDcrLTRJpmIb,B/Barter.mp4,6785013
base and height,3,10g7O00aKt3i3eWyBR4zqVKvONwwEeg7W,B/Base_and_Height.mp4,6049637
base board,2,1GS7CmRwVBFWgmjmQVAU2cGPexYjrJNT3,B/Base_Board.mp4,4096350
baseball jacket,2,1zoH2J_m_yDv1q5vCbZofNrcGqoMX2fEw,B/Baseball_Jacket.mp4,6461632
basic pay,2,1RiT6ymQnDg_KkASnMwZ9hlsyQxXohkhG,B/Basic_Pay_(Sign_2).mp4,4947244
basics,1,1UkiemVyxXVws4URACpvnH1i7BSmkmZzM,B/Basics.mp4,3768262
basil,1,1yqKFMzuTBjPLLFWnTACCwmGUa7Y-xqsB,B/Basil.mp4,3240901
bateau neckline,2,1eZKP-ESY-cWMSd07y0ligW2MhfLsfEIA,B/Bateau_Neckline.mp4,6158344
bath tub,2,1BbHF75un-RR4b2rFpIdKH0x-imJxm882,B/Bath_Tub.mp4,2436803
bathroom,1,1OxmZKYsMe1YUE87HooNl9g9UtvXyAC6R,B/Bathroom.mp4,1978002
batman,1,1bd0yxAogLysBmWH_ecxCWdrQueMncf3t,B/Batman.mp4,2708220
baton or night stick,4,1Pud-OtQ4lcnbiEbmMMx7xG7GBjSnvIdq,B/Baton_or_Night_Stick.mp4,5746679
batsman,1,1eds1PE1apsRqRQJzCh2zagEG7QUmWOgG,B/Batsman_(Cricket).mp4,2570170
battered child syndrome,3,1oyLHaNtip2zdaKdP4NiIYu-9DC4QLGah,B/Battered_Child_Syndrome_(Sign_2).mp4,5386573
beading needles,2,1J40zAi_9wJymO9klaUqaeCa-1PFcI2fT,B/Beading_Needles.mp4,7819740
bear endure tolerate,3,1d420G_O-QZ44VUD8VKeTOYPBr9FaV_mA,B/Bear_Endure_Tolerate.mp4,1864984
beard,1,1LriPsuerjOSeg1JZF3tqZSH8d88M2qeq,B/Beard.mp4,2026512
beat triumph outdo be victorious,5,1OY8VNThqLJuuN6MeqBsp8te2aeyXJ04U,B/Beat_Triumph_Outdo_Be_victorious.mp4,2962587
bed cradle,2,1TAFTECcUYcJa3Ds1i0wpoKq8UCT09C2l,B/Bed_Cradle.mp4,7441724
bedpan,1,1vap-XAuNSGrKeI6oAaClHKQ4x2l2zcge,B/Bedpan.mp4,6805901
beehive hive,2,1azFuTr9enxbkX9mrFJUQsE7KuImDD3Z4,B/Beehive_Hive.mp4,2916649
beer,1,1eO_1_5aO2ookIaZy8xeSW9JLnR931uVw,B/Beer.mp4,1587524
beetroot,1,1qMaoRHbE-gvlh7ihZeLbd49oL9EtXv7J,B/Beetroot.mp4,3032280
before hand,2,10xwrSErvsTGw6yiNyKbYZU1SLytMxKey,B/Before_Hand.m4v,5939958
behaviour conduct manner,3,1VcyxSrs3xGkF_39M7y-h_lc8ylMHPBU6,B/Behaviour_Conduct_Manner.mp4,4972526
belgium,1,1tOY0VAenl0gG2v8vgeksVR2SIJ1uvaI4,B/Belgium.mp4,1507753
bell,1,14v8MvUgyi_6iW6dTL-QI-AwWXofqm5L5,B/Bell.mp4,2271945
bell bottom,2,1xiojpHh-HhRpAC808-bePw3w59J6LOgX,B/Bell_Bottom.mp4,7466035
bell sleeve,2,15logCzLQ1uB4A0T5-_jHz_kgbGvPHzh5,B/Bell_Sleeve.mp4,4494876
bellboy jacket,2,1C_uzX9__FZmGmvSDhDOQsZ4DeWihe8RS,B/Bellboy_Jacket.mp4,2493579
belly button,2,1PrQQHGQzkW4-1n1ezeS55b5Xvzpo6p4_,B/Belly_button.mp4,4043155
belt,1,1caSZJq3kbSs5TtcAI_sakPOXe3YJG95q,B/Belt.mp4,5241767
belt loops,2,1tKWNPIEHgFDiiqvC1HsUHdMaPv8ujsok,B/Belt_Loops.mp4,3778540
bench,1,1iCovu2VDin8juE8vYUNE0KHlUQ7BpBxV,B/Bench.mp4,2639259
bench press,2,1WfHR-xDhdcwqwc3N_vh-afZeAdkGtDG3,B/Bench_Press.mp4,4381499
benefit profit gain,3,1-_xEHfiRwm4K74n39Bhs_507zEaxFgNe,B/Benefit_Profit_Gain.mp4,4533478
bengali,1,11Fv5mahBbLKWmvwgc7Gi5z5ybRiPkCjk,B/Bengali.mp4,2425171
benign,1,1PuuLfPmHqVF1WPkx9Kip2FOGFfrwTxNG,B/Benign.mp4,7033596
beriberi,1,1b727z_nn0YH27w5_44-NvB7XstQ10Vol,New 2500 ISL Dictionary Videos/Yunikee 1/New English/Beriberi.mp4,5740453
bermuda shorts,2,1NI2rxL9LwNS9NkCVkudGBIu6RRmuahx8,B/Bermuda_Shorts.mp4,6624913
berth,1,1JXyLedHt_0keHmW5-IWD1JbMUl16c-yE,B/Berth_(Train).mp4,1823402
bertha,1,14NHgqyOWQiA4swVtbMKVh6_vkmpOJtmu,B/Bertha.mp4,4758110
besom pocket,2,1ojbxEp8odTyJ7qJSpnE7-OxGYCU0z6of,B/Besom_Pocket.mp4,3639600
bestiality or boophilia or sodomy,5,1bDTzZADOgwJ990FtrBEmJAcXKVIdrPhX,B/Bestiality_or_Boophilia_or_Sodomy.mp4,4591931
betray,1,1xcK-nRUTHOTGanuN4_e5qFbUVXPYI8ak,B/Betray.mp4,1577103
between in the middle,4,1sxj0C0YNH7b7jerG0pvUQtl_FpKF--kU,B/Between_In_the_middle.mp4,2771209
between middle,2,1bLfTxjN2rMPQAL-dyOvDSXqi1vUGi6Oe,B/Between_Middle.mp4,4731238
bewildering,1,1CHhKP0qMyW7D5wWEwYEd9EMIfiGSGN5R,New 2500 ISL Dictionary Videos/Yunikee 2/English/Bewildering.mp4,2690193
bias cowl dress,3,1t6xSnyynFsT7xUDOtn4pJoZI2Lf0TEzJ,B/Bias_Cowl_Dress.mp4,4633360
biased,1,1ZJmXVOs4dfSsbKJQxqlbWjKzPCbLxnnl,B/Biased_(Sign_2).mp4,1980913
bib,1,1PUkfB1ANdV0cjqASY325WDpB8KcNbHxp,B/BIB.mp4,2767583
bicycle shorts,2,1jjBOX-aHl9SXJ7rIFBQebCOJ1vy7O4Bn,B/Bicycle_Shorts.mp4,7263161
bigamy,1,1uUx56JrRg2gjvRvSNvSR6kJNak5fADH0,B/Bigamy.mp4,2128851
bike motorcycle,2,1-m6t67vpy2DdRnEALHZ8pnflxCqC8g5M,B/Bike_Motorcycle.mp4,2417122
bike silencer pipe,3,1W87ckow4c9hk9xdU55t3_A2SRZub80Kz,B/Bike_Silencer_Pipe.mp4,4043089
bike suspension,2,13ScuQxzoVE_rsKB20L1zpypXcZZe-spc,B/Bike_Suspension.mp4,4921844
bile,1,1E6zt0OMm7oZuHim82qljQ84fxSQ9-MKp,B/Bile.mp4,7282610
bilingual,1,144l2aNTvcgahJqRWmrtM2VYO76LSHXfO,B/Bilingual.mp4,4178563
binary fission,2,1MPjDTRlF3rhScb4OgQjkAxNwyySUL9Rg,New 2500 ISL Dictionary Videos/Yunikee 1/New English/Binary_Fission.mp4,4860663
binge eating,2,1j8_1ECoL5JWS63sYV0-z4B5pCA0zp4Yz,B/Binge_Eating.mp4,5179571
binocular microscope,2,1oNg8lmCncfqW6mI3C30T4s6NC_wdIeFN,B/Binocular_Microscope.mp4,2765733
biomedical scientists,2,1lnuRMwFkZboLTm_jV_jtiiiXOcmdHLL7,B/Biomedical_Scientists.mp4,5818188
bipedal robot,2,1ND-6dR7VNksBztHtr9l-qJ_1bMfFGeGj,B/Bipedal_Robot.mp4,4866917
birds,1,1wnai_jaejbjOlYoCeN97HOZpf0ZOZ_9E,B/Birds.mp4,2648558
birth contral pill,3,1fRDYwvDg2lpKcVMlXwGTBjUi1KoyKGlm,B/Birth_contral_pill.mp4,4042203
birth defect,2,1eIXeS8oQyy6hjYvNHy03jFLsu9ul7EjX,B/Birth_defect.mp4,5399006
birth rate,2,1Udaja1ImdJvBg0oFlJo95wNikSjB5xGh,B/Birth_rate.mp4,6109731
biscuit,1,1O8NE3mA7FIY-oO9abTZwnq_oVx6VE7aa,B/Biscuit.mp4,1543067
bishop sleeve,2,1r82PqIC62Ox8IVo8Oxt96VslSmf4ha9P,B/Bishop_Sleeve.mp4,3801472
bite,1,1xUkljhUZUc_jHlJuLIWsTufD8r7AfnyX,B/Bite.mp4,6620184
bitter gourd,2,1e42GwJhTHx0WZY5CGzkvKBKXcliAEyca,B/Bitter_gourd.mp4,2088841
blackberry,1,1nWUSTuAxbAVbU5AerCNQAUtrsjxmTpao,B/BlackBerry.mp4,2442177
blackboard,1,1s4d2Q5W6AHD-Pl2QeIp8lpYDZN0yV8cG,B/Blackboard.mpg,3381252
blackboard duster,2,1m0oJV-DRvHoZ1OiSQuHsjZGOEyqXImGF,B/Blackboard_Duster.mp4,4055736
blackwater,1,1CRyZXcnnKIOl2nfUka6OqCYRM6OEnvfK,B/Blackwater.mp4,6479157
bladder,1,1oCZ4O-_VUCLRq5ebm8tHM7iz3N7003OT,B/Bladder.mp4,7556859
bladder cancer,2,1QWLQdCvsH9ioGfRfuE0GHFO2wKVe3OHb,B/Bladder_Cancer.mp4,7291214
blanket,1,1oGp8ClbNGmDnpoEVB0tCVIhGb4ul0Ms2,B/Blanket.mp4,2137738
bleeder,1,1kEplZZTPo5vK6cdn6qeTf5qCNFZQdV_N,New 2500 ISL Dictionary Videos/Yunikee 2/English/Bleeder.mp4,2784734
bleeding disorders,2,1pT1Ul4kr2GmCNGBlK_fCqKCFollZSant,B/Bleeding_Disorders.mp4,6452965
bless,1,14fHn1SCeMszpNZP-zTGii6TT-aQ4gqXo,B/Bless.mp4,5559275
blind spot,2,1ccFUEs2hh2vg0_0NYJu5yULXHi54d8ee,New 2500 ISL Dictionary Videos/Yunikee 1/New English/Blind_Spot_(Eye).mp4,3760327
blind stitch,2,1SU1n2y5ILYHGqODJVvcuL_mpt2dpBb65,B/Blind_Stitch.mp4,7406674
blindness and low vision,4,1XG4lGwpdUnmF-yz3fwNltqUsslVNF5CV,B/Blindness_And_Low_Vision.mp4,6382104
blinds shade,2,1-D7jwJ1MAB8WpEFf610rr1x1_Izpj-zO,B/Blinds_Shade.mp4,3758021
blocks,1,1GFimFfOQXG6HxvWPHEe3v1w7LyCHmjgF,B/Blocks.mp4,2858871
blood bank refrigerator,3,1SihDPN9Lgh9XWMGMNp_ty4E3PoIpDMi0,B/Blood_Bank_Refrigerator.mp4,6061118
blood cells,2,1UqlBEn1DyZhtCDDJIPe-P8e9ancupHLr,B/Blood_Cells.mp4,7051981
blood infusion set,3,1ZbgytWY0ZajUS3qqYvKkZ5VBF1JVEEEY,B/Blood_Infusion_Set.mp4,6542950
blood lancet,2,1wn2ocx8mK2N3cy8jNp1An1glhv_Us9hh,B/Blood_Lancet_(Disposable).mp4,3537558
blood pressure,2,1tcbI7PQCU2FdxL2mYpyloAU9wJGghZCC,B/Blood_pressure.mp4,5165804
blood pressure cuff,3,1eKIR8vZJXe4MEp3cxLn7dp2ZqIL6nqmn,B/Blood_Pressure_Cuff.mp4,4582801
blood transfusion,2,1P1_RXv8b6LIUkfEA5cSMRyGmBAw6EyWv,B/Blood_transfusion.mp4,7018295
blotter,1,1nTzQPL3eVMmcd3KSQDlDP_2i37hzVkM5,B/Blotter.mp4,4831444
blouse,1,1I1OZbhQ-HiqrDWUnt8fEfScu9JTqrUg_,B/Blouse_(Sign_1).mp4,1971620
bluetooth,1,1E82O_ZdxW9HkkEEjXidszXh8FyfbEJBa,B/Bluetooth.mp4,2024482
bmw,1,1TJrz137cEoky05l2j94Jn_AwsoPyK4-f,B/BMW.mp4,2703584
bobbinet,1,18LPJHVPN8nnycctkNQ7O4DNIK-WDxFgD,B/Bobbinet.mp4,4371936
bodice,1,1CHIPZ1dIIbQwnWqRo_K3NaHs0JoEyvdC,B/Bodice.mp4,3656453
body piercing,2,1Iqbkfp-JOlsuWC2gNqIcFapFpozOPe_c,B/Body_piercing.mp4,3630087
boil,1,1T_bq-15aPdSiTLAVWoO_0c_a3ekUeswW,B/Boil.mp4,7558627
boiled,1,1c6GejNRBjGNiHUNxW7eBuNvgaphkXfaB,B/Boiled.mp4,6795116
bold,1,1JRbK8uKAefmAtvhvT2EpdpL8vhi26ORB,B/Bold.mp4,7426000
bolero jacket,2,1D4hb9ZLAxDtxs-5IEErbtn4U_M7ZDuFV,B/Bolero_Jacket.mp4,3628496
bolo punch,2,16gTShlMM8okfIE-1e8I7plE3Fj9F0xUX,New 2500 ISL Dictionary Videos/Yunikee 2/English/Bolo_Punch.mp4,3567472
bona vacantia,2,1apLMageiTOUWwPvsKXYkhcxeyV0uKDPO,B/Bona_Vacantia.m4v,4087823
bonafide,1,19nhNUmwFDGglpj5Hx7Ihrbk5-ejBahzn,B/Bonafide_(Sign_2).mp4,5632760
bone,1,1XPbiHjg2XZEL2eRdhGF8dII1TEurqMTE,B/Bone.mp4,2701368
bone cancer osteosarcoma and malignant fibrous histiocytoma,7,155p602SoUQiaFjjA46Cx8k08vxsR3zKZ,B/Bone_Cancer_Osteosarcoma_And_Malignant_Fibrous_Histiocytoma.mp4,5342616
bone cells,2,1iPGCP53Y8k3lZHfhj6Tdd2dquTHsOtYF,B/Bone_Cells_(Osteocytes).mp4,7237794
bookcase bookshelf,2,19xjK5pY8YAJE0rySMkutZegHgIQ3HKIa,B/Bookcase_Bookshelf.mp4,3002240
boolean,1,1WgglkqBuxN5mOY7H4NRGhBbWpAIHoV-_,B/Boolean.mp4,4580633
bored uninterested,2,1PZAelTSM3EUXDKdJ-zkY6jCdO14bz15Y,B/Bored_Uninterested.mp4,2455891
boring machine,2,17JQ3v6R_DlubOx7TvcQur_iRKcAqaTYC,B/Boring_Machine.mp4,3230710
borrow,1,1b5ktxj7kcxdmcE1fcbav6Nhn1791jzMe,B/Borrow.mp4,2319282
bosniaherzegovina,1,1wn03IJnF02Ke3ji8a9Ohf3EUYQYfeVid,B/Bosnia-Herzegovina.mp4,2000153
boss,1,1WTKEx8dYlqPMgkouifoLNnWv_fhvI5qm,B/Boss.mp4,3634832
both couple pair,3,1_Y1GPwa2EGnVpHu414oAK7uZR6mImamR,B/Both_Couple_Pair.mp4,2154681
bottle,1,1rNTefV0wTZqRw2EfjM3Mjba21u8Gbqbe,B/Bottle.mp4,2633709
bouncer,1,1E7H3IrGVQGWQW2rGqQ-7fM5ixIDmzp3D,New 2500 ISL Dictionary Videos/Yunikee 1/New English/Bouncer.mp4,5004258
boundary line,2,1oOo-s3rNkneJEZ_In_3bqHfcOkddE7RD,New 2500 ISL Dictionary Videos/Yunikee 1/New English/Boundary_Line.mp4,7171501
bout,1,1QSO2aJxST9qp6ZAOR25cgkfHZXXAJSBr,New 2500 ISL Dictionary Videos/Yunikee 2/English/Bout.mp4,2613675
bow tie,2,12EX1K_HV3aAZw3eoGPs88xVEBP-v7RnT,B/Bow_Tie.mp4,2759024
bowl,1,1CG5KIGZ1txVLb0HB8-kugtINs7CBq_0Q,B/Bowl.mp4,2634575
bowled,1,1TpWZsasA3i1J8UGlrX_Z5_7ykPBZIWKY,New 2500 ISL Dictionary Videos/Yunikee 1/New English/Bowled.mp4,2200742
bowler,1,1Da9-OTURkeAHmQwqGokqbx3IKQqCDyOX,B/Bowler_(Cricket).mp4,2056835
box pleats,2,1q7ZVm6b-8g2VxLobd0sfSfbyJ8iJhHmQ,B/Box_Pleats.mp4,3083424
boxing,1,1w4GSPnhNUrusK4IeufO3UaRLRXDPmpSJ,B/Boxing.mp4,1651323
boxing ring,2,1mXtLxSg9v67-SHEgF8DCbdhI-cSpUBpJ,New 2500 ISL Dictionary Videos/Yunikee 2/English/Boxing_Ring.mp4,4474912
boyfriend,1,15OhjRdkJwSJOCr0l9F85qD8mG3G0Jul2,B/Boyfriend.mp4,2296708
brace,1,1-7j43KvxhACogRT_QLiPe0EiKkI3zMRS,B/Brace_(Sign_2).mp4,6561388
brahma,1,1N6-u2fuY0Y_30iNVJWolLEMw5CC7qjnX,B/Brahma.mp4,2404228
brahmanas,1,1FthnxCmnOZOmp_U59mo48v6-nG10DJuE,New 2500 ISL Dictionary Videos/Yunikee 1/New English/Brahmanas.mp4,5743036
braid plait,2,1IAxCxYwCewd_wB8pSEMXdskWVzOCqLEm,B/Braid_Plait_(Hair_Style).mp4,2602913
brain and spinal cord tumors,5,1P6BRM74KudjJdHArtChUr6dEJsYLKHxP,B/Brain_And_Spinal_Cord_Tumors.mp4,5663604
brain injury,2,1UiB_XDobVsmJD0rso71_zIXSOlOSMAJ_,B/Brain_Injury.mp4,4806629
brain stem glioma childhood,4,1UwACCWjKTHBr1406j57mE4W16fcLowoZ,B/Brain_Stem_Glioma_Childhood.mp4,6428835
brain tumor,2,1rw0h5-Mam7LG_jyNbbnn60s6XKh4Ke4L,B/Brain_Tumor_(Inside).mp4,2993815
branch subdivision classification,3,1PYc4fabaA8vZ1WkBK06nZF7wAIHzN9Pn,B/Branch_Subdivision_Classification.mp4,2627395
branches of medical,3,1_1pTiCee0fa41fCZSB5EJQv9x0kTUXZn,B/Branches_Of_Medical.mp4,6843942
brandishing of a weapon,4,174yXULHhNZklQGn6kGtG45sIBsRjFi01,B/Brandishing_of_a_Weapon.mp4,6004668
brave bold courageous strong,4,1EMM2hGgVejvmDtGD5CVEASy4MBd73oPc,B/Brave_Bold_Courageous_Strong.mp4,2522676
brawler,1,1dQbSIkaf95gTgrR6gwWlpNX0DugtZ7JU,New 2500 ISL Dictionary Videos/Yunikee 2/English/Brawler.mp4,3713291
bray heehaw,2,1eab09Qv3PoMC72l3zBpw99a_K1u19ihV,B/Bray_Hee-Haw.mp4,3343136
break pause time out,4,1L6yC70i7A9feMiCKsheNB-kFK5cJF8G3,B/Break_Pause_Time_out.mp4,2432257
break sever split,3,1RmymysLac_9_C5A0tiBa8NehqUoPXXxX,B/Break_Sever_Split.mp4,2368208
breast cancer,2,1XpaH9htGsdlndPcTA9PdT33YYT07SwaJ,B/Breast_Cancer.mp4,2864048
breathalyzer test,2,1-N0qyOnMMjewS3WVi3LN6BxMsioytYii,B/Breathalyzer_Test.mp4,6680566
breathe,1,1HAulfh7bgM2hhflNJ3KvpzVj7CVP0Vy7,B/Breathe.mp4,2365646
bribe graft,2,1KsA2MaeCF1DhRFrGdvO6g7lwLd_Bo2IX,B/Bribe_Graft.mp4,2344702
brick,1,1kuJ2LddPm5Yh5UVzvWPCItxu8cr7r2Pi,B/Brick.mp4,2133626
brick masonry,2,1rUbk55Xv-JCGvlMGLSQQLNx87pI6giwU,B/Brick_Masonry.mp4,3693900
bridegroom groom,2,1_GUbm-9Cy7N2IS8PPtAEKzVBvLkRjzu_,B/Bridegroom_Groom.mp4,4879150
briefcase,1,1B5VAc-1lgqpWfR84yHQcuPf1nGW7dWzd,B/Briefcase.mp4,2045463
bright,1,1wtT030Va5QGdhHzxrfFI1uoLS1a2t6_s,B/Bright.mp4,1460536
brinjal eggplant,2,1HeuS5IQyzheJAtFeB92uaA9E1cZDDh_5,B/Brinjal_Eggplant.mp4,3023094
bristles,1,1cowNFBL4ILZvSBWo5SAI9jCc7tkYPTgN,New 2500 ISL Dictionary Videos/Yunikee 1/New English/Bristles.mp4,7274330
brochure,1,1yUK2CtTHVMbybf0VNf9mxwmuHxsiBLbw,B/Brochure.mp4,2278361
broken line,2,1EFlXi_eVZUg-N7Y66mMZE1RzXaJKerws,New 2500 ISL Dictionary Videos/Yunikee 1/New English/Broken_Line.mp4,5732718
bronchial tumors,2,1KPmHdW9h8ZCzaAdeRo48mAU8NU4bVOfo,B/Bronchial_Tumors.mp4,5346332
broom,1,1pXQWuQXYl4KgfXMfzCdYSa06owQfkCtX,B/Broom.mp4,2384958
brothel,1,1wVg-LzkAcffC0sP9R2pE6wgh-xHEhgGG,B/Brothel.mp4,3823540
brown rice,2,1Sim4Lt8_3X8S8ptDYcswvZRWcCiFkMlv,B/Brown_Rice.mp4,2068203
brown sport of rice,4,1HTTKbGpELFpnOq3KVV2XIE4Shzpd1slq,B/Brown_Sport_of_Rice.mp4,6995879
browse look through,3,1kYlDoz3QQBCttcl1xD5w1PsA0fiSJeqg,B/Browse_Look_Through_(Shopping).mp4,5544525
browse peruse flip through leaf through,6,18Ca5xbel1OwGbOx0ZHWq1vsaXzv4xh1C,B/Browse_Peruse_Flip_Through_Leaf_Through_(Read).mp4,6725676
bsnl,1,15bLZfs3LhOIoBNd3plOFH0ahpBn_-pRb,B/BSNL.mp4,2612661
bte,1,13hIKc8PeRG0J9zVYDbe-0Z6zo9j3PHI3,B/BTE.mp4,3292203
buccal cavity,2,1GzdZP9m-4hxin5v0_-WmfWe99v_Pb6ed,New 2500 ISL Dictionary Videos/Yunikee 1/New English/Buccal_Cavity.mp4,6079793
bucket,1,1fSEBna79qI14VOvEh-fHZkDRDj27b6um,B/Bucket.mp4,2384526
buckle,1,1lmsui6iAOmlSXnGUs5zalCLGaFeP8mmi,B/Buckle.mp4,2718698
buddha purnima,2,1cRan6MfKsRy0FrpgzypmuAuQvWUucIvQ,B/Buddha_Purnima.mp4,3281436
buddha statue,2,1IVA8jtfPKaDkdqgExG6TFNPiqsNbK-7l,B/Buddha_Statue_(Hyderabad).mp4,3056884
buddhism buddhist,2,15TaNlIXl76uWxo9CU77nUdioE1IlJC0A,B/Buddhism_Buddhist.mp4,2051122
budget funds,2,1fSk5774U2bnlwKqV3emve2Isj-MhnRDm,B/Budget_Funds.mp4,2857362
buffalo,1,10tUs2vgoak_nhnyPOs3nBup8Gla4UBzN,B/Buffalo.mp4,2711838
buffet,1,1Df-QmWIFjFl9KOMKNayBkWA0Gagv07fQ,B/Buffet.mp4,3652918
bugle,1,1jm9n7XFJBbxXk0g5j06qJZPom-dYTTJm,B/Bugle.mp4,2809567
bugs bunny,2,1cuDXKF8PEiAIx9Sv7whtSfL5g9H4aQ9w,B/Bugs_Bunny.mp4,2126428
builder,1,1sAlqL5jtiEZ1wKjD95csq55ekopjPuW9,B/Builder.mp4,3228961
building blocks,2,1h2elocMzs5OXnjcq3ZDw9Ig1zvSuaZZX,B/Building_blocks.mp4,4099654
building structure,2,1pKUa2x5LW1iHFc8o631GJaTPVqdS9a6g,B/Building_structure.mp4,5983252
bulb,1,1EYhQdeTuX_1XxcvICoI5QQKx20v972-G,B/Bulb.mp4,2296479
bulk,1,1_zXzjiuQYaPfa0n2IN9RVmP_YcexMOD3,B/Bulk.mp4,5870901
bull,1,1ezHTjoPgNsYKrpB3uzMeJAKq8b1V3Wqe,B/Bull.mp4,2707276
bull's eye,2,1ad5o1I_lwQgySNLhjoDPTK8gUkLeRKWF,New 2500 ISL Dictionary Videos/Yunikee 1/New English/Bull's_Eye.mp4,6872587
bulldozer,1,1XtlRY27RyEoEzTOzcXiBenaDzQPTfpM9,New 2500 ISL Dictionary Videos/Yunikee 2/English/Bulldozer.mp4,3503510
bullet train,2,17sfT6nqnx795NskNU53tXDrSeKi0miyU,B/Bullet_Train.mp4,2988010
bump cutter,2,1RHqmR9ZQgXEvsgFuFJKHv-pWJlvWD9og,B/Bump_Cutter.mp4,5282726
bun,1,175u1VfO8axPajBSlRuHc80QIdqz1oSnM,B/Bun_(Hair_Style).mp4,2232018
bungee jumping,2,1fzsBlXGvKTBqNQr384Jzu5iV4zMRN55z,B/Bungee_Jumping.mp4,2229577
burden of proof,3,1HmOms7lJKopDPwF-YCXkjtM2r03Qpj7I,B/Burden_of_Proof.mp4,4952005
burger,1,1z_R9HOBMpJ1ciWCAu0hjDF9dwOjMmffx,B/Burger.mp4,6175628
burn,1,18fxbDr1Q-FT8WChmyjr2__LLYbhtyNUB,B/Burn.mp4,2294896
burn the midnight oil,4,108O2yh5FOiUKERVwBFlcxjo-CHWc762Q,B/Burn_the_Midnight_Oil.mp4,3588032
burqa,1,1bNdLFN4e0OiFpKk4BxSFpN33-qj1t2ZW,B/Burqa.mp4,2039462
burundi,1,1GVFNfty6VOoMj8M1V2psFI36RfS9NuEF,B/Burundi.mp4,1647828
bury,1,1kjHrkfzAxB8S_yzo53rVBzrQXNRNuQla,B/Bury.mp4,6979714
bus conductor,2,1ABX_jFhDODCZ3632k_RKQlhJuoagCdpV,B/Bus_Conductor.mp4,2691972
bushes,1,1WJxy__ruia-eaFlTpu1cnwMKjvWGHiMf,B/Bushes.mp4,4120498
butter up cajole,3,1XUv21dUrn3Sb6Mj1YmWknrePshvrctkE,B/Butter_up_Cajole.mp4,2123265
butter up flatter,3,1DM2tHy1pam9_ujy0mPd9Jo4hG8MZ9WIW,B/Butter_up_Flatter.mp4,2251269
butterfly,1,1hYeESYVdtvguzjQJpSc64I7fsfLrSogn,B/Butterfly.mp4,2123500
buttocks backside,2,13psvBTIfOWrCHaZT9cwri7rNfcp3r1w8,B/Buttocks_Backside.mp4,6940919
button down,2,1s5OJWyTt_0C_mZmtgKnuvld7bMWS4NR2,B/Button_Down.mp4,2566716
button hole,2,1WsEY3WcGaMLk-471Sll1v9lMwxEk3qCU,B/Button_Hole.mp4,3960915
button loop,2,1VH03cLUIeJ2Fu-FPNY0-xSBjUZNQyjzu,B/Button_Loop.mp4,5543284
button placket,2,1Gg-PDywgfLhYEGZP69otHdbHpC-UOr3k,B/Button_Placket.mp4,2698354
cabbage,1,165JBPlDcL4CltrrpNeVgiEwnAQZ_IT43,C/Cabbage.mp4,2712288
caftan,1,13rnbzHDARbxHYSEUBSq1Bn740l3jH5BO,C/Caftan.mp4,4034344
cage,1,1DdRpcOOWzMMR42xq1EwEwcQvrsBNtsva,C/Cage.mp4,2885029
calculator,1,1wzXl7f5g0DP81brYamnM_suuw9KkX7mj,C/Calculator.mp4,2011302
calendar year,2,1097383J-KXLEms4cfxrlp6jopn6ciYan,C/Calendar_Year.mp4,6646930
calf,1,1DWQwkj9FQ6h7S3O-CaFvinry2W6fYYEK,C/Calf.mp4,7670451
callous indifferent,2,1-t24Clhi3RuXUOTU5TI955TR5aQGhrk9,C/Callous_Indifferent.mp4,3831771
calm,1,1KYri17xsxBOzmRz7ooIotWaupEa_cdH8,C/Calm.mp4,2292018
cam,1,1tHIsAOoY4h1COECU-Tc_XmQ1erpmAv1w,C/Cam.mp4,7880509
cambodia,1,1ipRgsgEgFSnr3mUE5cRSrVKRi5ZwQJuR,C/Cambodia.mp4,1650982
camel,1,1dJcbPZQXQkYTN2xCUgIEFffumauXDV6e,C/Camel.mp4,2649216
camouflage,1,18pEEO7VS_o9nc4pbV0sZwZA3els0IAwH,C/Camouflage.mp4,4853815
camp tent,2,1wmvjzJneqTNXPEr--Do3IZA-STIU3bGD,C/Camp_Tent.mp4,2393323
canara bank,2,1E4Ih_l4YaB0gbn4G9lsde7Vx7-S4HkYt,C/Canara_Bank.mp4,2764416
cancel call off,3,1WX_09lSKcHFeLOwAbpzCUdDOHy7BUkK6,C/Cancel_Call_off.mp4,2477139
candle,1,10rUSYGYw0mWIeVIEEoCzwcrcQkbxk74z,C/Candle.mp4,2795013
canine,1,1b826jpJId3saygjTvvqsXD-R8Y_b1QgR,New 2500 ISL Dictionary Videos/Yunikee 1/New English/Canine.mp4,7777779
cannibal,1,1Dndmj_W4ULYntMar1rg8RBxPQYuya_y4,C/Cannibal.mp4,3613687
canteen,1,1xzHO2dl9eY1oMkDO6emibQaufDRg_SGG,C/Canteen.mp4,4217168
canter,1,1cU93tUuO8U7Uy_Lv7CkeeBfkTHyTeiZ3,New 2500 ISL Dictionary Videos/Yunikee 2/English/Canter.mp4,3940742
canvas,1,131K7DqHg3oB7GTCSVN9sEz9MdhP6sfEZ,New 2500 ISL Dictionary Videos/Yunikee 2/English/Canvas.mp4,3623092
cap,1,1OVRbGxOq3E9DnHb3zEA69UiWLLMjO-yf,C/Cap.mp4,5891239
cap sleeve,2,1e861fZscVAHg6UdMTg8IYeMBagwpJ2zN,C/Cap_Sleeve.mp4,4575224
capable,1,1StU9bBB5nBzMO7573L1YVSRv7_TTdRSG,C/Capable.mp4,2824058
capital punishment,2,1gr8n5GW5Tpkm7umpl5cUwmnIsKadwozc,C/Capital_punishment.mp4,7369008
capri,1,1xUBMYIlmMgLCSbo1_hJRD8MI9EEcXqp3,C/Capri.mp4,5166601
capsicum,1,1CkrjYtkyrrjCjol-ox9M8MB1xQVfD5e6,C/Capsicum.mp4,2717070
capsize overturn,2,1gk0r7Xy1twMDv15pEAsdnOmuZozH_KaO,C/Capsize_Overturn.mp4,4400984
caption subtitle,2,1MnNSw-Vl3CN-yFFxYys1p3ntKoqPUUno,C/Caption_Subtitle.mp4,3122826
carcinoid tumor,2,1LAAUR397x9X8UUuSFgyRQkDVDYEOLsfH,C/Carcinoid_Tumor.mp4,4357934
cardiographers,1,1bWnJhC974EklKUAIABUHVesxXXP1RQTj,C/Cardiographers.mp4,4712808
cardiologists,1,1FW2p7N772ShrXOo1CMO_l67lKxrIs7NA,C/Cardiologists.mp4,6927848
cardiology,1,1bJzcz0gLktgk9ZU87aza2kGkPNItfk7s,C/Cardiology.mp4,7107927
cardiovascular medicine,2,1AFoyEuVfvDEuOsNLJZbNSgYWO0eOJWBr,C/Cardiovascular_Medicine.mp4,6722366
care giver,2,1A6VgtkCzjwgj-8_3NF0S0JxMOO-be0g2,C/Care_Giver.mp4,2588880
careful,1,1Zkcg1MojEvaLUuLhf4aidkGg59rGcD6l,C/Careful.mp4,5598548
careless negligent,2,1zboB9u0qgmhnMoNnKQuJXXzsAi62qome,C/Careless_Negligent.mp4,2107563
cargo,1,1oTFC1m9t3R4yP7EUUxrCoGciO154H6Ei,C/Cargo.mp4,4964456
cargo pocket,2,1JuhvL15ac00P9CACHKCy6LL5s_-NySY5,C/Cargo_Pocket.mp4,5661688
cargo train freight train goods train,6,1KQ53zAfIIHDkZSZM6XIL5t46DfjpZwTo,C/Cargo_Train_Freight_Train_Goods_Train.mp4,3021395
caricature,1,1QTaeFUqUeukm-VNHBPEdSwSsDellN4ih,C/Caricature.mp4,6906042
carpenter,1,1kk5ttwDJ4OTfuci0wl8Fuq42wj97kvxz,C/Carpenter.mp4,2147705
carpet,1,1R6BCHIqT3OiFRpvzvAZK48OpbL3gWa0l,C/Carpet.mp4,2912544
carrom,1,1qaOQLwshL4M4eOnntdFFP4wwEDFueWVx,C/Carrom.mp4,1590781
carrot,1,1kujirvMFZxaiY66OxxjRxUBITiSyu4Us,C/Carrot.mp4,2188891
cartilage,1,1Gm02CwTq23232KCz2UGTKJHzM5P0lv3h,New 2500 ISL Dictionary Videos/Yunikee 1/New English/Cartilage.mp4,7013249
cartilage cells,2,1xz8KHnfao-lN1Z7pmIszEfCC1D1PDaw2,C/Cartilage_Cells_(Chondrocytes).mp4,4715090
cartographer,1,1KgI85EJ69CqN0I-YKHS75jKZK1e-fbu_,New 2500 ISL Dictionary Videos/Yunikee 1/New English/Cartographer.mp4,5349295
cartography,1,1kbeM5CSQFOo8Jhmk-AosnIOYnom1f-vH,New 2500 ISL Dictionary Videos/Yunikee 2/English/Cartography.mp4,4251867
cartoon,1,1j0FGANU9SNgCuOjpNWYMIWZn4Rrxwite,C/Cartoon.mp4,1986003
carve,1,1BZsyqfc7bJMYmsTFWjLB8J2yUX3yf4Pe,New 2500 ISL Dictionary Videos/Yunikee 2/English/Carve.mp4,5159357
cash notes,2,1Jvw4gNLNXnqbSnRC9qUKG6mEDD6ffpGe,C/Cash_Notes.mp4,1969229
cashew,1,1YMEcutrgar9Odyx1wHbx12E_F4Q_IksK,C/Cashew.mp4,3367370
cashier,1,1uoDIhxFgp8jXdYst7d8HzNgjtXHFOk-A,C/Cashier.mp4,3583231
casio,1,1CVR7gC8w7sv104QYGmJo3GRaYmUs79ad,C/Casio.mp4,2536602
casserole,1,1S4tMvYeCJsNKi6j2S-YviWiU5KySpY1T,C/Casserole.mp4,2975122
cassiopeia,1,1wY47xUPWpSLWgBz4bDiqWkvNgtkrCqlX,New 2500 ISL Dictionary Videos/Yunikee 1/New English/Cassiopeia.mp4,7198047
castigate,1,1i97ufnfYGlOtHiA3PoirnuNwvb6FzVtA,C/Castigate.mp4,2982627
castrate,1,1_J894tgVYrDTxLzibPcBU2SLhO16S4Ge,C/Castrate.mp4,5174223
catalogue,1,1Da_cb2oeRYvMr5bGfTLK36--4gPSvNE9,C/Catalogue.mp4,4934511
catch stitch,2,19wJ49-3QjeK-vHXbyJeh7gkZSgAaLRK3,C/Catch_Stitch.mp4,6151997
category classification group section,4,1dAoQgOjqpDs8tSwnhKyNtIvr431FZ3ks,C/Category_Classification_Group_Section.mp4,7230424
catheter foley,2,1Gvr6GO7f_yObjSdj36r6NTAUtfx7ejnD,C/Catheter_Foley.mp4,4720860
caught cold,2,11NDSWZ8gpBagExbLJSamWjMKOkxm2lP-,New 2500 ISL Dictionary Videos/Yunikee 2/English/Caught_Cold.mp4,4126385
cause of action,3,1IkQ8biypbBptRXL50a9CXRQqOmKo9XlY,C/Cause_of_action.mp4,2223964
causing agent,2,1H0xu185kygq0257cbME_ue4AD1YT13NY,C/Causing_Agent.mp4,4858042
cautery machine,2,1PoXmPyXG4sxJfotq2rULWdS_4FNvUt1X,C/Cautery_Machine.mp4,5977346
caution,1,1oUMg_OqeDIGIY1Wb-hgyTwxCwcDBywGC,C/Caution.mp4,2709710
cave,1,1a9y9sWIIIC-l_jqm6SWYjfxMwVKTEbSk,C/Cave.mp4,4284033
cavity,1,1iwvGJwQhZqYsT8cVeJl8tjrluMpQb7MC,New 2500 ISL Dictionary Videos/Yunikee 1/New English/Cavity.mp4,6909442
caw,1,1onqcC9KgKHA5fYMpm-mgCz9ob012Vsm3,C/Caw_(Crow).mp4,5335724
ccucumber,1,1QCxoHAokN49ZCAZ0RTmHjg6EaM8uNaFk,C/Ccucumber.mp4,2218795
cease discontinue halt stop,4,1Y0w13NFOV098eGSrTwO6N_bVbRN374RQ,C/Cease_Discontinue_Halt_Stop.mp4,2407132
ceiling,1,1L8DfWcxYWALg3e5oLqkkyb7vyYAXf3Nd,C/Ceiling.mp4,6798210
celebrate enjoy,2,17EueOgqkc4JjOxJfw-2ItsIoWDUk-urB,C/Celebrate_Enjoy.mp4,2830097
celebrity personality star big name celeb,6,1_MaDk3IKWp8undjCwNrysN7PQt7I-lXJ,C/Celebrity_Personality_Star_Big_name_Celeb.mp4,2255905
celibate,1,136kYXRf6Vr_KPu71nq5dZi5nbOG38vmE,C/Celibate.mp4,5677876
cell mobile,2,1ACvfpTD14QomCfdB6A02pFJ0zJMzqZA7,C/Cell_Mobile.mp4,1951301
cello tape,2,1pEgk6XbsEuH4h0oliSVES_K2mliv4wy8,C/Cello_tape.mp4,2978777
cellular respiration,2,1Mw3OlFOmbdlJMytb4PsDa83B579WlGvX,New 2500 ISL Dictionary Videos/Yunikee 1/New English/Cellular_Respiration.mp4,7584577
cement,1,1CtdNSY94HlwBZf5vgsnIDxlw6RuuxSSp,C/Cement.mp4,3147121
cement mortar,2,1iuEXSDGHSPQ7drPfZoFwclGDVpuW4aO3,C/Cement_Mortar.mp4,4585973
census,1,14UgLWvX9nxnSNOvOHpvyzULrb07lifzk,C/Census_(Sign_2).mp4,4048186
center back,2,1p4MJ2XQ2k-cf8Wlc1oMsieeX2IjLNUmv,C/Center_Back.mp4,5177621
centi,1,1EmF3-pcFU6KgA7AvBN7RGZ8lvueKYLRC,New 2500 ISL Dictionary Videos/Yunikee 1/New English/Centi-.mp4,4016919
centimetre,1,1sYo4pDIsHFN5Ag5TF_5Whw-I22YuS0Rc,C/Centimetre.mp4,4497071
central bank of india,4,1zVaP-7wSXHt70Cfhhe3JZ4k7hiFy_yML,C/Central_Bank_of_India.mp4,2619483
central processing unit,3,1-HyM-tPdOqpl7fXXY61XWXEwKgyPLy4V,C/Central_Processing_Unit.mp4,5729759
centre front,2,1dEr14yEcHHzYCecWZb_ESywIw2GkoL6t,C/Centre_Front.mp4,4309465
centrifuge tube,2,1_vlMmaPByFn3ko9npP0hDnWhQZOHsDNb,C/Centrifuge_Tube_(Conical).mp4,5778849
cerebral palsy,2,1WGNjQ9WBXtFsvOEKfJM240GzCUrpzqL6,C/Cerebral_Palsy.mp4,7576790
cervical traction,2,1ttCFklDCkUnYPdTSIuloY8gyki1GYmXd,C/Cervical_Traction.mp4,5639776
chakla rolling plate roti board,5,1MZxS0bVHmeu45R9LSxW3zspTs2TnRY5L,C/Chakla_Rolling_plate_Roti_board.mp4,3113970
chalk,1,13Y7mBt9SGtgCAddG_eEwATgiQOx4ONXM,C/Chalk.mp4,3560003
challenge dare,2,1KQiw-eA4JxTqTvd2qvzSQMHcnz0rfXKn,C/Challenge_Dare.mp4,5600017
chamber,1,1ahext8aqb6_ascMA-VYGdGBapV5zt8CG,C/Chamber.mp4,2903076
chamfering,1,12gBS-XyLp9f8exH34ZoJgUSirQfzdqzE,C/Chamfering.mp4,3784500
chana chickpea gram,3,1Gn5sl8xveqUeh-nQTRXCT9VeFzXKWC9r,C/Chana_chickpea_gram.mp4,3384833
change clothes,2,11iaCoaSlMfpoX5HJWTol5oi5MjyVYjwg,C/Change_Clothes.mp4,1617917
change of venue,3,1mIcescWMdC_D3ohkJ01tMVNihmuS-2YJ,C/Change_of_Venue.mp4,5643757
chapati roti,2,1f66Fc3Sm6u8b09PUYPBY1ROC6vlXY3NS,C/Chapati_Roti.mp4,2349541
chappal slippers,2,1cy2mbhHo_IC6IM0vytuiwpXxlpGhhdCx,C/Chappal_Slippers.mp4,6581474
char minar,2,1a21ivjiYdgju35IT4mHT0OPCPiCPQ_NS,C/Char_Minar.mp4,2466946
charger,1,15o7NMdJH4RF7YTREM8PGij3knxndYDzY,C/Charger_(Phone).mp4,880194
chauffeur,1,1gsRQBUSI-lAj6es9MF_aT3FdPQ328Zi9,C/Chauffeur.mp4,4560193
cheap inexpensive,2,16rbkHhwd4KUKYx7YLGynKQzer6ARs3iu,C/Cheap_Inexpensive.mp4,1649326
cheat,1,1_sCeJcK0GM6V16jydE55ZWtyY-XIJMFa,C/Cheat_(Exam).mp4,2613686
check look at scrutinize,4,1QV7Mq7OaU91jnvpuo_qmo9rXwex4POEN,C/Check_Look_at_Scrutinize.mp4,2540247
check out,2,1GbY3Ip_JxRSl_r4CuMHLMQu-U4xqga-T,C/Check_out.mp4,6372342
checkmate,1,1sfYbRTEa6NI9NwRSu48cJgj5Q23_NWEZ,New 2500 ISL Dictionary Videos/Yunikee 1/New English/Checkmate.mp4,5673591
cheek,1,1KeAddxotDQMPIBFPjqt0VSxDpzRoI5j1,C/Cheek.mp4,5283207
cheerful,1,1gb0nQxJxYU_3GsP5DOXNySKaJGmN2ssD,C/Cheerful.mp4,2130034
chef,1,1eR71rnSYbQd1hClhUOeK0aoefB_lxBmF,C/Chef.mp4,4104654
cheque,1,1Slo2_K-UIFtY2tsK6yqdkSvOg0GiHHzP,C/Cheque.mp4,5247615
cheque drop box,3,1Bw6yQON3jWQW6QQ8TXOvUj2HMYEAEaRJ,C/Cheque_Drop_Box.mp4,4346221
cherry,1,1aDD3QNLayQjsXbX3aOiXowZUpo6wOzEA,C/Cherry.mp4,1980903
chest expander,2,1QLm2EgRrA6f8R3FrLYslw8jJ_RgJJgv9,C/Chest_Expander.mp4,2399897
chesterfield coat,2,1X1r3x_jL-zxWvpqF14ULCjJ8YludQ_9y,C/Chesterfield_Coat.mp4,5668548
chew,1,1IUpdrWVicT4DY8538wN2HsQEoGWJ6sHi,C/Chew.mp4,2891089
chhatrapati shivaji terminus,3,19Bth46Y3PpljDg7KFOQDNTeBadNQO8tg,C/Chhatrapati_Shivaji_Terminus_(formerly_Victoria_Terminus).mp4,2958091
chick chicken,2,1Ts4fyEOsp_n6on8D7j1CGDEp9IOE7j-O,C/Chick_Chicken.mp4,2641909
chicken mesh,2,1l9qwUOQUWGc7mbj81VVp6CahzI-QU2u6,C/Chicken_Mesh.mp4,3130639
chickenpox,1,1c9zYW0BhrXmHv1hJTD7Umu3eTl8flVc9,C/Chickenpox.mp4,1876013
chickpea,1,1V7Y6aM5_ZlFzIb7YeOfiNRqyw9bPnBbk,C/Chickpea.mp4,2443395
chief justice,2,1Tc2n3Y027A95KizuAjuXgJV9Vhin_SMS,C/Chief_Justice.mp4,6903520
chief minister,2,1aZINmlzNfhNadcAblfjpc6y-rV3LBmdc,C/Chief_Minister.mp4,5062602
chieftains,1,1Plugl_oI2iMBORY1tXdZCpIDNJvOBZyJ,New 2500 ISL Dictionary Videos/Yunikee 1/New English/Chieftains.mp4,3532480
chikoo,1,1TBAvJWvLFz-6bzM9LpF9I5Alri5jX7gR,C/Chikoo.mp4,2050680
child abuse,2,1qfMjJSK35xneEN30oDZCTIIp8cxTwdBs,C/Child_Abuse.mp4,7228209
child prostitution,2,1rHCDeeuEGqr1fjdPPG9RwBU-YCtmby6H,C/Child_Prostitution.mp4,7036559
children's nurses,2,1l6_5eFzvvPNIvkx9ab6gyMzOWVB2psKt,C/Children's_Nurses.mp4,5403235
chilli,1,1Ceoa3MipHbtBlAauQInybzhP9sl69EVt,C/Chilli.mp4,2390677
chimney,1,1A8l8IVVwJuZujfvQJupo1w90cDkiLiQE,C/Chimney.mp4,7434320
chimta tongs,2,1i5q8sKVNBayE_5YNQm9cFD4R6DPUI9zc,C/Chimta_Tongs_(for_hot_vessels).mp4,1360691
chin,1,10WSrw9Vnfxdj_Ulydf2wl6A47-2f6Zg9,C/Chin.mp4,1478410
chipping,1,1KX9sWXGfrylIZes4_ZKCOkuJsfN0-xTb,C/Chipping.mp4,1958640
chips,1,1Eln2nd-V5QHNX2vUXkPbQZy5nPlB0r1G,C/Chips.mp4,4152237
chiropodists,1,1l-kQX1POVUT_HVpdfZyMVw-6xYda-qfE,C/Chiropodists.mp4,4014730
chiropractor,1,1ZcQCcsHsVWWqomi8RC0XNtcIgJ489iUw,C/Chiropractor.mp4,4277023
chirp,1,1z6RCPQyF4Nipa14CvIrl9AXqbnIW2Cyc,C/Chirp_(Grasshopper).mp4,6975559
chirp chirrup tweet,3,1w_BAmHoHBWtIiV4bRo_QZpx4wfVD4_c7,C/Chirp_Chirrup_Tweet.mp4,3357761
chocolate,1,1wWsT71q354Lt1MSrpbQGq6bhl6xLbW1z,C/Chocolate.mp4,2150388
choke,1,1eor8iV2yTBnsPpIJpnnQQ41c2gB0JC-L,New 2500 ISL Dictionary Videos/Yunikee 2/English/Choke.mp4,2744345
choking,1,1QwWaJE31wMisouA3QEYUO2OrR42EbBrr,C/Choking.mp4,7814464
choose pick select,3,1TV2ByMzBxp8QAO4svi1sv9SjrallYcNE,C/Choose_Pick_Select.mp4,3947896
chop,1,1mXXCPpvXtAay78CB40Soo-lkT3cfbYav,C/Chop.mp4,5049656
christianity christian,2,1JTFWT4vstUqlxyWNahT7136P2QbzMzqy,C/Christianity_Christian.mp4,2029148
chronic illness,2,1ORtuOdxZkYMAZLHTk7BjUDKkMAPxmLv-,C/Chronic_Illness.mp4,4654640
chronicler,1,1HtYgv40aBELQbXlotZEqWRJcZcwAw3zL,New 2500 ISL Dictionary Videos/Yunikee 1/New English/Chronicler.mp4,5731949
chronological sequence,2,1etPWCue5f556VRuYRABQSzIF35SxEoi8,New 2500 ISL Dictionary Videos/Yunikee 1/New English/Chronological_Sequence.mp4,6990808
cif number,2,1rQXwe0RtwXgnpIk1ZTFD6meKzc-fV9We,C/CIF_Number.mp4,4333113
ciliary muscles,2,121fjiXwr64TDmht2sKwOBI9maAQi6Ifw,C/Ciliary_Muscles.mp4,5055451
cinema hall theatre,3,1Y9kdtE9hK5QCz3iq5XtJOcD89kVNTgFX,C/Cinema_hall_Theatre.mp4,2087092
circle,1,1L_kkKt2bkM_KZA1grNYbUCU7uHgOci-V,C/Circle.mp4,4720346
circuit breaker,2,1SL4yKtwoJWBQHG2_tsxPWnnNVcogRqp-,C/Circuit_Breaker.mp4,4852589
circumference,1,1Zdf4Wv_47apUH-mypY8BOcDL8rYpOM23,C/Circumference.mp4,3069507
circumlocution,1,1UVJOc3WRAvxheR_o9H41H58DVeaK0epk,New 2500 ISL Dictionary Videos/Yunikee 2/English/Circumlocution.mp4,3618780
circus,1,1eyCRy49nC9q_1KlE30Icud0WPPdSPdGa,C/Circus.mp4,922295
citrus vulgaris,2,1YbccQMPQuortM8dxUJ0f0YJDDFFH25uS,C/Citrus_Vulgaris.mp4,6903043
civics,1,1T5ETvq2zs8pJ69Xd7xBKXf-IxNAEP01O,C/Civics.mp4,3803283
civil court,2,1CRowp4o49-Ro7AIWHGFi9C4kecLB7yPX,C/Civil_court.mp4,4451152
civil engineering,2,1YiHbdwb0PfTjGnrgeHNkYZaEcwTnIg1u,C/Civil_Engineering.mp4,1997324
civil rights,2,1XUurcpYzTpNmEFiXiHl-q_YPQAlp8YUH,New 2500 ISL Dictionary Videos/Yunikee 2/English/Civil_Rights.mp4,6192427
class grade standard,3,1VEZ3UXRc_BGbXRws6qgZBt7yBXNxOd6g,C/Class_Grade_Standard.mp4,2421437
clauses,1,15dZbC6F5LNA6vyg_Hm56HxmQCXRdcEl3,C/Clauses.mp4,7803277
clavicle,1,1rMJDVXbLT7pebJq0w1zLA8SrSFJGCQRM,C/Clavicle.mp4,4575274
claw hammer,2,18aELiatqo6-QVp3NtO8k8pMNLIpAKIzK,C/Claw_Hammer.mp4,3230989
clerk,1,1Db_AjdG1wdthbBZta39fPbXisJVwAdak,C/Clerk.mp4,5769696
clever,1,1yt2CcCrvzZ4wN-blTULTLUNkjLg2xOs0,C/Clever.mp4,6487753
climb,1,1XNkilJEt51QNNGK4V-t7lOXdymQKkQ_6,C/Climb.mp4,5326074
clinch,1,1IGb5hh29d0d4v3O5myGV5ntf8JNlP8bw,New 2500 ISL Dictionary Videos/Yunikee 2/English/Clinch.mp4,4368057
clinical thermometer,2,1Rk-dLoPdQk4ySfUgKjMf5eD3B6Rw5B8h,C/Clinical_Thermometer.mp4,4852309
clink,1,1sU4IjuVsWa7PJ0ufFh4zYYbn17OCcGcY,New 2500 ISL Dictionary Videos/Yunikee 2/English/Clink.mp4,3223426
clockwise anticlockwise,2,1HfqY9V_PRTrd6pruU4AKSH-hmUSKnZtz,C/Clockwise_Anti-Clockwise.mp4,6351970
close friend,2,18XKVdgLuhP0UvSPwFEDJuhXAq4W38OL1,C/Close_friend.mp4,6854723
cloth,1,1zJwOTYaVGqJWob5paJSc4go4RUljG27D,C/Cloth.mp4,5168021
cloud,1,1YGQx_5G0knee2YgtF7eMeQ1wenAbNX2U,C/Cloud.mp4,1995327
cloudburst,1,1Z08Z7Vf_Ol7v-jI2PRXVxim9d6iV0Z1_,New 2500 ISL Dictionary Videos/Yunikee 2/English/Cloudburst.mp4,3019522
cloudy,1,11qBKymRkTDAGh5dTh7w-88BjwlPNlUiP,C/Cloudy.mp4,7177638
clown,1,1NMGXhW_48GvbLNzti9IHx1ny-MsM_k3J,C/Clown.mp4,3521493
cluck crow,2,1jVCJ0uGzXo3vFxAflQZFOY3yTzqZrMo-,C/Cluck_(Hen)_Crow_(Cock_Rooster).mp4,3970389
clumsy,1,1wDZqFw0bX2_MbYORa29PNwi3h8Y4MuzL,C/Clumsy.mp4,6537150
clutch lever,2,1UBlmHoa59ggJRcKyUBMvFVPerkt8gK5V,C/Clutch_Lever.mp4,5436126
cng stone carving machine,4,1xUy23LcNyiWQGn8UPT7bxZ4Ab5oyBDLb,C/CNG_stone_carving_machine.mp4,5082277
co2 and o2,3,1sJVbf-CtUokptoGR2pOIZjjaI5lMtLaa,C/CO2_and_O2.mp4,6384450
coaccused,1,1F4eV475y_LKC8d6rS_rZkRmAugbdbOdg,C/Co-accused.mp4,7640635
coach,1,1O4SmTSgIAyXc0GBxCSz1FcMJ4GIel-9X,C/Coach.mp4,2966658
coal,1,1LyuDui7kgHFK7kpq8cfiJmXktc9KBORt,C/Coal.mp4,5217287
coarse aggregate,2,1mHzyS5CRN9EpcAvoPsw7NtQxQu-C21Jb,C/Coarse_Aggregate.mp4,7193571
coastal areas,2,1hn0XMpsAWA8gcYw0-4A9w5ps3DwRAS-B,C/Coastal_Areas.mp4,7192731
coat,1,1-ncrwPM32T6jYWNXCnMo63-kS57RE2Dt,C/Coat.mp4,1518224
coat dress,2,1TFktbvsHl1OKEUXymoFS8potqNoL6PBj,C/Coat_Dress.mp4,6470289
cobbler,1,1L0HJbBQtCYMCNS515ov058RTWGsAuizq,C/Cobbler.mp4,2421600
cobweb,1,1YzQqKbFezNU3pJSz0f_cf1ZaEZUEO9z0,C/Cobweb.mp4,5239010
coccidiosis,1,1YJUN34Sk9dVaNBiRrq_OVR2FX-8KWGV-,C/Coccidiosis.mp4,5665942
cochlear implant,2,1o3ylrpjIHFH5aebJukM5S_phpCvi7kr1,C/Cochlear_Implant.mp4,4518966
cock,1,1Q_Ce2qhsW-VlDWTI_zqmRg8NWEu-vsL6,C/Cock.mp4,4744892
cockadoodledoo,1,1HYC3lVSQYTfzeBHYPx7dhYD_utgr9-hh,C/Cock-a-Doodle-Doo.mp4,2839398
cockroach,1,1lWxCbKYUI3uHCUxuZVz9Eyfor1sdHwis,C/Cockroach.mp4,3372134
coconut,1,1FfeNOqFWnoypIFJhonW4EcXYUisFPfu7,C/Coconut.mp4,1898869
cocurriculum,1,1H5FZW5LvBJP_G-sNqPJOKfYLmChZt2S-,C/Co-curriculum.mp4,4289715
coda,1,1tBnZyqX6WQ1RCnQEVXoMA3H-4jpXGBcr,C/CODA.mp4,2357560
codicil,1,1MusGGySkHClmqUoHiGlQaJ58HRbwBLaC,C/Codicil.mp4,4981427
cognition,1,1QqV4HH2dFwk7-XsfR8wzYr0nw-uKsBQJ,C/Cognition.mp4,1740938
cognitive development,2,1OGPqMmzwYXV7Rpz_PCkXI-OMtSeMk2CA,C/Cognitive_Development.mp4,7043468
cognitive psychology,2,1P4_QWe2YGFrUcTf3hhvUgvLTOWF_w_PC,C/Cognitive_Psychology.mp4,3061251
coin,1,1f5YLxZv9MSCBt_78xWR-mGpoWZUlSDwd,C/Coin.mp4,3855312
coir,1,1itjXil7xwl5lpdJMVso9Um68nFsz8f4U,C/Coir.mp4,7021488
cold room,2,1IFSrmMWyOYmJJ87sgO5mWaYnsni1mVKr,C/Cold_Room.mp4,1878223
colombia,1,1ZuqujTb2O4Bg-4TTSvYpXszRyDViOoy0,C/Colombia.mp4,1896620
colonialism,1,1nJGMXWWbo_1t936TPOHBMKS74yLyPuRK,New 2500 ISL Dictionary Videos/Yunikee 2/English/Colonialism.mp4,5535142
colonization,1,16DRWzuOWawsgAKVdoutRYfuqRufbai9q,New 2500 ISL Dictionary Videos/Yunikee 2/English/Colonization.mp4,4027967
colony,1,12gqGvKZWSeBcf2_SD77mBBzgSgREZJ9a,New 2500 ISL Dictionary Videos/Yunikee 2/English/Colony.mp4,4194065
colour palette 1,3,1MhTAAZm06MBgC4xbSe9Tjovcy1wOoYFa,C/Colour_Palette_1.mp4,7692139
colour palette 2,3,1PNdtIH2NTcUezxn3JMwRRQ072t7O_koQ,C/Colour_Palette_2.mp4,5316914
coloured hair,2,1vfbirAofwjdS8lbPcw3uNjSNSZfqgnVL,C/Coloured_Hair.mp4,2505741
colt foal filly,3,1aYYMdQoa0atomWq0e-7nti9rXGNYG0fY,C/Colt_Foal_Filly.mp4,2077223
comb,1,1yGIzMQfXEvjrlGuW4eLNrnc1PgleeL9Z,C/Comb.mp4,5477726
combine connect,2,1EhTZTMT9P-0okDvDZRy4rZszrpDgsJlX,C/Combine_Connect_(Words).mp4,2857191
combine merge,2,1F1sidjyIIsmFzJfM9JyOQRhsrmW9B0TC,C/Combine_Merge.mp4,2870560
come back return,3,1FIe1waNspfKYW3Y8ZuX-VEhTBL3ADUpj,C/Come_Back_Return.mp4,1948407
comfortable,1,16W7DdFPfzWPFaVRRVwC3dRWgsUuXAvKS,C/Comfortable.mp4,4752216
commemorate,1,160YjHIqMDt3lnBDuhgYsrGWzBWzB5Pbd,New 2500 ISL Dictionary Videos/Yunikee 2/English/Commemorate.mp4,4730297
commemoration,1,1Pdkyz1s_couqnggOXt1WRQ9kHZZIaJIW,C/Commemoration.m4v,5581940
commercial building,2,15IM_pDmeLJZF_uIfl9cQ48VAPU1_zuA2,C/Commercial_Building.mp4,7584051
commode chair,2,16wH4lkfLWMfhl1NgxhMuxJGfq_ziJgSm,C/Commode_Chair.mp4,5193553
common salt,2,1D-ILVRcLTDY2NI8tF7202qzNczlls-lE,C/Common_salt.mp4,7699249
commonality,1,1vdHQ89aEVM1fomn88BRhrnj57XT7vKOS,New 2500 ISL Dictionary Videos/Yunikee 2/English/Commonality.mp4,4470115
communicate,1,1cWIidnQVP9tBPSp1Yf9YDUmvXpXFdvdA,C/Communicate.mp4,1586417
communist party of india,4,1AnW3eqUBch2IHojZiXnrbDoDV_qMnRRV,C/Communist_Party_of_India_(CPI).mp4,1908128
community based rehabilitation,3,1bN5R5IeNHazqft1JrqoAOmeYYl-nVKW9,C/Community_Based_Rehabilitation.mp4,7475818
compaction,1,135-PZOWoL-9jOTEJRSP3OKsHBjSyFPZz,C/Compaction.mp4,5403139
compass,1,1qjg3VEhgqHnnqNQDJOtC0qScdaj9InjH,C/Compass.mp4,4125398
competition contest,2,1MsMo_dvWwa_woBe-I-MeF92XGsBHaOEe,C/Competition_Contest.mp4,2635160
complain,1,1cV02JEKj6EwHJERcyfJFqFmqDmyy0V6U,C/Complain.mp4,4543283
complete finish,2,1fcqPwUMJfvESy-Na8F_RwGGLeM28CbxY,C/Complete_Finish.mp4,4077629
compound,1,19W5p3lwqCMBHPSxoMFYsowYQoYhb0Lsc,C/Compound_(Language)_(Sign_2).mp4,3775644
compress,1,1elG3Gdyw4rDW92kjj9e2Iwoj3610r4ew,C/Compress.mp4,4510831
computer search of the literature,5,1kQB72HQC5U9MfamONN41x7ezTnz8bCOe,C/Computer_search_of_the_literature.mp4,7410363
concealment of identity,3,1R0p_mAqb-1HpFCHq0TvHAH4Sqyf39Wo8,C/Concealment_Of_Identity.m4v,2115721
conceive,1,1McsNRMnuTmpl7rm7Zm9qy_uDHVLTu5Q6,New 2500 ISL Dictionary Videos/Yunikee 2/English/Conceive.mp4,2431491
conclude,1,1xzkIs3LITakyDDkZw7NjOSCzYrRv0djW,C/Conclude.mp4,5926951
conclusion,1,16tCXLF9s0XU4-4HxkTeejI-bz20X9E4d,C/Conclusion.mp4,2180593
concrete,1,1ZFju6UnmUHXElcfS40iJ3QVY4c3XCCY5,C/Concrete.mp4,3173029
concrete breaker,2,1OmqTJRoXGkKbYg3k73uWaMMafbTieDmn,C/Concrete_Breaker.mp4,2107519
concrete mixture,2,10IiQL2K9-utvw7M4zxnbELwhjK9m8f3T,C/Concrete_Mixture.mp4,5714896
concrete noun,2,1_CKINSmmBcYLGNmz68220nWXBYlDuLAe,New 2500 ISL Dictionary Videos/Yunikee 1/New English/Concrete_Noun.mp4,5680899
condom,1,1T5MLYYffhKjqf4xwAAP5lhCjuNi1D_W6,C/Condom.mp4,2062157
condone,1,1Sa_NRqU_9QcIzIWNHm4OUl1eno4hpBqk,C/Condone.mp4,6923757
cone,1,1EbHV83qDmIEnrxLpKK96HJI5Mmh05oPw,C/Cone.mp4,3211782
confess,1,1LRIPpL7CHVpjxSdnI_v7ZzEDSqn7hlQ8,C/Confess.mp4,3234381
confession,1,12KLv-GklW6lXaQHrfGsV-laxrg0_TnEG,C/Confession.mp4,4304989
confidence,1,1KbI0vnpq1bqzomleyu-eL06oTUuaCVQv,C/Confidence.mp4,2400508
confidentiality,1,1N_g-QAjPBWubBBS9qDXOSNCF2YTxTBrJ,C/Confidentiality_(Research).mp4,3360271
confirm,1,144qWtb8nMVdkGOp0-wR4VpQTSL39aPCQ,C/Confirm.mp4,2561626
confiscate,1,1AIcZTH_ASh9R85NUdtzCyY8nxPINrnAb,New 2500 ISL Dictionary Videos/Yunikee 2/English/Confiscate.mp4,3668846
conflict,1,1QtfWTjea5pfFZFgIGHpCvFZkSlgx1T3N,New 2500 ISL Dictionary Videos/Yunikee 2/English/Conflict.mp4,3074964
confused,1,1DKQs0eGHnB2rEASEeWDBcdjfbfRNDo9J,C/Confused.mp4,2603762
congenital deafness,2,1tifnEQD-go5HH6SLesqsnbVc-gPaHdD3,C/Congenital_Deafness.mp4,3975221
congratulations,1,1FnPTPe9MQV3a5TMnJq7QJu6wtS_70fR8,C/Congratulations.mp4,2127694
conjunction,1,1KU9EaN3J_S3Bx9Yn1NzqVrTCjx9Qwo61,New 2500 ISL Dictionary Videos/Yunikee 1/New English/Conjunction.mp4,5491417
connect link relate,3,1FOnbwu0OCykEW-Hi63OtBoW99Qs-lRye,C/Connect_Link_Relate.mp4,1853100
conquest,1,1EAUcGZdgoE9KdCMhbaCVye0EcxG9CcN4,New 2500 ISL Dictionary Videos/Yunikee 2/English/Conquest.mp4,5832616
consent order,2,1kkZrENcjvbhrUxEIAbRAp49abeoXDOJ6,C/Consent_order.mp4,4744883
conservatism,1,1IBZra0PYTyPKgzoPyHWJceRI6Py0lph-,New 2500 ISL Dictionary Videos/Yunikee 2/English/Conservatism.mp4,4309728
conserve preserve save,3,1_v0LjD_W9xAUfgOtnXyAgNC8tG51DGG8,C/Conserve_Preserve_Save.mp4,2107894
consonance,1,14GCKStG3v5KguYUpiRHNtiNMYYo2THiN,New 2500 ISL Dictionary Videos/Yunikee 2/English/Consonance.mp4,4243867
consonant,1,1l8c5CxmrA-PruX0kc6KkdT_TmkpmpYEW,New 2500 ISL Dictionary Videos/Yunikee 2/English/Consonant.mp4,4133285
constant continuous,2,1xIsmzqANLxYGYEJcu8EWnq0qtoX-vPaq,C/Constant_Continuous.mp4,3209294
construct,1,1AI8n31BsXKySepOgTMLj39nWo79pmSHg,C/Construct.mp4,3444343
consult,1,1JqQSEXSIxeQ11sFlFnamg5_pu5rOe2HR,New 2500 ISL Dictionary Videos/Yunikee 2/English/Consult.mp4,4048347
consultant,1,1cOsWpcfWSPaRDcjLNz3hyNcFr3OI3elS,C/Consultant.mp4,6338976
consumer expenditure,2,1rCVJIowMMU5QV0cmD9Hrn9ys9V9xGztk,C/Consumer_Expenditure.mp4,7565434
consumption,1,1xfzYv9MBNCzf5ckbNjkMl6Dko8hutdAP,New 2500 ISL Dictionary Videos/Yunikee 2/English/Consumption.mp4,2798990
contact force,2,1l9Td9TmY4J4MmqBjgS_RYsBlR0O-yCs3,New 2500 ISL Dictionary Videos/Yunikee 1/New English/Contact_Force.mp4,7830171
contact lens,2,19XwGPehbH0ezMfy8aZd4VHcpBbWld6ns,C/Contact_lens.mp4,4578616
continents,1,1cExj2dlqZAvKUCvw0-RM1ZLvjnhSpJeg,C/Continents.mp4,5899047
continue carry on,3,1gEc_A4brk7igHGH5J9xi8pYCUI722ajY,C/Continue_Carry_on.mp4,2256467
contraceptive,1,1ZtFtFSBHdHUMlRq1U5d8iK3WmlRsXWab,C/Contraceptive.mp4,6201948
contract agreement deal pact,4,1iAUSic1pcvNVTWqYbGN7hhkAHyNSCvV6,C/Contract_Agreement_Deal_Pact.mp4,2720132
contract contractual,2,1nNlIJitfOX6R-q9heW2cj4-R9eMr-9eZ,C/Contract_Contractual_(Job).mp4,2923581
contractor,1,1ihR19SEKAL69u-kjB41XZGyuSMzqY0Jb,C/Contractor.m4v,6765810
contractual appointment,2,1OxBs0MmgwS08FRJKiZd4Kf4nKjZmWh2T,C/Contractual_Appointment.mp4,3784599
control manage,2,1tzfpIoFRzkF6xZi85al8n-rr6ANQR3BM,C/Control_Manage.mp4,1897533
conventional,1,1dw-j4-XS0qY1f9XCVyRnWrGWrcj7p4Cm,New 2500 ISL Dictionary Videos/Yunikee 2/English/Conventional.mp4,2937275
convert change transform,3,1kAPs0HY4qGRi27sCDadn6_crQPpZKacm,C/Convert_Change_Transform.mp4,2295615
converter,1,13EDKSik_dfGkLXyl1vzJ-BE7cSd1TmHV,New 2500 ISL Dictionary Videos/Anuprayaas/English/Converter.mp4,5578726
convertible collar,2,1i8Ts9YH9oaVkfN5iBomgUJjkM-FYqP0x,C/Convertible_Collar.mp4,3774357
convex lens,2,1OX_cgdVnsib_8l_Pn_EDfFnitzOM5cer,C/Convex_lens.mp4,7406358
convict and conviction,3,1PvPAY-r0Ia0nS7aKJc8V-4fofaxOLnaD,C/Convict_and_conviction.mp4,5772287
cooker,1,15GU-jYpwNaMhWxFxqMuYjNkrHAhiYb5s,C/Cooker.mp4,2574878
cool box,2,1iPsnHEQTfAVoaz5rno8KZjgvVv72dnyJ,C/Cool_Box.mp4,4524290
coolie,1,1tkxBr04QpB2WV9pELi2NLavbAzxiF4zF,C/Coolie.mp4,5372897
cooling sheet,2,1kIw0aWiHu4B9cCUfwTUCm9LZHG_74hKR,C/Cooling_Sheet.mp4,3062950
coop pen,2,1AcwS_qZwvE3jIvglszsGn0gOhShlJhPP,C/Coop_Pen.mp4,2052457
cooperative,1,1DQM6UtcS32_7elmYuheS0IWdiGG5gdwe,New 2500 ISL Dictionary Videos/Yunikee 2/English/Cooperative.mp4,5975128
coordinate geometry,2,1DG7aYvGZ3Hfkys4e9RK5xRfEk4bPXxK7,New 2500 ISL Dictionary Videos/Yunikee 1/New English/Coordinate_Geometry.mp4,3904952
cop,1,1fzpJaP7VstwSemzqo3wXDVT3kOJklrBj,C/Cop.mp4,3028781
copy and paste,3,14VL451JVZXHsrC4XWDi8KkQiKEsnTF_5,C/Copy_and_Paste.mp4,2090090
copy imitate,2,1L0lcNdMD5JuMtnsuupMVrXVKeZHy8b1f,C/Copy_Imitate.mp4,2091155
corel draw,2,1RI9vzx9HyzzJFIWzkG7PIOo78-GVPD-N,C/Corel_draw.mp4,3723894
corkscrew punch,2,19fxs9aFFJx8UjrlZSLXjbxXHFXGT0SKn,New 2500 ISL Dictionary Videos/Yunikee 2/English/Corkscrew_Punch.mp4,4635994
corn,1,1aHeHBS3BnpWN-RFxntyKNbvPsYIzyGWO,C/Corn.mp4,2640944
cornea,1,1lwBlE9MYLCUThDMrs6q40a_Yq7uiiz6Z,C/Cornea.mp4,3248765
corner kick,2,17iHGFoHY8yhaU7alt3IA7DfhINKkP7Kv,New 2500 ISL Dictionary Videos/Yunikee 2/English/Corner_Kick.mp4,3639480
cornerman,1,109PgVtO1jyWjlz4q_d5yePkYNpdlGyo_,New 2500 ISL Dictionary Videos/Yunikee 2/English/Cornerman.mp4,5035585
corporation bank,2,1LoKkOiP1-2_ZuA5Ntdcf0vNP2bDjnTZi,C/Corporation_Bank.mp4,2221866
corpse,1,1FguOGjdIPE6MpuwWIFfIRFAv_wj4_eg9,C/Corpse.mp4,3188177
corruption graft,2,1XYNTH2xRS3zyX0tevJnKOREZ2HMMrxZz,C/Corruption_Graft.mp4,2348418
cosmetics,1,1tD7WS-UeZcdE6AiZt60pVIKUZlIPP4Qn,C/Cosmetics.mp4,7302510
cosmos,1,1M7DmWEJSFNeidfPrtP8CEL2w-kD0YKqs,New 2500 ISL Dictionary Videos/Yunikee 2/English/Cosmos.mp4,3187912
costa rica,2,1WmeLt-9c-AaZ_IEwrx_dYv9EcUhyH-8P,C/Costa_Rica.mp4,1899535
cottage cheese paneer,3,1BPc_dzwmEdRl7i4VVLJ44Bmr9jHW8EPm,C/Cottage_Cheese_Paneer.mp4,2105020
cotton,1,1ebDoBGWFCAuvk0_cLU3IpV0dbWCepC81,New 2500 ISL Dictionary Videos/Anuprayaas/English/Cotton.mp4,5341321
cough,1,1io-XqBuXfLEgTC18qvIZBEj9VlfCRacA,C/Cough.mp4,3231680
counsel,1,1we3takvO8P1dLHbkNgoxf9pQNLEqy1d-,C/Counsel.mp4,6281388
count maths,2,1kI1NVpFZeQRp2SEGCJjhVlsg1ZsmOhnJ,C/Count_Maths.mp4,2277579
counter desk booth window,4,1PYO6_Y6TsX4NETzdqsgeatoQtK-7GF5l,C/Counter_Desk_Booth_Window.mp4,2709946
counter punch,2,1yyjxhQvMgxsoqTzXQm4roiVSD_vDr4Yr,New 2500 ISL Dictionary Videos/Yunikee 2/English/Counter_Punch.mp4,3943096
counter sinking,2,1wvH8mMRvCQjizD716iPk1TuocCGCJfES,C/Counter_Sinking.mp4,3232055
countryside,1,1OytBHuo23xNkClTm7MccLNcdqEO6Qt17,New 2500 ISL Dictionary Videos/Yunikee 1/New English/Countryside.mp4,5474603
course programme,2,1FwZng2lS8qqZrM69t9oAbU6CBmzvfEet,C/Course_Programme.mp4,2531985
court hall,2,1CswbVk7PHgQMiLp9TRr3CJXHGgYTFnnd,C/Court_hall.mp4,1689536
cousins,1,1DlL_-_dHJcb5edTb84Ay2xFMZ9H_ZWVI,C/Cousins.mp4,5470032
cover drive,2,1HECwDkivub_cgCNZHD3nUXNwgwFZvOxB,New 2500 ISL Dictionary Videos/Yunikee 1/New English/Cover_Drive.mp4,6404970
cow,1,1ee9wZAhHNnva6wPU3aLzv6e9tuMas7n2,C/Cow.mp4,2141990
cowl,1,1QWNUnIVuDK1J6c8Vb7fICNLdXBSucL81,C/Cowl.mp4,6258014
cowl sleeve,2,11EYoXUfJr7cdhXXzh2HeUtvN32rwmi_e,C/Cowl_Sleeve.mp4,6748814
cradle,1,1uaMGNpgaCYs6QYztn7-cTNyGPS1YV4uz,C/Cradle.mp4,2946717
crawl,1,1ooZeffRovN0LKY4w-EdsmdJClsugtAF4,C/Crawl.mp4,2966758
crawler loader,2,1EiispOa8MvHuGb_dUu2cszfamfigkz4k,C/Crawler_Loader.mp4,2833116
crayon,1,1kwncwhZhFthQjl-eKxQQu--y1NWsdNYj,C/Crayon.mp4,2648315
crease,1,1Cqq0vEdfzJtd5qKhKvVJXRJ8C7whnNcr,C/Crease.mp4,5406430
create innovate,2,1UDVqL2aWlJYQxKmTBx0bZNEHD9EJFcJx,C/Create_Innovate.mp4,1750938
credit card,2,1i1usgQgyuN8jDj70-rAmcPmkMHbJaWrI,C/Credit_Card.mp4,1962824
cremate,1,1KyIUETBfVobikSlyiPM8K3WE89gmckv0,C/Cremate.mp4,6161515
crib cot,2,1qK8dE2GScVzNIan13PqySTPn73oCHIYY,C/Crib_Cot.mp4,3192500
cricket,1,1rbcn89jT_yYcC_z2Ee_GbjMp9Pe5V1En,C/Cricket.mp4,2478407
cricket grasshopper,2,1VtP12uw3VD5faZShCdS_sSP55ooaNTxC,C/Cricket_Grasshopper.mp4,3019696
cricket pitch,2,1tiXdvr9KtegWmRa-uw_VRXiLxvQr8zL_,C/Cricket_Pitch.mp4,2318688
cricket stadium,2,1DnhnDbADuTWIKZyajzDp_4JgjyUGi4KH,C/Cricket_Stadium.mp4,2185660
crime,1,1IC2bwLNSNP-377uHaGqQ5VFsoKL0r3D8,C/Crime_(Sign_2).mp4,6358013
crime scene,2,1KyUwKuMH_nuvpoOqi2JYXtRoGJOhyzC7,C/Crime_Scene_.mp4,5417572
croak ribbit,2,1wMN8faNFseGs1BminkyA1DLS0TVRODHx,C/Croak_Ribbit_(Frog).mp4,3860244
croatia,1,1BE0-ua_1QjpQSJhFdjX4rhI9wSyvX413,C/Croatia.mp4,1626842
crocodile,1,19LNy6j51JTOfwdWNyD12VpvX93OZZmkh,C/Crocodile.mp4,2614812
cropped,1,1cUEyN0IDHZhl3ZCn-sYPjY_v0w5V6o5j,C/Cropped.mp4,4314041
cropping tool,2,1H9HkMVbh3O2YSyoMAibshCnVw2daSoVO,C/Cropping_Tool.mp4,4417724
crops,1,11fbHB_bpCMWpKSsVrKqKnoTRkVvOkv46,C/Crops.mp4,7981071
crorepati,1,1KA6CEWJI9f1avD9nFStS6iMSF8kofqU3,C/Crorepati.mp4,3609568
cross belt drive,3,1FMuiM_P0Tb0_owmIljjyVEmUb_sCb-Be,C/Cross_Belt_Drive.mp4,7203915
cross pein hammer,3,15IjwyVt-6k6yWc90VMR5CUJ7BhvJkMWm,C/Cross_Pein_Hammer.mp4,3772403
crossword,1,1ujvk5FWPFWHZWJ1zPrfuS7h6K89ObLUr,C/Crossword.mp4,5695276
crow bar,2,1oBPLy2bALbB-Ppq5sgLMnwzC5_Kr4jHi,C/Crow_Bar.mp4,2588411
crowd horde mass throng,4,1QhvQ5vTT0pLt3lCPckcMUVEfBXFujNXr,C/Crowd_Horde_Mass_Throng.mp4,2811044
crown,1,1Rg8i2Qerm9oNORiTbP8a1yasuN7f41iH,C/Crown.mp4,856903
crucial,1,1sIv0J4UkmztsYogfWim4U8JBFWwnDfOP,New 2500 ISL Dictionary Videos/Yunikee 2/English/Crucial.mp4,2040367
cruel brutal inhuman ruthless coldhearted,5,1r2FBq4YzCO_pXwgdhEQH47GRfvQgXzHR,C/Cruel_Brutal_Inhuman_Ruthless_Cold-Hearted.mp4,2356640
cruel callous harsh ruthless,4,1p9HtyrPae0hYZv3h3oTeBLZMIZlaqmif,C/Cruel_Callous_Harsh_Ruthless.mp4,2762631
crumb,1,1_ymJ1A2QBQUK0WeSKsuATDDpxMxGfGJa,C/Crumb.mp4,7953337
cry bawl scream,3,134Wwxbz72nI-wRypQpKWPGNh6HUf6HGg,C/Cry_Bawl_Scream.mp4,2743369
cry sob,2,1P3ikK-UmrR13cjlwVbRxrUlf7i-boewC,C/Cry_Sob.mp4,2133871
cry therapy,2,1Dw__XLWiBBhnb3Uhhgrwgb9hhg_XM-fC,C/Cry_Therapy.mp4,5200326
cry weep,2,1RrKRZKnz9jAGjj0bvchB11FaTKIRHh2H,C/Cry_Weep.mp4,1963793
cuba,1,1V9_zl0NmCqdRAk4Ee4bN1ssSfc8rkjWx,C/Cuba.mp4,1607876
cube,1,1JbswHh3-Zf2ZxoVd4yBEK6hOrfDjY2pZ,C/Cube.mp4,2814283
cubicle,1,1MpfskVzCJ4LQOxMnspRhfdRdvi7Q6N_V,C/Cubicle.mp4,1209864
cucumber,1,1Jxl0W8NnA6TaGXL54qSU8xqGU0UIPEzE,C/Cucumber_(Sign_2).mp4,2633559
cuffs,1,1LGxDCKdZW22gCDmAW9Y53qkwoK1eRcUq,C/Cuffs.mp4,5663117
culottes,1,1ogURvOiwaP7FDk_YvHGHeCzNkxivXDTt,C/Culottes.mp4,4848988
cultivation,1,1sZFmllELZxpEeolvpjNXxRSxi2ygMR9a,C/Cultivation_(Sign_2).mp4,7934997
cultural diffusion,2,190zNKJjQz2oCvkt5StyVaE7OZ77Z27oY,New 2500 ISL Dictionary Videos/Yunikee 2/English/Cultural_Diffusion.mp4,5477479
cultural model of disability,4,1QkUlfTIXXxAB5OJk2y6DWXpzAa3NATXp,C/Cultural_Model_of_Disability_(Sign_2).mp4,1650140
cummerband,1,161go7rp6zrAr3D5T4NzS8XBf325bj9CK,C/Cummerband.mp4,3245494
cupboard,1,19ccUAxey7Mf-WKKKFYWC2K_gFwKNtmUv,C/Cupboard.mp4,2171630
curing,1,18b_em_hRTwYbs60O_X4fOMgiaVxM74JN,C/Curing.mp4,7110517
curtain,1,1-PMeNC7WS2W_v8h3SsY_kh0SvDJTPpN0,C/Curtain.mp4,4857679
curve,1,1xDGlfq6SpT2qp7zmFPbBnuReXPzhvbz_,C/Curve.mp4,2791061
cushion pillow,2,1WPrVYon6aPZJvJzDtF6DKVJL0cYhsA5k,C/Cushion_Pillow.mp4,7629576
custard apple,2,1Qn6vAlvcpOidF7GUUFPKTyxbXs1Rz-wP,C/Custard_apple.mp4,1823146
cut line,2,1oC84qPdarZ-QHCfed4XAbnKZWaFS_t3T,C/Cut_Line.mp4,6475320
cut trim snip clip,4,1s0OOVYLzhfQco_m39qP3mhrjMa9KBlv4,C/Cut_Trim_Snip_Clip.mp4,4632341
cute,1,1SZZHEvjzCNmFhDs5wlwoW97PqCY-L5ud,C/Cute.mp4,3614024
cutlery,1,1-Qk3vFrgRsbYkj_y57FBpx3YoAC41tjk,C/Cutlery.mp4,3639557
cutman,1,13BWGRPiE0MxtmRm5E37xGLckOmy1q_ix,New 2500 ISL Dictionary Videos/Yunikee 2/English/Cutman.mp4,4428218
cycling,1,1QOfHjdks9J1tvTM5SvI7wDwB436cq3QQ,C/Cycling.mp4,2178788
cylinder,1,1WZMFBdXErBlRQaWa4boC5LKtSv8se6Y4,C/Cylinder.mp4,2459556
cylinder stand,2,1wUye3scABIS9G8MGhL3kIgGc2omjZsZY,C/Cylinder_Stand.mp4,2304111
cyprus,1,1GjSHrTyJMLP3UdVU2nE6sub8B7aiPxTk,C/Cyprus.mp4,1770906
cytology,1,12bbeo50ISiubd6AM5Cp9d0ldQzwxPA4T,C/Cytology.mp4,3863694
czech republic,2,10TfBFA_9_-S25gEg7u7gDiF2W9EEbr6z,C/Czech_Republic.mp4,1799233
dairy science,2,1941fdPS9pOHREn2dNr37Di7s_94nGO3x,D/Dairy_Science.mp4,4581477
daisychaining,1,1ylv_wL4o-oExucoGtemtAMTc-_tilBZl,D/Daisychaining.mp4,2355064
dal lake,2,16kIuNpewa6-CgnI-5DlMAeznaQ2gCBtG,D/Dal_Lake.mp4,3070760
danger hazard peril,3,1wUsH4idSqoi5nWTdMmWsTQufC87cCiRW,D/Danger_Hazard_Peril.mp4,3703002
dart,1,1uQRyQ9pAV0c03ydZEQ-yxz3YaZcUlKL6,D/Dart.mp4,1568784
data information statistics,3,1i2IwDyJFAmMDdnG-D12rKBBu7thdByVP,D/Data_Information_Statistics.mp4,4816286
date of retirement,3,1Qc2FZ4IdH4dc3kNbzP0LCIbv4oEtUyOr,D/Date_of_Retirement_(Sign_2).mp4,7223417
day after,2,1fN12_GgZODbc1NhqTkm9DnOWZXg3Cmot,D/Day(s)_After.mp4,4719028
day after tomorrow,3,1r9JfDYv0sowYBl80uT5WdJIjftDePjsp,D/Day(s)_After_Tomorrow.mp4,4540077
day before,2,1DGhUs8aJcEzGBp12OCkzjKd1_3nfy30S,D/Day(s)_Before.mp4,5205453
de value,2,14goHIEdQ0UvpnnAB4nfvN0Z8PKBcVPTZ,D/De_Value.mp4,2835268
dead ball,2,1wTe8kBatye2b-cmLbftw9AKCFxfnh8gx,New 2500 ISL Dictionary Videos/Yunikee 1/New English/Dead_Ball.mp4,4145989
deadline time limit,3,1pClimT-ugFWEJKPWfge_7Na5cSXzH20v,D/Deadline_Time_Limit.mp4,1803447
deafness,1,1Al4HVpMgQGj6pGLoVNhrVSrOQwlaYFlB,D/Deafness.mp4,1580741
death row,2,1AUxXBaJaYj8u1GJKdi1YdOODiifeVWMV,D/Death_Row.mp4,5598314
debate,1,1Xd_M9WyUOD1tbTms5f9n1vLRMWA_Xt-X,D/Debate.mp4,2645882
debit card,2,1K6vQ7VApmlDRASHetiQ6LvehSLStN2zu,D/Debit_Card.mp4,2159929
debug,1,1dw7_6TzVfvKGGlqF7S0AuSMRRuskWFfl,D/Debug.mp4,5925819
deca deka,2,1S9fXDL3Y9KBMcoibajK8TXTb--IHT9db,New 2500 ISL Dictionary Videos/Yunikee 1/New English/Deca-__Deka-.mp4,3719811
decade,1,1qQaeZy_rijGIsqD-G8KxU4-OwWM-4vls,D/Decade.mp4,4688937
decentralise,1,11PrcibShUAVBEsZF7vzBqxYxCVDI6bbu,New 2500 ISL Dictionary Videos/Yunikee 2/English/Decentralise.mp4,3427455
deci,1,1gAzRpjC7VvTuMewePTZtSHw76uk-eR6T,New 2500 ISL Dictionary Videos/Yunikee 1/New English/Deci-.mp4,2848053
decibel,1,1aA430GnVXcyx6-ixmZRuOvuTVxgFuTRR,D/Decibel.mp4,4168413
deck,1,1NLPU_QyRkqxDC4L2zxFQ71yyuJwt8mwK,New 2500 ISL Dictionary Videos/Yunikee 2/English/Deck.mp4,5041591
decrease lessen reduce,3,1D-rx_1drtJYCBL_zjtKcGHDC_KZkrgoz,D/Decrease_Lessen_Reduce.mp4,3011229
deep mid wicket,3,1NokljNbHWBtSrnF2uTIfws8V3hpoaaCb,New 2500 ISL Dictionary Videos/Yunikee 1/New English/Deep_-_Mid_Wicket.mp4,4742083
deepika padukone,2,1MbDVnzCiy3gBIK5XsXzvEmBf6MBAe7kT,D/Deepika_Padukone.mp4,1737541
deer,1,1h7i2GsIqKGGEs0BevRpmnuEyzS1NVKXs,D/Deer.mp4,1803738
defender,1,14TYoJCij7ANS_AatNCB_5M6HBV1W0TC8,New 2500 ISL Dictionary Videos/Yunikee 2/English/Defender.mp4,3755895
dejected despondent dispirited,3,1OCU9VsDmp-YT6wqiZotkqdUKnBCOeIvy,D/Dejected_Despondent_Dispirited.mp4,2286702
delhi sultanate,2,1DyUQf1q6SEurAdOBIgBpebgGOkvQMdbt,New 2500 ISL Dictionary Videos/Yunikee 1/New English/Delhi_Sultanate.mp4,7633157
deliberate,1,13L5YT9EEPfeollBdPRvnu5kkpFgdkfil,New 2500 ISL Dictionary Videos/Yunikee 2/English/Deliberate.mp4,5039203
delivery bed,2,1a5y4p51KWKqru_VLWy9-h2x9cXT7PrvS,D/Delivery_Bed.mp4,5164943
demographic transition,2,1WDMpzt2a5I5po6_vsi3VLW33w0VOp-8e,New 2500 ISL Dictionary Videos/Yunikee 2/English/Demographic_Transition.mp4,5943211
demography,1,1VGqhGdmYfPj6TXlMe0IB7c7-1K9t56VT,New 2500 ISL Dictionary Videos/Yunikee 2/English/Demography.mp4,5548710
demolishing,1,1DtZesJwbeVEdeBG9zTdvLJMSd_tmY7SX,D/Demolishing.mp4,3971341
dengue,1,1q9aQcTaX4tqnk4x-tjTzkRLCI3f3NGs4,D/Dengue.mp4,2236108
denmark,1,14h9f5RWELlTvT0Tivliz0XAN0Wda9xqR,D/Denmark.mp4,1671586
dental compressor,2,1HO9bMDljTNaWCt4CBiG4QKUMjp6vNO9z,D/Dental_Compressor.mp4,3976907
dental examination mirror,3,1yzBMLZwnGoopualYv4G8xiluLpUhs4wz,D/Dental_Examination_Mirror.mp4,6307438
dental lab,2,1krW0_b2LKiKmvIG4hWwdTyGUNlFCM6Sp,D/Dental_Lab.mp4,5237335
dental xray,2,15stz1jHHlCuzVhFwrX_lrJYRqOGPoeBK,D/Dental_X-Ray.mp4,2114040
dentist,1,12N97xI4eS0NdyAst7TAZlSYliAtzPuDj,D/Dentist_(Sign_2).mp4,2303089
denture,1,14vvPPObfNe4IzRPvE-j3lagsfQ3HUOJO,D/Denture.mp4,3775012
deny refuse,2,12W0e38gh_C6FoH_Y4AGAwid0I73VqUMI,D/Deny_Refuse.mp4,2409553
department of empowerment of person with disabilities,7,1BU-INVKNgIxa8R-8NqhmEIPcTGkXuBtJ,D/Department_of_Empowerment_of_Person_With_Disabilities_(Depwd)_(Sign_2).mp4,1968810
department of empowerment of persons with disabilities,7,1LokC30nRc23fqLY7XNW-mIbMGpnq8Rze,D/Department_of_Empowerment_of_Persons_With_Disabilities_(Depwd)_(Sign_3).mp4,2638832
depict,1,1_TeQTpNEMzI3ogAzh1kGO4feyjqyUUvs,New 2500 ISL Dictionary Videos/Yunikee 2/English/Depict.mp4,2515127
depreciation,1,14I08TC-gM52E31PhYTH-uVUzWfyfzYIE,New 2500 ISL Dictionary Videos/Yunikee 1/New English/Depreciation.mp4,4616436
depression,1,1_9qawl9OOyFggl00DeIVNy3eGSxIQ57f,D/Depression_(Geology).mp4,7594037
deputy director,2,1t-1NZf9zaZUnrxlnMuEB1pQe4O3UpI_m,D/Deputy_Director.mp4,2651016
dermatits,1,14AMlPtr-jZ_Nw-ccO6LRn1qGFNtKSyXI,D/Dermatits.mp4,6560618
dermatologist,1,1wT5tia6heP6HRO1r2A_31TEAb1NmwN9G,D/Dermatologist.mp4,4452475
dermatology,1,1E0D6VRT1JB3ZjwesxdtpioafCUy71Xlq,D/Dermatology.mp4,2772831
descendantsign word,2,1WE7pUkaKHLgX5FKIvvb-T3Ij8fx9JGpt,D/Descendant-Sign_Word.mp4,1795206
descending order,2,1Ng-EP-x0OIu55DZnde24VALZbaVnYBcb,D/Descending_Order.mp4,3678156
desert,1,1DgfqdEQswEdostqUOtgm7sjzYhONAVaB,D/Desert.mp4,3056152
desktop background,2,1Yk-Qoyv_ufrDAU2kzLscIOeohAPYdyan,D/Desktop_Background.mp4,5894772
detail feature,2,1pCV9EB8oV0KTPgVvCTUjvcGM8EwjpCXB,D/Detail_Feature.mp4,2455671
develop advance flourish progress,4,1pLY0nwAz3EQuFv1WS_a6vBAY6eDHPd0d,D/Develop_Advance_Flourish_Progress.mp4,1871141
developmental delay,2,1X29pnQbl2Ertn-84LI-iiUjuvWCnelXD,D/Developmental_Delay.mp4,5382048
deviate,1,15ka0DLRXzAslUQWaxSfL2YIAiqB3VBes,New 2500 ISL Dictionary Videos/Yunikee 2/English/Deviate.mp4,5045728
dhobi,1,1MAWK6UkBt611hQGa2VpXtYd4j-BB3ogo,D/Dhobi.mp4,3677765
dholak,1,1i_aK7cWk8ZLSoQeZxodet-UJUbidsy4r,D/Dholak.mp4,2581544
dhoti,1,1vltkN4OVBb9h3epKOAsQfS5dlOZ4xpZU,D/Dhoti.mp4,2424261
dhoti pants,2,1EhtEvii-tIfYuWhrpEu1RvrZHFevC-GG,D/Dhoti__Pants.mp4,2526069
diabetes,1,1ELJruy8s6hnqbP0w0fCVIs_oyiOycOf9,D/Diabetes.mp4,1998868
diabetic,1,1O9O8LRiZwetsWzl0COnpuKlENavgxdkM,D/Diabetic.mp4,6288125
diagonal,1,1sAhnhnaH-1Adm7W3kkR6QJ-cUy1CIYlE,D/Diagonal.mp4,3547512
diagram flowchart,2,1DLqlNd7F59YETJN2Noo-Fu8P3o6TMXaa,D/Diagram_Flowchart.mp4,4128948
dial,1,1Gk3rz2YN7PE1hM3JPpywSftDeYE4On_h,D/Dial.mp4,3080741
dialogue,1,1_i1Ur6cYdIGlOOTUmTAT8A0dJsVI1vJP,New 2500 ISL Dictionary Videos/Yunikee 2/English/Dialogue.mp4,4933112
diamonds,1,1K0k10k3QnDUQfUtA1ZENgUKkunZXT6Vq,New 2500 ISL Dictionary Videos/Yunikee 2/English/Diamonds.mp4,4253254
diaper nappy,2,1Ht7XRXbBgDDC0celYQyiN5COQLKxsmxL,D/Diaper_Nappy.mp4,3102609
diaphragm,1,1QvzEQvAJB2ns13opnyS2qGrI4XCDhcJg,New 2500 ISL Dictionary Videos/Yunikee 1/New English/Diaphragm.mp4,6595484
diarrhea,1,1po_J91PazTiKkl4szbFQUQ8r8YLORK3V,D/Diarrhea.mp4,2289331
diction,1,1i0Wig_frPgNJutalhimuCeB5GQaxQIbL,New 2500 ISL Dictionary Videos/Yunikee 2/English/Diction.mp4,4234097
diesel,1,1d3GHFde8uirHSY2ojxaHFNR_dkTX9YE3,D/Diesel.mp4,5630439
dietician,1,1SEEMERF7PfkPzqNnPSq7f-Xd3t8MCuyG,D/Dietician.mp4,3345334
diffused reflection or irregular reflection,5,1NO47Az61iLaZA4urAWwdxzjIKxEayhdp,New 2500 ISL Dictionary Videos/Yunikee 1/New English/Diffused_Reflection_or_Irregular_Reflection.mp4,4420575
digger,1,15H3UypuZAP73Cjxm1Zz6Gu1rvX_Vr5vN,New 2500 ISL Dictionary Videos/Anuprayaas/English/Digger.mp4,4334796
digging bar,2,1n9ywXG8RS2oGlhWDKtw8XPJjmkz72ufS,D/Digging_Bar.mp4,2856577
digital electronics,2,1CFD_CCcJfFPgY-NE-lUsfM_-RQA2GBRo,D/Digital_Electronics.mp4,7285069
din noise racket,3,1W5CwQJTEftFamDQMuUF-on7GAkBipiHe,D/Din_Noise_Racket.mp4,7820908
diplomacy,1,1CR9Oj0G78lra4rs6Q6xHgTrOznhsfCi8,New 2500 ISL Dictionary Videos/Yunikee 2/English/Diplomacy.mp4,6053141
direct proportion,2,1wTm0wWrOkj32wbhoe8WpupQBg8viyb5s,New 2500 ISL Dictionary Videos/Yunikee 1/New English/Direct_Proportion.mp4,5580678
direction route,2,1WtJS9oaw0GDUTz7pSaJdd0WstMH4XnA-,D/Direction_Route.mp4,2896859
dirndl skirt,2,1eUOxHOS5lBiF9PyyIR22At7VWpgI6Q1e,D/Dirndl__Skirt.mp4,7282338
disability,1,1ihbRDiry-CrxvFTZssI_akthQHNYSvFo,D/Disability.mp4,1670491
disagree dissent,2,175BzF-QtbNBkFd6mbKJh1O5oDF4lpHrw,D/Disagree_Dissent.mp4,4525583
disappear vanish,2,1rmdwx4qplQTrjap0bxURx63xg3Sb2al5,D/Disappear_Vanish.mp4,4709075
disc brake master cylinder,4,1m8syBO_ZDW11fYYgwC1SCkeYFrN0BWYp,D/Disc_Brake_Master_Cylinder.mp4,7818181
discipline,1,1kytKB2EeOkPyWVS46X9V8zb4hm5bsITO,D/Discipline.mp4,2086757
disconnect,1,1LOFtwAL58z984u1fOE_-85gh6h5gchG9,D/Disconnect.mp4,3709560
discus throw,2,1Zdh3mlOzTql3zzbRxA_FAoYdvGFHBHjw,D/Discus_Throw.mp4,1598793
discuss confer,2,1IkB1lUnGANy-uxyAVHV2GCPHsD11YvDj,D/Discuss_Confer.mp4,2311353
disobey,1,1pypgmVtLpKKMF2QI5nluuKG5L3H7dVC2,D/Disobey.mp4,4498250
disrespect,1,1jev5sIii1n2BwwqM53I5qqItlv2IJ2CL,D/Disrespect.mp4,2445151
dissent,1,120xEeJbipHu931htrbRbj4Ezhhln9V8K,D/Dissent.mp4,760012
dissolve,1,1nlCQ4OckKsZ9axlURX31uFwkOe76rKUj,D/Dissolve.mp4,6192814
distance learning,2,1SJqeLfM5jAYU6ZRFH8beolLU3NoEEGZI,D/Distance_Learning.mp4,3121537
distribute allocate,2,13WgI3PwOxYgDsPC6YrSXYaO9aW4STuAJ,D/Distribute_Allocate.mp4,2086190
district court,2,1LnNA1NXkjYgDU48Ix_EJvOEZpVakJDn3,D/District_Court.mp4,7047089
district jail,2,1tOnaIC5l5ZpdOA6luogCi72XJ6__anXF,D/District_Jail_(Sign_2).mp4,2401951
dive,1,1JM3FS40FXQeNd3ZFcxeBUP2AQb0K31A1,New 2500 ISL Dictionary Videos/Yunikee 2/English/Dive.mp4,6429345
diverse,1,1Ho93PlObxcg3zOSO-AOZkE5GXcu5FlyF,New 2500 ISL Dictionary Videos/Yunikee 2/English/Diverse.mp4,3211227
divide cup up,3,1-lhu1wEFKbBRsFOH0LdAl5lZ4E4u_vzM,D/Divide_Cup_Up.mp4,2269806
divide separate,2,114SI949PAwzKKKDlj0qyKaFQzoYQ8Lb_,D/Divide_Separate.mp4,2095280
divide split segregate,3,1T_9o4TuZ7izJVwTJPKTzQRh9F9Fqi-qz,D/Divide_Split_Segregate.mp4,2155998
diving,1,1331Jbc4DwqVbjqX8ohcjspfWxNlKX-tD,D/Diving.mp4,2585199
divisibility,1,15QaxbYey52XOAyYT6xr9GVkb5JCliJVt,New 2500 ISL Dictionary Videos/Yunikee 1/New English/Divisibility.mp4,2208423
divorce petition,2,1r8EShaa-2BK5bIjK5e6gy1abuL5y4Vfm,D/Divorce_Petition.mp4,5646886
dizzy,1,11edcZuWX0VJf_ZthwC4K7zUREK5Vkb_m,D/Dizzy.mp4,2667400
doctrine,1,10YLmF90VRV7RZJDtD1IEX7R92Sn_UzdR,New 2500 ISL Dictionary Videos/Yunikee 2/English/Doctrine.mp4,6184002
don't,1,1bxZb4alAz5-bLXMUcro9JEdZVijIUG34,D/Don't.mp4,2461681
donald duck,2,1x5IAtRNRZns-goQMIcxiu1Y3-_BAGRq0,D/Donald_Duck.mp4,2265766
donkey,1,1F47dwx-y6eZYgL86Q8pXzxS8FuhveYq2,D/Donkey.mp4,1861922
dosa,1,1upluSuO1qfKF0ckpDV_-bJlBV0pZS78M,D/Dosa.mp4,3336653
double burden,2,19JqADR4lqERrRv_GyncIB3ivYfXjxpej,D/Double_Burden_(Sign_2).mp4,2400555
double click,2,1dut-KQP7R_t4OsPakmZvdUtC5EEmPffK,D/Double_Click.mp4,3539329
doubt,1,16qhcTuSOi_68cGO7kyTYzjS6lYE2nUOz,D/Doubt.mp4,1624672
draft rough,2,14q9DYPXTNLs7TANqLuGWhkVpi-Uj-OMB,D/Draft_Rough.mp4,2000531
draughtsman,1,1oPswCMtNcG25b3TaAkcDnBLKdpUhyeie,D/Draughtsman.mp4,3769570
dravidas,1,1rY_9qi4h_nFWv2eJmh2E8uJeaRfgN4pU,New 2500 ISL Dictionary Videos/Yunikee 1/New English/Dravidas.mp4,4573018
draw string,2,1F21JcHCSIc4U34k_ob9NxEQbkW4f_jBA,D/Draw__String.mp4,5395162
drawer,1,1wYejusUmhiuZ7omsjxwtHcl8kauz7xmt,D/Drawer.mp4,2267102
dressing,1,1xQI3_xXgj68QQURiRYvBh-cLcKSItmrS,D/Dressing.mp4,4412891
dribble,1,1MzmpzwQgu7rvEhGoQMP7NBWplu4wlJHI,New 2500 ISL Dictionary Videos/Yunikee 2/English/Dribble.mp4,2855643
drill bit,2,1gPCCajPRe1HTRBxRvWxxcKHKY-8cHTDu,D/Drill_Bit.mp4,4215455
drilling machine pedestal,3,1qjgKuvvBI-kdiC6PiwfWmmUmEoPmkQB_,D/Drilling_Machine_Pedestal.mp4,4013083
drive spin,2,1zkWw2-ttOE_KQ1_MaUwgplqr4fY6kIgk,New 2500 ISL Dictionary Videos/Yunikee 1/New English/Drive_Spin.mp4,6234415
drizzle,1,1dcOha9GOGTcukxS5gGA77VDQC9fSzwP1,D/Drizzle.mp4,3666776
drop droplet,2,1ctFQ3VuMQ6pg2jdpN2Y9l0lvlpgeveCP,D/Drop_Droplet.mp4,3115324
drop let go put,4,1A4mbbwbyTA7JswJD-JQZhQeKwchBwfam,D/Drop_Let_Go_Put.mp4,2087785
drop shot,2,1_Sne2hEvm2oPv5PsWPt_KgKTFUlaPZHl,New 2500 ISL Dictionary Videos/Yunikee 1/New English/Drop_Shot.mp4,6867568
dropbox,1,1CzjxO7Vs4CXtgFpm2BK4V6Jx_ynnoptP,D/Dropbox.mp4,2980926
dropped armhole sleeve,3,19JbKOcE74n4sNo0VPGTTTiQyDkDI4GjW,D/Dropped__Armhole_Sleeve.mp4,6746434
drug abuse and addiction,4,1tyKP0zUBA_ZHGyf8t2awo4ja85u7Bge9,D/Drug_Abuse_and_Addiction.mp4,4785916
drug addiction,2,1JQEJ44fH15jyqzfYRsPYMSVI1pa6e6rV,D/Drug_Addiction.mp4,7566869
drug overdose,2,10sk3GftFmKZlIS5iHKvRaAAfSfC9cw6t,D/Drug_Overdose.mp4,3976852
drum,1,130hDmBY3Vlr0XMgkJ9XNUmvha4SqqMgT,D/Drum_(Marching).mp4,2360117
drunk driving,2,10XwRiaOtgedaa7DTSglamZ3m1zYJXFit,D/Drunk_Driving.mp4,2491799
drunk driving law,3,1P9XQ2rEiIU63bcYBx8iGg_ltlWzmWwy3,D/Drunk_Driving_Law.mp4,5312924
dtp,1,19zWxnNqTL2nG4PrSRPOwJBhxJPKwwINg,D/DTP.mp4,4408600
dubai,1,1udzOwgYKYE_WJikn0_K53KlWyicrsuR4,D/Dubai.mp4,2555584
duck,1,1Bx_z03t8rKkaXt-Qv61RQYfBYAcJQi-h,D/Duck.mp4,2284639
duckling,1,14dPFjy4S2dljx-VO-aw_8bLJmIGsR7Zc,D/Duckling.mp4,2808108
ductility,1,18GSfWy2t2DNSshUYB9JeM3lW_5NVgVzA,D/Ductility.mp4,7927836
duffle,1,1FP6c8tK5uwl7MoP_ZJkujJ_Utjw_1Sx5,D/Duffle.mp4,4850829
dull unintelligent dim stupid,4,17yzjkhvPtyuI0-rKevN67g0BQ6qZ1_XA,D/Dull_Unintelligent_Dim_Stupid.mp4,2295353
duronto express,2,14KeO5cLIvGNIrVZPinAPthQoXLeO95El,D/Duronto_Express.mp4,2736198
dussehra,1,1g1FwoyPta8_zpzlbWHA79zhUPCuXUqwJ,D/Dussehra.mp4,3404657
dust,1,1nfHKNxJN_NOzsUNKMzpHjeyKN9IXeUPG,D/Dust.mp4,3082434
dustbin,1,1cfHeMTmpBT11SoV7cNmeRc63k0kyfYlA,D/Dustbin.mp4,2319869
dwarf,1,1czHxgOxAmFGozF8V8MUK9agoWFx4G0dT,D/Dwarf.mp4,3034961
dwarf planet,2,12ZFEyPmMd7Ud-aXlMf3QGbxYqDxNRTnY,New 2500 ISL Dictionary Videos/Yunikee 1/New English/Dwarf_Planet.mp4,4190931
dysuria,1,1k3_tPSe4944i4fmzUmHOovW8QOls0I-4,D/Dysuria.mp4,6469003
e book,2,1BlvKh6h7qdU3WTip5OVg93xDyEb2cGy6,E/E_Book.mp4,6803338
eagle,1,1WzQRzm1ULSd0l1CRovu7pZT5kcNbm43-,E/Eagle.mp4,2395491
ear,1,1mCLA7EdkroC7kvunmPeO4Z3jZh7r1gWP,E/Ear.mp4,2349506
ear plug,2,1ZkbTkO1bB653LjhPIGbuCBIxmkMuFYID,E/Ear_Plug.mp4,7014440
eardrops,1,117sQiMjz-bBH3tSE4Rjdex_no-bM0kKv,E/Eardrops.mp4,4585880
early morning,2,1peiPKZuJLRnFK5YDEGeI5XZzHBGzDTbJ,E/Early_Morning.mpg,1886212
earth rammer,2,1QROrDlYQNknRajVjtYMd_HmRkfTWR9GY,E/Earth_Rammer.mp4,4654882
earthquake,1,1LPXrzpCt_5w_bxhmSUYTgj3dotbMaYvH,E/Earthquake.mp4,1964432
ebook,1,1PhRgPBTRpkySNhOO49tqK_yTh3l4Gwt9,E/E-Book.mp4,1987999
eclipse,1,1bE89j5E5Z5vXh0CqL4FM3ibbJ8-HG23R,E/Eclipse.mp4,2559880
economic activities,2,1qMbIR_ufdHmIshcGzBcagDgSkaZI4ds9,New 2500 ISL Dictionary Videos/Yunikee 1/New English/Economic_Activities.mp4,7628311
economic sectors,2,152TwfQIGtdhOrUqCqfFMNr2sDpNcmAkG,New 2500 ISL Dictionary Videos/Yunikee 2/English/Economic_sectors.mp4,4600262
eczema,1,1Q8fXvZv-AdjfDftOo_eL74M-2wvS4nb0,E/Eczema.mp4,7652749
egypt,1,1PEosThyKoR8vDs0Ln1gcx3QCbBRn73P6,E/Egypt.mp4,1841992
eight count,2,1_UQHzHYGGp9aqzWbnyhkT3bh8DDHlQuL,New 2500 ISL Dictionary Videos/Yunikee 2/English/Eight_Count.mp4,6980156
el salvador,2,1-LE1r3xS6jLBgdULwzht-Kh4VzxtV-8_,E/El_Salvador.mp4,1866533
elastic,1,1OXlOWgx1SdEf5zFFHrdXoXA1224FCNsQ,E/Elastic.mp4,6202259
electric tester,2,1_TvmVTfZ9cHyvupyjEc4H7GFGVo86A7s,E/Electric_Tester.mp4,3597304
electrical burns,2,1vmYoUPUnJdk54_AZeVIDzTuxJHL0ooyI,E/Electrical_Burns.mp4,4588073
electrical engineering,2,1dhlAbBfy4tkLXSqT_rNp-bU67q7GnqEd,E/Electrical_Engineering.mp4,3298889
electrical leakage,2,1eRQJ03AqOk-EDU1c7lmCExqHINvjqzPG,E/Electrical_Leakage.mp4,5502635
electrical service,2,1A5pioP1LtZvcE_IZSCj5Zc2xhu5MkbTL,E/Electrical_Service.mp4,2863205
electrician,1,1maPzUmZuYowP1JWkTtKATeohPuAt6g0n,E/Electrician.mp4,3463932
electricity,1,18-j1X3AOn_gPqVJa43-SslmHQmuyTqwK,E/Electricity.mp4,1850961
electrode,1,1dObFPa3sAT2xO2C1SMtuKIt0okWsbHml,E/Electrode.mp4,5167793
electrode holder,2,1ezGvS5m-VkzkD5YxZRFJFKXxbpIRQkJM,E/Electrode_Holder.mp4,4851182
elegy,1,1NXm4W72y4-zy9Ae1QDW62lENWR93BB6f,New 2500 ISL Dictionary Videos/Yunikee 2/English/Elegy.mp4,6971555
elephant,1,1JsNc1rdPJsVg4BPB_SdDiJsVbhYfj6CG,E/Elephant.mp4,2235719
elevator,1,1aJi4dDAHpK1K3HauZsWeCzcZAw4oJZsy,E/Elevator.mp4,1801737
eliminate,1,1u3W6mNMjm5pj6oTvlbM7xag5uLQdRXPC,New 2500 ISL Dictionary Videos/Yunikee 2/English/Eliminate.mp4,2739540
elite,1,18v7Rd2ZexZ1vJfjhUt4c8U4p9mwybUIF,New 2500 ISL Dictionary Videos/Yunikee 2/English/Elite.mp4,5060502
embarrass,1,1o9s7OL2DTiEBh_pZeDI2CaqIswjsRval,E/Embarrass.mp4,1882763
emergency medical technician,3,1jvuDRbJ2TDGIK1yPXB3yqpJDoto6SPSA,E/Emergency_Medical_Technician.mp4,3463573
emigration,1,1_KCToyT9P4LUpks8IqmGd0s6gvfROVsX,New 2500 ISL Dictionary Videos/Yunikee 2/English/Emigration.mp4,3294643
emotion,1,1o4U1VFi4raIFLgnq7rO01pd7LGo1Olws,E/Emotion.mp4,1629121
emphasize,1,1IFFQA7Dcy2FdDwIBXjtT-9rC-7p786Mf,E/Emphasize.mp4,3682340
empowerment,1,1ipV1MU60FkmhgnkmKckRCpWIekANAz4A,E/Empowerment.mp4,1811856
encourage,1,1Xp9K81glEYAhcUiZCRngwu3jyR2pOkVP,E/Encourage.mp4,2397523
end finish,2,1u6AxuPd0fNhwPhM7PWFoM41gpV7MZwpQ,E/End_Finish_(Video_Movie).mp4,2946527
endanger,1,1RIs8ScQU5lieNXay_7g8CP6Mx_hBc-nj,New 2500 ISL Dictionary Videos/Yunikee 2/English/Endanger.mp4,5572486
endemic,1,1UhBozbIAHON9sTDIoZ2q0nNdi0tVQ8hZ,New 2500 ISL Dictionary Videos/Yunikee 1/New English/Endemic.mp4,4575271
endemic disease,2,1Jn4gEMwKDFqJ-goCHbXvcyF58YkG73HU,New 2500 ISL Dictionary Videos/Yunikee 1/New English/Endemic_Disease.mp4,6086506
endocrine system,2,1O2wPtdwth7yRTF4qXqxfMe1R6y0zA_05,New 2500 ISL Dictionary Videos/Yunikee 1/New English/Endocrine_System.mp4,7211702
enemy,1,1KFREyOm9YJX-7pEZeVO5wM-Laflrbj6x,E/Enemy.mp4,1651561
energy meter,2,1rKtGsq57qt9s7_JfmAfJb0L6ea-phDpV,E/Energy_Meter.mp4,4724926
engagement,1,1LPY2_85fb8i8bjvYVlDahW1aeED6978e,E/Engagement.mp4,1603992
engineer,1,1WeFS35sBQM3sw0uWBn88ekqVSm458ugi,E/Engineer.mp4,2624879
engineering compass,2,11r-BZtSkrB_0CXHXNV9OeMvxDH3o4WJ7,E/Engineering_Compass.mp4,7555424
engineering scale,2,1jZ1cdpZ6COFf-E-Cag8iQQtCl3a7gyXo,E/Engineering_Scale.mp4,7285249
engrave,1,1WLXElG9m3vNQNfec8YrlgTPmoq17JqtX,New 2500 ISL Dictionary Videos/Yunikee 2/English/Engrave.mp4,4486602
enhance,1,1jMWAdIVxHrpbQtZ-Hk0inSjo5mzx4nzJ,New 2500 ISL Dictionary Videos/Yunikee 2/English/Enhance.mp4,4530633
enjambment,1,1M5Wa3ht8u-b-mmmkk3-6FqNiZeR3LTj1,New 2500 ISL Dictionary Videos/Yunikee 2/English/Enjambment.mp4,4230388
enshrine,1,1PXjCFd3o9SQ3uapnDOMoElVYjCAnTxg9,New 2500 ISL Dictionary Videos/Yunikee 2/English/Enshrine.mp4,3714361
envelope,1,1dejODYd_SvroT28OPKgYhubQ2DrV439a,E/Envelope.mp4,2684982
environmental pollution,2,1roHGdB5oJNNaegzCKEttrFuV1YuDxa_j,E/Environmental_Pollution.mp4,3908280
epanalepsis,1,1nArzxsKhj0nk62vVPWLucE0JJYdBZxJ_,New 2500 ISL Dictionary Videos/Yunikee 2/English/Epanalepsis.mp4,3535601
epaulet,1,1Pd-FGbWBQTuI6y2ECIYNiuMZZPZtitWF,E/Epaulet.mp4,4854001
epilogue,1,1JORGeczc7j6D-T_rAt75tnVCUqcvdReb,New 2500 ISL Dictionary Videos/Yunikee 2/English/Epilogue.mp4,5343938
epistaxis,1,1A-Pl0eb7cit4pveTy-JFBFGZaV3UoBrl,E/Epistaxis.mp4,5170876
epithet,1,1fx9Edqk0yDQWnYWk_BvZVbSeGPJWccaz,New 2500 ISL Dictionary Videos/Yunikee 2/English/Epithet.mp4,3540342
equestrian,1,1wAjKHwdI1pHg1eqpBjHl68EQW9oadwGG,New 2500 ISL Dictionary Videos/Yunikee 2/English/Equestrian.mp4,4849917
era,1,16con95hYn0tQ7tCutXM_7_ddUXOsyQPO,New 2500 ISL Dictionary Videos/Yunikee 2/English/Era.mp4,2329394
eraser rubber,2,1R8MSk4B0a8O3L7hwKUzq6acEpQD8jbSU,E/Eraser_Rubber.mp4,2415663
erect image,2,1n4DUscVLJyltUAEKNxnH3bOKxUTI5VE0,New 2500 ISL Dictionary Videos/Yunikee 1/New English/Erect_Image.mp4,3044519
eruption,1,1KVXaHonexgby-iX0l8xQr0XuGgcL0cMV,New 2500 ISL Dictionary Videos/Yunikee 2/English/Eruption.mp4,3618239
erythrocyte,1,1mbZrIcP4FwzAzxEYYwIPzbxKiCSz1dNw,E/Erythrocyte_(Red_Blood_Cell).mp4,4855490
escape,1,1VOeKIAuXXdn0QLIf1N20afW749LoK8gE,E/Escape.mp4,2087593
eskimos or inuit,3,1YTvNmThkm4-y9r-bpAvO0x8Ah94811Io,E/Eskimos_Or_Inuit.mp4,5526496
esophagus,1,1ML8Nsd06NiUQ45glGts2FwGJnddkL9Dh,E/Esophagus.mp4,6735692
essel world,2,1u8s13cHsJ1faii4cchdh3VA79_2leyyU,E/Essel_World.mp4,2400840
essential dietary minerals,3,19dGnV6-GSbgGa93VGmqbtjQdBMYolhcv,E/Essential_Dietary_Minerals.mp4,6150129
establish,1,1Bj0f3_lim69QgqOyfjzxiYARB7XROKPo,E/Establish.mp4,2470756
estimation,1,1AuSwtZyAjSb0TAQG5WbEGYKrZe-soWtA,New 2500 ISL Dictionary Videos/Yunikee 1/New English/Estimation.mp4,7153004
estrogen,1,1HGv9eNg9EofP9lAdFU6mS7lOf6TFOEXZ,New 2500 ISL Dictionary Videos/Yunikee 1/New English/Estrogen.mp4,4622659
ethics,1,1Q0lyx8Z6Rh6GCs1IDWfb2O7CwqBW_6AG,E/Ethics.mp4,1786011
ethnicity,1,1CNGUNswlZjd7FzB2ony4hwQaRQRI4KzJ,New 2500 ISL Dictionary Videos/Yunikee 2/English/Ethnicity.mp4,7101077
euro,1,1Z4Z9GJ6df99OUToijav8Rq0CgLsWXq0J,E/Euro.mp4,2174653
exam,1,18H0S2vYaVAj0f7EX8dW7GnCLDoFNYrqF,E/Exam.mp4,3040363
excavate,1,1JRdKOFCACJ32JZX3DfOKgZECnCPhtyaD,New 2500 ISL Dictionary Videos/Yunikee 2/English/Excavate.mp4,1636990
excavation,1,1FZmdr0tLUk6hLe0OlYq-PkeGJ1PZulKI,E/Excavation.mp4,4039943
excavator,1,1P1oajtuQvUBYIjZEog2Bqx44N9x1i-RX,New 2500 ISL Dictionary Videos/Yunikee 2/English/Excavator.mp4,5030183
exchange positions,2,113V-G4jJOFDnUQ2G0rjJeHrziLRLYHe3,E/Exchange_Positions.mp4,2154001
exchange swap transaction,3,1YGyX0hfA2WOQptOQpTwaXCgfp6JHo0px,E/Exchange_Swap_Transaction.mp4,1636632
excited,1,1vVhcXkebwCHVIRCcW0lxKx-hx5cbZHwZ,E/Excited.mp4,2176118
exclude,1,1vCU7NkKT8h7eMw9SXt-7VTsravpL41p_,E/Exclude.mp4,2377169
excursion,1,1bPAKcj1n9-XRpbZb4lPQ_7DBjYqX3dHw,New 2500 ISL Dictionary Videos/Yunikee 2/English/Excursion.mp4,2567101
exemplify,1,1xByLc7dTMofsaWk_ibeCW19i5N0T8YOi,New 2500 ISL Dictionary Videos/Yunikee 2/English/Exemplify.mp4,3028242
exercise mat,2,1c195VYrpKVuzzZZcWWf-0b8iT6smYEQL,E/Exercise_Mat.mp4,4708336
exerciser mirror,2,1Q2xKnp1cFNRLnkxkJqGkGBjq5wzI6OCN,E/Exerciser_Mirror.mp4,6705305
exert,1,17qL6h-pDSq45TNk3Ojoz8MxsC49jNdeG,New 2500 ISL Dictionary Videos/Yunikee 2/English/Exert.mp4,2200757
existentialism,1,1LLCHFwWjO_n1DMe03TfZsjaBRXrgx7fm,New 2500 ISL Dictionary Videos/Yunikee 2/English/Existentialism.mp4,4009867
expanse,1,1gcvs78_VqxANB7jTY8UUfxATDINPtI9N,New 2500 ISL Dictionary Videos/Yunikee 2/English/Expanse.mp4,2448003
experiment,1,1SiO2nmndKx8gqfYjOKl4QMe3-71KxJ_D,E/Experiment.mp4,3406615
expert specialist,2,1akIRRqIwBnq7-joiR6PeosCow2O2uLrD,E/Expert_Specialist.mp4,2670392
expiry,1,1b2YOcoEC2j-M_bzUzFDZV0TbEHssmqqx,E/Expiry.mp4,2857413
explain,1,1N8krZIRMKxcOk1vOfg-kwq57AZh6vRPh,E/Explain.mp4,1771836
express convey,2,1uVpx_Rz2FDcLum08kV0uqwj2gIyR2hBG,E/Express_Convey.mp4,1670132
extend,1,1tfhdWpFDI96il49aBA9n2taEBtj2EWRC,E/Extend.mp4,2334505
external body parts,3,1LmoTRGI6vXJuFdOa81WArlX2KK20Rjmd,E/External_Body_Parts.mp4,7322187
external body parts sign,4,1O9gYKESjiqWzW1kQ7scGAnWPepvEBWdi,E/External_Body_Parts_Sign.mp4,1654063
extinct,1,1IN2P3fOkURW2i2LRICb2m_i9fmBjhc3O,E/Extinct.mp4,2145965
extraction,1,1y714mLTJRsgg6HtfiLi5kgFg1Utnk2ck,New 2500 ISL Dictionary Videos/Yunikee 2/English/Extraction.mp4,3884045
eyebrow,1,15QLCN3t0qUFaNbAu6nYxBie8gTeiJp54,E/Eyebrow.mp4,2318066
eyedrops,1,1WIzFhrDi16HvtNXC-mhuCsH3084uSq-r,E/Eyedrops.mp4,3780218
eyelash,1,1DRtgWd6wsAykAyjBRk8xGroXE466i_ph,E/Eyelash.mp4,5911107
face cards,2,1PY0EMi-gY9h83xQwhx6h2FPyMp_un7o1,New 2500 ISL Dictionary Videos/Yunikee 2/English/Face_Cards.mp4,6651703
facebook,1,1cj568GZ5B7fHTT-JU1BUMbK4iYZMH8uc,F/Facebook.mp4,2110405
facilitate,1,1Ui2p4x0Rk5gjs85A3t5g30jrEimqZr-z,New 2500 ISL Dictionary Videos/Yunikee 2/English/Facilitate.mp4,2449119
factory worker,2,1pFZc4qhFY2An7x5fCp8TQSh-oHtX6xsw,F/Factory_Worker.mp4,2600492
fail unsuccessful,2,114hH0lJhCPLFCN3WPLyn79SgE-sV5QWz,F/Fail_Unsuccessful.mp4,2110639
fair carnival,2,1SaLb8lqb6rOKs8zhoGY-XitR1kk1u8Oy,F/Fair_Carnival.mp4,2326571
false flooring,2,1SIsuNZgD_vUD-15tzkaG7FTd7mBvGbGW,F/False_Flooring.mp4,4599207
family practitioner,2,14mt92EXWPXl50Z7vwgjAqQxL1KIyIWUn,F/Family_Practitioner.mp4,5495186
family tree,2,1pkFs-yuL3RxkU1ueRSfFaRdi7Tq4nDif,F/Family_Tree.mp4,7487024
fast track court,3,12_zgdEigIoLYvwFB3PLyvfiNDeyRocRQ,F/Fast_Track_Court.mp4,7589758
faucet aerator,2,1nSrhA8rcoXc4n979qxK5JRCq1qx8begT,F/Faucet_Aerator.mp4,4402634
faults,1,1yeNL0sIW5_e13q5Xv5cvl0AHFYQaccIA,New 2500 ISL Dictionary Videos/Yunikee 2/English/Faults.mp4,6264231
favourable,1,1QA0Gntg1Z-zHKuSyDMFEnP3dAFIn2oSV,New 2500 ISL Dictionary Videos/Yunikee 2/English/Favourable.mp4,2263371
favourite,1,1TtTUn89WLGNlbfRup68f5ZY6BPFTxaPK,F/Favourite.mp4,2396573
femur,1,10SHTJDrtV9DGpImsLBGfFLjcJ12MA5YL,F/Femur.mp4,6985640
fence,1,1qUHUX63da3fcEXIGXsmFIByMLevAMAf5,F/Fence.mp4,2396335
fennel,1,1_5nNYHU73b1V2my5TKdnwuJymR1EUCQd,F/Fennel.mp4,2401602
ferrari,1,1kUJ59-RS7bHvNvKVloFqTTR7HRGzqJM0,F/Ferrari.mp4,2450366
feudal hierarchy,2,1MI4MlRjhEG5pNC2RrDleOqDXZyWAkifh,New 2500 ISL Dictionary Videos/Yunikee 2/English/Feudal_Hierarchy.mp4,6168474
feudal system,2,17-zqauNQr2xo1hzFw_tAYI0Lr3xMumDI,New 2500 ISL Dictionary Videos/Yunikee 2/English/Feudal_System.mp4,4792958
feudalism,1,1xexY2etVx63mYfC3j4ABWVt3LNdNKiwi,New 2500 ISL Dictionary Videos/Yunikee 2/English/Feudalism.mp4,6077490
fever,1,13c5UevvOdQ0dQIFOynuHCOt_0mOLyLn_,F/Fever.mp4,1839627
fiancee,1,14Yc-P06avios3Yz_fYV4rYiSuu_-AJUW,F/Fiancee.mp4,2970350
fibula,1,1r4b0_0MAjHRyXy4RVxoo3lIlyq8CFwOi,F/Fibula.mp4,7532497
fifth,1,1PNVqeseNhRaBvQGyglM9grTQ5IwRdRj4,F/Fifth.mp4,2648507
figurine,1,1Lw2CaKZn_zX-niNyyBjHKIdgUVC8vEHr,New 2500 ISL Dictionary Videos/Yunikee 2/English/Figurine.mp4,2963769
fiji,1,1ILRTUw9b_1HR0gwfs7looZmGeIoGp3BP,F/Fiji.mp4,1915177
financial year,2,12wkTISWKw5afVp71gnwfU9gBQVvxke21,F/Financial_Year_(Sign_2).mp4,5363962
fingerprints,1,10QD8yntD9r2eWF5xTBEUoKxTOtl8OyL_,F/Fingerprints.mp4,6297433
finished goods,2,16ODhKJi028agaKgJW3LPwi-VibKwfQ03,New 2500 ISL Dictionary Videos/Yunikee 2/English/Finished_Goods.mp4,4399891
firbox,1,1xvYcQh8Lc7LLMYxqMyjbycvnsogdDyx6,F/Firbox.mp4,5550514
fire extingulisher,2,1Jm08qOQ9HVtd7eRV66x3vOxUxt5N-s3U,New 2500 ISL Dictionary Videos/ISLRTC 300/Fire_Extingulisher.mp4,3035618
fire station,2,1zHIgB_32KsSquSqQS-pJtRxx_CqSzXi0,F/Fire_Station.mp4,3267012
firefighter,1,1iorJftYCkUTvVuqBTgwoYHX2nWoUM-ve,F/Firefighter.mpg,4093956
first coat,2,1PFHS8G8iXdSh2BMsuWQwK5vwsb3Pz6G-,F/First_Coat.mp4,5177619
fisherman,1,161U8ncI-By6zwpHMWMGRcnPaygjiznXI,F/Fisherman.mp4,4619007
fitted,1,1wKsmDmw0C_VuODOSCVIN-i5iXoW-UVvv,F/Fitted.mp4,5175571
flame,1,1d_fk7ZUUfF0GzP2zRN42epLQhasvBkFa,New 2500 ISL Dictionary Videos/Yunikee 1/New English/Flame.mp4,7948963
flashback,1,1ZPGXybb7_4Y3uUvXOtST1V3oYRDRVtG5,New 2500 ISL Dictionary Videos/Yunikee 2/English/Flashback.mp4,4409946
flat belt,2,1YvBNkAtniGoPFVv0khvJbrQ6rryDM0BY,F/Flat_Belt.mp4,7824204
flat racing,2,1GVQJvxPyvCglI2xR2kGHHnlOIbleJPps,New 2500 ISL Dictionary Videos/Yunikee 2/English/Flat_Racing.mp4,4101125
flatfoot,1,1Oh1ALTX0QU6glOPkb-c2QZ3FhvrP10vv,F/Flatfoot.mp4,5941750
flatulence,1,1dagcI3MmLxogD22IsZU16nLGBF_8Wf2x,F/Flatulence.mp4,5399235
flexible,1,1jNdI6pN1fMkrOSSCb7ziA5LOfHl_Gzrh,F/Flexible.mp4,1948055
flight attendant,2,19acC2CTi7YUVrjHl2QFbWq8_qsLJoNKi,F/Flight_Attendant.mp4,3238157
flipkart,1,1V3XBHfPfWK2gdmbnD_Fk6Z0Ra_rW3OFk,F/Flipkart.mp4,1779123
float,1,1hQuGZCuMzUsJqHdu75O10bK-cfIh_D82,F/Float.mp4,5683119
floor exercise,2,1loo6YGPOggvf2NaaK2w-AMT5zHFZZUFI,New 2500 ISL Dictionary Videos/Yunikee 2/English/Floor_Exercise.mp4,3323656
flooring,1,1Vulp5f71QQvGHN1WdFqclQNxAjX38jT0,F/Flooring.mp4,4138460
floppy disk,2,1JulmTlMaSiNql19hevN8rj0PGtYmXNlS,F/Floppy_Disk.mp4,6406321
floppy drive,2,17zXkbEmB3iPiuBtpvhrzUT6aTTd7sw7x,F/Floppy_Drive.mp4,7101474
flour,1,1WPd_WP21Ik35Pjj_htZjO-GB9495LYcc,F/Flour.mp4,3982516
flush door,2,1E2SOfMSPtwi_n7eDs7VC6I9fD8GF7jKA,F/Flush_Door.mp4,2723933
flute,1,106InqaVrUO1GoTp0idDg_Z8NVaBlLEuj,F/Flute.mp4,3421674
fluted pleats,2,1Qn59CqU28nu6ok3d_FzPvmBuIWEjTx8M,F/Fluted__Pleats.mp4,7545950
fog,1,1Dq_vKQCjzkRfNX_f2pUZ8_O2Xe2ArsRr,F/Fog.mp4,2694027
foil,1,1fvUZKKqks87_Qd2XMtVfUy5lzjqZfzAD,New 2500 ISL Dictionary Videos/Yunikee 2/English/Foil.mp4,7521507
folder,1,1yCONy5VQv7Fyhb6CWnXfwj2sNwXdM7gl,F/Folder.mp4,5921761
folklore,1,1x8O6713W7F2oPG2FEgPESA0Lx8BZGgR6,New 2500 ISL Dictionary Videos/Yunikee 2/English/Folklore.mp4,7888741
follow through,2,1PUfCOOCDYTK4XKsGoA5fY1hB9wpCEWQr,New 2500 ISL Dictionary Videos/Yunikee 1/New English/Follow_Through.mp4,6195138
food intolerance,2,1Shz9Rrn_4_QuubRJnWggzxcBtlC5azHV,F/Food_Intolerance_(Sign).mp4,2874147
fool,1,1DiVyl7LzaxbDQiqOUWccM7mq_2SLwT_W,F/Fool.mp4,2429622
foot path,2,1ZrEtaGSM0WEzO91LQBhmfV869aHxO-X3,F/Foot_Path.mp4,2898254
foot work,2,1coDTQrMxJw0QYnSS_gDRivhBYC6CNVcF,New 2500 ISL Dictionary Videos/Yunikee 2/English/Foot_work.mp4,4152731
foothills,1,1S2HyFPy56bQcAFuq4573q82WhouXAJuK,New 2500 ISL Dictionary Videos/Yunikee 2/English/Foothills.mp4,3106356
footpath,1,1ClqaWM-d1nnGXjFq2AMjljI25uPrQNSZ,F/Footpath.mp4,4171599
fore hand,2,1lheDuSa_CQKJE_5NqQETb0QmqVnpKyD8,New 2500 ISL Dictionary Videos/Yunikee 1/New English/Fore_hand.mp4,6218502
forehead,1,1iOZnSl7kTF-F-xXRTQulDbDJBUu0FGrD,F/Forehead.mp4,2466618
foreshadowing,1,1ND6gGNyrAN40woGynvhWAs42uQ0ChWbq,New 2500 ISL Dictionary Videos/Yunikee 2/English/Foreshadowing.mp4,3657347
forever,1,198hPRWOGDMphcJNyxNJM04_ca6y_kizZ,F/Forever.mp4,1883952
fork,1,11KEK1_okK-JSwrm2Umd7n4CdIrjZJ-pZ,F/Fork.mp4,2361660
formulate,1,1NA7alls9kicGQnUD4xrlUzPvLcFirIR1,New 2500 ISL Dictionary Videos/Yunikee 2/English/Formulate.mp4,3757532
fornication,1,1QWctIbIVnN1MOV_hl7R5gU_pmIXhVu4z,F/Fornication.mp4,7926228
forward shortleg,2,1soiJv5Q4Ne-c5Futtbclx7samzoNGvDu,New 2500 ISL Dictionary Videos/Yunikee 1/New English/Forward_Shortleg.mp4,4709931
foster,1,1Im-T64hXfjLqJ_-N9nOQ-Rrhp9CJOJU3,New 2500 ISL Dictionary Videos/Yunikee 2/English/Foster.mp4,2697917
foul,1,1zcuy_zlAlzhRGPjOi6jtTEUFbrRzyxv5,New 2500 ISL Dictionary Videos/Yunikee 2/English/Foul.mp4,4265518
four runs or boundary,4,11tkLewy2WuyIzdSBmuO52JhhkZwjq3U2,New 2500 ISL Dictionary Videos/Yunikee 1/New English/Four_Runs_or_Boundary.mp4,6593848
fox,1,1X2IuTzsFajGw0o4obyaX8CHrWSxJUffm,F/Fox.mp4,3265432
fraction,1,1Uqoomw3c8JsygQgQEuuygA8R4z6JEvIC,F/Fraction.mp4,501212
fragile,1,1BzHg7_xIw3LcUUb6KH-axJjGyxAWJhe9,New 2500 ISL Dictionary Videos/Yunikee 2/English/Fragile.mp4,3073449
fragmentation,1,1giyH9LaKkZ-rPDfR5vgkMrmi3CZsrSiC,New 2500 ISL Dictionary Videos/Yunikee 1/New English/Fragmentation.mp4,4987906
fray edges,2,16KKnDvran9DkXp1Rffz0EmW4P33TrR1Z,F/Fray_Edges.mp4,5680850
free pistol,2,1drAMCeCGVzW-rLlb-Ui0r-t4Z7MZjjfB,New 2500 ISL Dictionary Videos/Yunikee 1/New English/Free_Pistol.mp4,3194294
free style,2,1e054v-eAwMWzCKGDjLqGX7FxMfY5-uon,New 2500 ISL Dictionary Videos/Yunikee 1/New English/Free_Style.mp4,4807296
freestyle,1,1dzE73qG3OOMCIGXCCCgRg07t2PI6UosU,New 2500 ISL Dictionary Videos/Yunikee 1/New English/Freestyle.mp4,4681932
freeze,1,1wQ9AwQyowCi8Y0Off4dd_TbSrJASFzeA,F/Freeze.mp4,3268475
freezing point,2,10D_qnwqVitCh3806uikieAH506xUHfL4,F/Freezing_Point_(Sign).mp4,5330438
frontier,1,1XVLAscRhxoWOV6Vvm_9Ha0cwI2KXeBRq,New 2500 ISL Dictionary Videos/Yunikee 2/English/Frontier.mp4,3930224
fruits,1,1TAdQt3FczlAqn012ot8HXZalezVr_D1X,F/Fruits.mp4,2483025
frustrate,1,1f-oTekSvnqa9MlPZLDRvwDPFYWgUYgOo,F/Frustrate.mp4,2467662
fullfledged,1,12-XwLnJ7ug5TKdoVU6mq6dfV8OdAkvb3,New 2500 ISL Dictionary Videos/Yunikee 2/English/Full-Fledged.mp4,3181230
fun joke,2,136c2QA5aBrlThQYEgqBcFsQb5cD_SGoo,F/Fun_Joke.mp4,2291272
funnel neck,2,1OHzWlF52BmdOKY1HAn0Tcas7_JZ2lhpi,F/Funnel_Neck.mp4,5167850
gallop,1,1Y2QGIlp7R3KICU527gV9uuwibA22xgrH,New 2500 ISL Dictionary Videos/Yunikee 2/English/Gallop.mp4,6244892
gambit,1,1-QBfLqLXu9aeNrBXdJcDna7WmY6P10F6,New 2500 ISL Dictionary Videos/Yunikee 1/New English/Gambit.mp4,6300310
ganapati pooja,2,1LQaeCLicpyTQjRX0_BMx4gb1vV-1EQw8,New 2500 ISL Dictionary Videos/ISLRTC 300/Ganapati Pooja.mp4,2222152
gang box,2,1hrXBaq-4iTnfdCGMwqMff0LINEOmxm5k,G/Gang_Box.mp4,4490153
garage,1,1oofPPrz6gS1LA4h4VdDCkHswCdc7_nxe,G/Garage.mp4,3034016
garbage,1,1_DU7SiBFPbqAh_cc-bWCj25PmoGOO7l6,G/Garbage.mp4,2187279
garlic,1,1Pqo4dq0tAl1boZE4Ginpr_5svHprTUkv,G/Garlic.mp4,2777308
gas lighter,2,13OBcLJCde7x4-ktOstm7L_ajPrGA3W9h,G/Gas_Lighter.mp4,2601554
gas pipe,2,1ru931dAizVDk4QyPwPoPDVEGKp3Tq8nP,G/Gas_Pipe.mp4,3670907
gases,1,1NHEk0jr2ec3lLpRNqJ1axQWsL7OjUedI,G/Gases.mp4,6849468
gate,1,154t0M4C9c3qRsTadV2WelYq0pCkugWxk,G/Gate.mp4,2422943
gaucho pants,2,1X3CBtZKg6_rlR-s1vfe6xmur423CwD6f,G/Gaucho_Pants.mp4,5409576
gears,1,13WnXobLsqk8VpVy20oGlVMTzoa-muJ-V,G/Gears.mp4,6402102
gemini,1,18v4-fRr0PlhL-tlvSHqye-eWG_uw9cBp,New 2500 ISL Dictionary Videos/Yunikee 1/New English/Gemini.mp4,3832666
general secretary,2,1zAa2xTfKP5IruhJZM9SvkTxbI1x9tH3V,G/General_Secretary.mp4,2237194
general xray unit,3,19k69Mp4MVXLA8FQOrnaW-SUF50oYJqGZ,G/General_X-Ray_Unit.mp4,6396770
generator,1,11gSE-Vx0PaaBZ_Nb6-xzCfIDy_1qxC62,G/Generator.mp4,2289969
genetics,1,10UAy943mz4hzQZ7jqt3bhucf0wGGbnHd,New 2500 ISL Dictionary Videos/Yunikee 2/English/Genetics.mp4,3941971
genius,1,1UD8EOtCk6Gqw3nlhI57p26LIuV2aDxQU,G/Genius.mp4,2145575
gentle,1,1Wt28ki95eBqWVt7_WpRUt2oCD-OZ6XV5,G/Gentle.mp4,1908840
gentrification,1,1ILkPQWv7kLf0o5563U39U6uEaq1s1zxh,New 2500 ISL Dictionary Videos/Yunikee 2/English/Gentrification.mp4,6179545
genuine,1,1i5DqgmBdR7k4Pqhh2pPx4zMhb_LfUy7u,G/Genuine.mp4,2063068
geography,1,1tfSvM2LuZ2wSyOgvlzRaj3FChvu-OVrO,G/Geography.mp4,1581512
geopolitics,1,1cBe3Xg5r3xyz5jTuSfe1avl4e3bHhcGj,New 2500 ISL Dictionary Videos/Yunikee 2/English/Geopolitics.mp4,6281137
german measles,2,1zjWrfli3a0C1Y7203vvqHfQfbuNwZkVx,G/German_Measles_(Rubella).mp4,5523834
gerontology,1,1Pl3xHNbF0dBCZ7KJrNoN6hR27eZwys3K,G/Gerontology.mp4,7051009
giga,1,1UHVrkFaId5XClgEEOSZkdrLmPK18Yfno,New 2500 ISL Dictionary Videos/Yunikee 1/New English/Giga-.mp4,3223256
giga byte,2,1tohtUfIo5996vqUAcYfpTE25dC0cJjOf,G/Giga_Byte.mp4,7020888
ginger,1,1ib63_9N67cUHzQ-XPrKUc5gqu4AdXc20,G/Ginger.mp4,2253915
ginning,1,1Z3paALwUzkyb9eS6Hi0D0Wudfcc2VKtt,New 2500 ISL Dictionary Videos/Yunikee 1/New English/Ginning.mp4,4871766
girlfriend,1,1_o4MgoDa6IpxwFjNHMBTPoZdbmeOREBu,G/Girlfriend.mp4,2294486
glass jaw,2,10l4pcxeCXh5KAGuihDL0fzvQ0BQKjtaz,New 2500 ISL Dictionary Videos/Yunikee 2/English/Glass_Jaw.mp4,3193441
global warming,2,1eibu0JKZUt4oXwuwnetZQTDPUkhu3ZwD,New 2500 ISL Dictionary Videos/Yunikee 2/English/Global_Warming.mp4,5435694
globalization,1,1zCq6BrG1WGTEQVnlW4fsQ7gd8yaYIG85,New 2500 ISL Dictionary Videos/Yunikee 2/English/Globalization.mp4,6964533
gloves,1,1GOuRUzhrR3vDv8x0zC_EMGRCKeyiPRWe,G/Gloves_(Sign_1).mp4,2019410
glue,1,11m5fSnVwaNNY5y13OsMcYQybEKdbppJY,G/Glue.mp4,1739981
goat,1,1C0Sqp1SCo2gFN8hl46X_xrxgk31499iH,G/Goat.mp4,3460308
godet,1,1ixdp-IOrNlawZYWQKF-HlLTiQA7OK-sS,G/Godet.mp4,7557359
goldfish,1,1HDaNf6QuJVZ42Z4TRWgGF3_Onc-fhPLr,G/Goldfish.mp4,2920741
googly,1,1298YHo6IVOGB-zJ6NmxHvO8RIq8mY_WJ,New 2500 ISL Dictionary Videos/Yunikee 1/New English/Googly.mp4,3781572
gprs,1,1KvPD5Jqcarv-Nq8yNlGGjvT7GEQ-z5KZ,G/Gprs.mp4,4586259
grain,1,13c_sEtZ3nFTEltIkJKTXGokHQyVqHAAj,G/Grain.mp4,2971004
gram,1,1mzffM6_1APrmUgBb5GJY5MD0VRXb0BIo,G/Gram.mp4,3489057
grammar,1,1AsS0q0nTjDkBg5qLrFmx4A8x4NCXWDtm,G/Grammar.mp4,2690808
grand national,2,1VPe56-YEzItfZhePJV01BwxRAoudVW8l,New 2500 ISL Dictionary Videos/Yunikee 2/English/Grand_National.mp4,3300838
grandmaster,1,19cCboRHueMBwY7MhhDY3C5jIZ3pEgS35,New 2500 ISL Dictionary Videos/Yunikee 1/New English/Grandmaster.mp4,5381557
graphs,1,1T3k2UmV0APcmQpuAcOZt-anAICzBvmT9,New 2500 ISL Dictionary Videos/Yunikee 1/New English/Graphs.mp4,6531046
grass,1,1_hne5tz5v29dJspQ_5L989TSrXWDEjcX,G/Grass.mp4,2047183
green bean,2,1uSXYZDZGZ7GC6lSUgkwOqySBxPL5f3H7,G/Green_Bean.mp4,3366263
greenhouse,1,1UrX9YB6-mqLP4XVXOxoIOVZK3DM_9SIm,G/Greenhouse.mp4,4473098
greenhouse farming,2,1k8j0QaLRAG-AsrYynR02Cw_sUoyR2Ca3,New 2500 ISL Dictionary Videos/Yunikee 2/English/Greenhouse_Farming.mp4,5713946
gregorian calendar,2,1i5U9kcdoPXpSQfN4dgxSkE9s6mREFfCl,New 2500 ISL Dictionary Videos/Yunikee 2/English/Gregorian_Calendar.mp4,5785898
grill,1,1J7dSXf_K5LL6G8HjhfdKKKp6_O5gVia-,G/Grill.mp4,4013400
guilt,1,1WDYs15XzwfwQQdT-KwJ_j-hv6gk8loom,G/Guilt.mp4,2688609
gulab jamun,2,1XnKi6WtaL4BG5RTovVEgEDCY13zVhlOy,G/Gulab_Jamun.mp4,2427635
gulf,1,1Z4wub4uwIAcPRF46fTtXWKbs3eidhyzL,New 2500 ISL Dictionary Videos/Yunikee 2/English/Gulf.mp4,3442634
gurudwara,1,1gggLJ2pSKHAy_Qiymu9kEfeHw94fvSje,G/Gurudwara.mp4,2537778
gynaecologists,1,1sya-me5EEDdW4ocXUBwH-kz9HdiaZMAR,G/Gynaecologists.mp4,4932832
gynaecology,1,1stKpxunLPDLb0cgplYd8dNmacKG2PcHG,G/Gynaecology.mp4,5604917
habit,1,1oCENTOj5-gH1f1nJBapXKap9eGnwR1Pr,H/Habit.mp4,2451709
hack saw blade,3,1HS2mK5H8N3YUZSvxqKUPgiGHBXUe_5Xq,H/Hack_Saw_Blade.mp4,3538969
hack saw frame,3,1EfPnCFmFGpUdeH7FYCSuIQi8vTNW2c2a,H/Hack_Saw_Frame.mp4,4317964
hacksaw,1,1E6kdgNJcorCxDavRY3u5VMq4o3C-abp8,H/Hacksaw.mp4,3705853
hail,1,1cRm2gilaz1bsgKDAkAp-EcLQCxu_l5SZ,H/Hail.mp4,3673052
hailstone,1,1Uip4fMW4jIIKc6EzfesOldXfm0qMGAJy,New 2500 ISL Dictionary Videos/Yunikee 2/English/Hailstone.mp4,2538862
half nelson,2,1OTTNUt6odCSYW6KvkrN4f7YGCuxiBTiJ,New 2500 ISL Dictionary Videos/Yunikee 1/New English/Half_Nelson.mp4,5822212
half part,2,1kj2kWaqA3qX6cO4qFMgBZDAJpxZUIz9b,H/Half_Part.mp4,1735580
half volley,2,1R6-ALIs7M69tkY0w_Al84ZZkB7wLj3Ba,New 2500 ISL Dictionary Videos/Yunikee 1/New English/Half_Volley.mp4,6854944
halter top,2,1n6xAJim_Ql2Oz5uVWy64QDCb9G43wiMI,H/Halter_Top.mp4,5668832
hamlet,1,14T0g_qEU5Jzr-xHcfglaRl9h6ZXsXsxO,New 2500 ISL Dictionary Videos/Yunikee 2/English/Hamlet.mp4,2438213
hammer,1,1bQaBvcCK9ng2bYUYuB_6f9PLHYRCKs2o,H/Hammer.mp4,2536200
hammer throw,2,1R-zzAQTxyaeVY-93urJOLRZchDwbR5rR,New 2500 ISL Dictionary Videos/Yunikee 1/New English/Hammer_Throw.mp4,6829006
hand cymbals,2,1_SAlWCSluNs9YNXNxXykZ-aBEjjvJvUZ,H/Hand_Cymbals_(Manjira).mp4,2913856
handkerchief,1,1rqjUMWl7QYq4w2x0zzk6QE9h_u44EoHM,H/Handkerchief.mp4,1905731
handpump,1,18DNclW6O9ToWgyj44kPfNSxS5k8r3tBH,H/Handpump_(Water).mp4,2619560
hanger,1,1S-7dIR_6PhYvE5x2QEmVkWjp0ECQB5m1,H/Hanger.mp4,2997677
harmoniously,1,1YQgdS36QhoEJIlDoios61820RXAmDzN6,New 2500 ISL Dictionary Videos/Yunikee 2/English/Harmoniously.mp4,3321561
harmonium,1,1nGowlyTV_2CbzaMmIEP6WQrA71-n9gFt,H/Harmonium.mp4,2738561
harmony,1,1Q0xcJDlKm-745qykGjJ2SRy8qHCEFRmT,New 2500 ISL Dictionary Videos/Yunikee 2/English/Harmony.mp4,6530200
harness racing,2,11fb6q-MGsHBuMqf_LASEti_K7vKSZyWw,New 2500 ISL Dictionary Videos/Yunikee 2/English/Harness_Racing.mp4,4985061
harvesting,1,1rYrOrSIB3ALLAWRMx54KY7Zm81LJuAB-,New 2500 ISL Dictionary Videos/Yunikee 1/New English/Harvesting.mp4,6396953
hattrick,1,1GEBZfePdpDBE5V5hywj9AYRPJGxV2Rse,New 2500 ISL Dictionary Videos/Yunikee 2/English/Hattrick.mp4,3050847
haymaker,1,1jUipokVc-F15X3N4QAgAowjObaUawrr_,New 2500 ISL Dictionary Videos/Yunikee 2/English/Haymaker.mp4,6299374
haze,1,1mtmwbCOvghzYGekUiomjfvdO-yXcDqhK,H/Haze.mp4,2621673
head pan,2,1lwt7jO_tJUIASU6jVEwWSHHPhZfcni-V,H/Head_Pan.mp4,1851736
headache,1,1NZWs11LSYVHXuNpKpnrvugW9R22oHOis,H/Headache.mp4,1996419
healer,1,1XnwSzvguKoVaTf6_0UDJNjwLL95DgtZ-,New 2500 ISL Dictionary Videos/Yunikee 2/English/Healer.mp4,2138918
hearing aid,2,1tlFYwOvG3B4C_yvY5K180dDBu4BCMiC8,H/Hearing_Aid.mp4,4403153
heart attack,2,1ACynxB9124-wAernQJ_9NhCclZ4RLVdl,H/Heart_Attack.mp4,2319450
heart diseases,2,1LsX-EuGjkoF2jVp1QxDoLIE36rEawVKy,H/Heart_Diseases.mp4,4870111
heart love,2,1IcnS-TDIwWDsSsgTcED9JMYOzxMWlHEw,H/Heart_Love_(Romantic).mp4,2219753
heartbeat,1,1Ot_U4C19lryChWkwEIzVFEEgWEVqHpn-,H/Heartbeat.mp4,1840440
heartburn,1,14rNx7_igHA_CMcacxLkHdcp-1devvd2-,H/Heartburn.mp4,4445222
hearts,1,1J8n-PcI1X7ze1RCT1z44S5ypUSlF58Jh,New 2500 ISL Dictionary Videos/Yunikee 2/English/Hearts.mp4,3926874
heave,1,1p6LMnNcalw5JDBdz29bFGekcVfblttT_,New 2500 ISL Dictionary Videos/Yunikee 1/New English/Heave.mp4,3826714
hecto,1,1KuNkl745a5vJrF4b6EMWtB81vLxOo0x2,New 2500 ISL Dictionary Videos/Yunikee 1/New English/Hecto-.mp4,3357790
heel,1,1NykTa1YpLhuaVPN5xOl6XLkH4TgwGd8r,H/Heel.mp4,2938578
helicopter,1,1e-SWSl_jESSUIlBUUW9OLN4uqPCiGfI4,H/Helicopter.mp4,2231632
hen,1,1239WP83MoUCERrkDo8Mp6iY2vZddKZil,H/Hen.mp4,3102583
hepatologist,1,1a3JxQ1Mol4jf6hGYrk5x-B1gBktnPDjI,H/Hepatologist.mp4,5162719
hepta,1,1qiH084IJKcQU5y1Rfx0Qlkw2-RY8X4s1,New 2500 ISL Dictionary Videos/Yunikee 1/New English/Hepta-.mp4,3086190
hernia,1,1UHHHcjHlCQYculxdTveFG11rnoXS8j7F,H/Hernia.mp4,7824615
hero,1,1cgPMPIWIrBb-ED9mr_s5Tu_7QJovLNtM,H/Hero.mp4,2594551
heron's formula,2,1A2meXBW4LhByqABLSrm3V4ECYXwziv-n,New 2500 ISL Dictionary Videos/Yunikee 1/New English/Heron's_Formula.mp4,5137237
herpes,1,1FuY70DSCthZtXzy-Kil-vTqomoMq75Xt,H/Herpes.mp4,7985175
herps virus,2,1EMeCeMKVKxwGHezOgtVvAtVd6qN6_EZG,H/Herps_Virus.mp4,5154254
hexa,1,18IFIfxRmTjcidwChl0J1iFnlh5_OKJ8C,New 2500 ISL Dictionary Videos/Yunikee 1/New English/Hexa-.mp4,3111891
highlighter,1,1Qi5rQ6VYfVDCw2MnzyhvWs15CmuEST-j,H/Highlighter.mp4,2604723
hobby,1,1l8hYWVhAtlXWA6lVG84d2XZiGhHDuMC6,H/Hobby.mp4,2401006
hockey,1,1gY1OLL5egyV79xaUGdE2rhtcixJNUlH6,H/Hockey.mp4,1689372
hoe,1,14KwzetsFL_ypPjRwnfalNQHWNPzJQrzL,H/Hoe.mp4,1654004
holi,1,1vqPWVN_8SCc0GFzSaw-J0XHWztHZdLU2,H/Holi.mp4,2243918
hollow blocks,2,1JWWDAVwXi4tYk4qEHmVhyw4oGKR2DHeo,H/Hollow_Blocks.mp4,5140764
holocaust,1,1qExcPGb9LC2Y0u5E3AB6SYEh8oggggE1,New 2500 ISL Dictionary Videos/Yunikee 2/English/Holocaust.mp4,3151185
holy,1,1ikVcvYNCahGeTM_MV0nV4JoxaEjTOruu,H/Holy.mp4,2019162
homemaker,1,1sswUTd98zIxh7zjk9bkA18VRGPGOr5ZJ,New 2500 ISL Dictionary Videos/Yunikee 2/English/Homemaker.mp4,3642384
homicide,1,1VVcPM30Cj0qu52lBZw8ACP1z8GtG-e3F,H/Homicide.mp4,7323984
honest,1,1oRY-Ml4m7djLu0Kgx0lB-rtgKxfMZUy0,H/Honest.mp4,1961757
honeybee,1,1uB4q1JIvH-bbp51_0okIbMNA4bDJJVtK,H/Honeybee.mp4,3416223
hong kong,2,19tEhNWT35Z58bd8H1A9VE_Tn30n77_xB,H/Hong_Kong.mp4,1921617
hook,1,14H0FcSOyQNnL1pUXLoHnF4ghg0DTL8BE,New 2500 ISL Dictionary Videos/Yunikee 2/English/Hook.mp4,4023822
hook and eye,3,1x5LnwxZnUZ9xxWCL20cGpqNyjwy39RmW,H/Hook_and_Eye.mp4,4591164
horizontal bar,2,18Wkm1_P4_kq-4CDtisKSQMP6ffSIfCvc,New 2500 ISL Dictionary Videos/Yunikee 2/English/Horizontal_Bar.mp4,2214493
horror,1,1B1SW9qVQdBuA6lMnSl8YFzbMm4GHPD_A,H/Horror.mp4,2220167
hostel,1,1HFwL_hstYD-wCDfJ-TEBXeTQLDKCn2oj,H/Hostel.mp4,1623276
hosticide,1,1_zP-rOcoUbIREw-wZYdtju6r_rELC8_v,H/Hosticide.mp4,7574300
hot scorching,2,1bGKDeb3qR42-1TFzNOMV63iaU3zz3fTh,H/Hot_Scorching.mp4,2601366
housefly,1,1TSm2fzFLCsTre7i4rUgfb9Sy6KC3gMIB,H/Housefly.mp4,2963585
html tag,2,1Rb-l6y-GzUrcY-117C5fK_TTCtRs0Lrk,H/Html_Tag.mp4,7206871
hug,1,1SpwvaYERnTBvYdapeggCV2cWAg2uu9hh,H/Hug.mp4,2553964
human resources,2,1VvOzx6dpalmMp20T2Rl3G9-N_n9e9ipP,New 2500 ISL Dictionary Videos/Yunikee 1/New English/Human_Resources.mp4,7900094
humanism,1,1rhdNJ_3mvyyqsYPRisCtlB_YkPfHGIW2,New 2500 ISL Dictionary Videos/Yunikee 2/English/Humanism.mp4,5010209
humble,1,1QojImAQ-ay-8Gj8hMHcyMRMZ7E0C2ryn,H/Humble.mp4,2037102
humidity,1,19t-3m_ABnaZ_GWZokgSkhgW43Ckq-NuR,H/Humidity.mp4,4031059
hurdles,1,1kcGDSzZzzm5XRE8OzXGW87GGfLLjjNf9,New 2500 ISL Dictionary Videos/Yunikee 1/New English/Hurdles.mp4,6281057
hurricane,1,1MuFw8UfX69_YsHYWcNvp8Nv6cvaXBH8o,H/Hurricane.mp4,6103069
hurry up quickly,3,1zQd3pIZXfrhL6IQ08GmyyNVzfsDVqXjx,H/Hurry_Up_Quickly.mp4,1765255
huskies,1,1L1EBMpFdJpedZ0A58iDcil_YQEBxFv_X,H/Huskies.mp4,7725513
hydra,1,1YTA9hnlSRpemFXdJiPIHV2a05hkFM9zU,New 2500 ISL Dictionary Videos/Yunikee 1/New English/Hydra.mp4,7557651
hypocrite,1,1rzENqEnmkXiWlDgXBEwd1DsRoAr2k6VN,H/Hypocrite.mp4,2554603
hypophora,1,1H7hhaSm6oGrUYanWOSdDwU5f3aGlnoZV,New 2500 ISL Dictionary Videos/Yunikee 2/English/Hypophora.mp4,4135835
i me,2,1lefg3-ffUzSudKdOO3YJ-IbO8lr06nk0,I/I_Me.mp4,5329337
ice hockey,2,1_2rc66DZNs4cb6BUcEr511kmpEMTJre-,I/Ice_Hockey.mp4,1548108
ideology,1,1iyuovi8BjzsT46orDFohPPKO2bVq5dXO,New 2500 ISL Dictionary Videos/Yunikee 2/English/Ideology.mp4,7855734
idle,1,1Jnl9ocpeoyxR3DVWkt-U6BkjR5hgrSfi,I/Idle.mp4,2267234
idulfitr,1,1FEqHFhhaUx2x-JlvK2jsB-FEtJpbdu-4,I/Id-Ul-Fitr.mp4,2672891
ignition temperature,2,1E3v1pKxE8N8DaV_iNsEsTJh8UuRBmt3O,New 2500 ISL Dictionary Videos/Yunikee 1/New English/Ignition_temperature.mp4,6871140
illegal unlawful,2,1gYJC2GO90A8vMAMTnnpnZYGOf1YRZk9G,I/Illegal_Unlawful.mp4,2710698
illuminating,1,1mUuSbMpIL2PVDbf-Uoc8kJfW3YH15D6m,New 2500 ISL Dictionary Videos/Anuprayaas/English/Illuminating.mp4,4542554
image photo,2,1TwvXuYjc8RymEMvwa_8P-jbz3QJLffkj,I/Image_Photo.mp4,2409397
imitate,1,18738ShdpAqWX3kZo8iGe9AYZuv8do_7V,New 2500 ISL Dictionary Videos/Yunikee 2/English/Imitate.mp4,3465181
immediate instant swift,3,1oFZkwe_AQYgY69IvcsSPMMIMdnR5P8K0,I/Immediate_Instant_Swift.mp4,2196559
immense,1,1QGuyJbhQzw45JdUYbmUw7xdQ9G18afKq,New 2500 ISL Dictionary Videos/Yunikee 2/English/Immense.mp4,2522907
immigration,1,1DI1fpQ9oc1mXqMrdnowE2J3Fdz3gkPM0,New 2500 ISL Dictionary Videos/Yunikee 2/English/Immigration.mp4,4364123
imperialism,1,1OLuYOA4GIRqPH8qtSG2CfMMqEk6jTa0o,New 2500 ISL Dictionary Videos/Yunikee 2/English/Imperialism.mp4,5662596
important significant,2,1y8S03Bc2TWREQKYL4vt5E2zLPshqcNi9,I/Important_Significant.mp4,2198755
impure,1,1h6hrk6QPbhxJH8sGRsPlKvWXhxOxDev_,I/Impure.mp4,2590599
inanimate,1,1DkZP0a0BxPAuyu-h1fiWNZT-Ki7i3Vd9,New 2500 ISL Dictionary Videos/Yunikee 2/English/Inanimate.mp4,3548864
incident ray,2,1Cc65TVqaqfAKOvHjy4QvMqy_K-7TgZ0Z,New 2500 ISL Dictionary Videos/Yunikee 1/New English/Incident_Ray.mp4,4558578
incisor teeth,2,1wpvOLw3ps77CoPsRofysRYRAAwZ_Ush0,New 2500 ISL Dictionary Videos/Yunikee 1/New English/Incisor_Teeth.mp4,3214850
independence day,2,1odaXjf-k5O9up5YNqWQBqZGw-Dhut7d9,I/Independence_Day.mp4,2604348
independent clause,2,14VKVLynY6OPxwdK6-bHM5r48atnlmwUj,New 2500 ISL Dictionary Videos/Yunikee 2/English/Independent_Clause.mp4,7812045
index finger,2,1Xp_4phl10cDZUeN8_bOxbZY6dSAPkoh0,I/Index_Finger.mp4,5588516
indian sign language,3,1t6sQrBo7MhqxD2TwOnY-qzv_-NR_Ihmx,I/Indian_Sign_Language_(ISL).mp4,2805859
indian sign language research and training centre,7,1Zv9vktRJl-CxwHc3GkUQC9tN7LIOfzsC,I/Indian_Sign_Language_Research_and_Training_Centre_(ISLRTC).mp4,2622203
indian standard time,3,108LU2G1x0DicZMamEpNRPJCr0KWyJNR5,New 2500 ISL Dictionary Videos/Yunikee 2/English/Indian_Standard_Time_(IST).mp4,5232437
industrial revolution,2,1a4vUQRmCRLdly_w1O44i9LS7IIRD7kBR,New 2500 ISL Dictionary Videos/Yunikee 2/English/Industrial_Revolution.mp4,4369003
industrialization,1,1dIW-Vx9ug32f38Shoig3WJUgxPrWvlJd,New 2500 ISL Dictionary Videos/Yunikee 2/English/Industrialization.mp4,4036454
infinite immeasurable limitless,3,1bf-HUI4hdKrs1J1tFrkezhxqe4-l21qC,I/Infinite_Immeasurable_Limitless.mp4,2812806
inflammable,1,1O4EbOef2UbS1emMjrrraFbPvsRaUSJZj,I/Inflammable_(Sign_2).mp4,6161566
informal casual,2,1ZoSlkUbDHrVvdhT3fqN4TMXCF5t-m6Ld,I/Informal_Casual.mp4,2439050
ingestion,1,1vBiGzHt5sZvXSHyAC6tLOiFjc56HBCmk,New 2500 ISL Dictionary Videos/Yunikee 1/New English/Ingestion.mp4,3551121
inhabit,1,1d9nLMc9RsiQC2t3u-by6s-QkwLA3WnAj,New 2500 ISL Dictionary Videos/Yunikee 2/English/Inhabit.mp4,4275749
inhabitant,1,1P9nHJ9N7i735kElWkD3R2FTiwctwVsYa,New 2500 ISL Dictionary Videos/Yunikee 2/English/Inhabitant.mp4,4197212
inheritance,1,15IL6qb0qDz4lUEKDJcMQ29HLAyJCFSYC,I/Inheritance.mp4,7021964
initiative drive,2,1zWD2z4PiVmkvwpBQM-p2DXD7U5g5jDlN,I/Initiative_Drive_(Sign_3).mp4,7284240
ink,1,1DDhDk7kwUm36sXNFr4lGkHpKBUvL8evp,I/Ink.mp4,2353990
insect,1,1Cu-4NJYnlu5TleSqP1-zW32_Az90MiVG,I/Insect.mp4,3898620
inspection,1,1tAa6HMiaOEvbxj7tReXIKbf2ZoZWDBhJ,New 2500 ISL Dictionary Videos/Anuprayaas/English/Inspection.mp4,7684055
instigate incite provoke spur,4,1Rxsy9hrUS2H4SIYeXyG6clm_rvLLhfBw,I/Instigate_Incite_Provoke_Spur.mp4,5430720
institution,1,1kE_tYNTcMKW-WBZklsxxX3hDJykbvOCe,I/Institution.mp4,7380415
instruct teach,2,1Qbcx-61Bx7ixdW_pfTk0vrSL1j90h2IK,I/Instruct_Teach.mp4,1882306
instrument trolleys,2,1HR878h-NPhEw1AxEYQZXWuA6TfM3R6ia,I/Instrument_Trolleys.mp4,5686179
insulin,1,1wHB_S28WTlg8o69ZIytQ47lRHMcR9J1F,New 2500 ISL Dictionary Videos/Yunikee 1/New English/Insulin.mp4,7397146
insult,1,1rsDp6zQU4gfiL-WeoTwaWQb3umbqCrWz,I/Insult.mp4,1811201
intelligent brilliant smart,3,1D-E4A8wAu_VYnjDhxJcnTSsnRIPYSk1K,I/Intelligent_Brilliant_Smart.mp4,2355463
interdependence,1,1rVhIGutIiD2YhaWzswTY0dz6HxXasD9q,New 2500 ISL Dictionary Videos/Yunikee 2/English/Interdependence.mp4,5537073
interlocking,1,1IwkUkf42jWfZV3tsgUOW3WUYJbV-phrk,New 2500 ISL Dictionary Videos/Yunikee 1/New English/Interlocking.mp4,7414491
international master im,3,1ctIUJhmGYJ-9o8xXhQkZkrrC7KlSg3FE,New 2500 ISL Dictionary Videos/Yunikee 1/New English/International_Master_IM.mp4,7788161
interpret interpreter,2,1nGemN2mOUgkUsWNor95x99A3CKDjxnbB,I/Interpret_Interpreter.mp4,1927077
intimidating,1,1e26mv3aWBhEBe5iz7FfU-cIymX10-e7I,New 2500 ISL Dictionary Videos/Yunikee 2/English/Intimidating.mp4,2900447
intrigue,1,1bsb_VPPgRvdOJPmmb7azlHHiprh85mnj,New 2500 ISL Dictionary Videos/Yunikee 2/English/Intrigue.mp4,2663791
invader,1,1pbKqbOfEbMLgyHaQb2Zl2wdkpp2APnZg,New 2500 ISL Dictionary Videos/Yunikee 2/English/Invader.mp4,4830900
invent create,2,13TG1044nPPl8Zz35HH9HP3-FrqTteU9X,I/Invent_Create.mp4,6246472
inverse proportion,2,1Isj8UwKqhNBPY9fyBkTwCIp3lgNUkmlB,New 2500 ISL Dictionary Videos/Yunikee 1/New English/Inverse_Proportion.mp4,5485696
inverter,1,1x_4t2xA5fALxqTYSf843iHyNAvaSO97O,I/Inverter.mp4,2971525
involve,1,1__b0BhHoR-8qwxesD0LdEL9lkfTpDOkV,I/Involve.mp4,2442044
iron smelters,2,1ZDzywKIQ8rJQJdgmtcy8xK9RuF3z-wKA,New 2500 ISL Dictionary Videos/Yunikee 1/New English/Iron_Smelters.mp4,7298489
it this,2,1RyELv-_I3CbJYPMbHkE7nFFXiRCVn9BT,I/It_This.mp4,4441051
itch scratch,2,1rK5moqBKQRQvhikLvmgpNfGrM3TkIH8i,I/Itch_Scratch.mp4,1962221
jab,1,1hiuWgjbaNwZRO03voAwH-FDUOqGaHSw6,New 2500 ISL Dictionary Videos/Yunikee 2/English/Jab.mp4,3486326
janpad panchayat or panchayat samiti,5,1IcsgdbZzhry_fyjPuFpTycdbJHAJWirO,New 2500 ISL Dictionary Videos/Yunikee 1/New English/Janpad_Panchayat_or_Panchayat_Samiti.mp4,5873971
jerk,1,1NfwmIVV-Osft0KSaRj0KPeiVn1lTwoiK,New 2500 ISL Dictionary Videos/Yunikee 1/New English/Jerk.mp4,5256339
judiciary,1,1F__askrUvsbQyAIdnBnTU4birj1D4ark,New 2500 ISL Dictionary Videos/Yunikee 2/English/Judiciary.mp4,5338273
jurisprudence,1,1IeLgYli1rtXSA5YtvQvCQxZ1ie2DtKSN,New 2500 ISL Dictionary Videos/Yunikee 2/English/Jurisprudence.mp4,3695314
jute,1,1lE6ttlwismVb7v_VsUDf0blJ3jk0FQou,New 2500 ISL Dictionary Videos/Yunikee 1/New English/Jute.mp4,5472134
kelvin,1,1-cw8nizNGAZjHtGv9ZSeTBPTvPSBaNs9,New 2500 ISL Dictionary Videos/Yunikee 1/New English/Kelvin.mp4,7127642
kentucky derby,2,1DB8OYUtWk3jeHYFgv7PHAejr-G4nycUi,New 2500 ISL Dictionary Videos/Yunikee 2/English/Kentucky_Derby.mp4,6192670
kick,1,1JklH3sjRZjKUFn_c6cKXQKepELCZTUxJ,New 2500 ISL Dictionary Videos/Yunikee 2/English/Kick.mp4,2576962
kidney punch,2,17JNr_RRwvhdTFhz1tg88R88gutoKVWeh,New 2500 ISL Dictionary Videos/Yunikee 2/English/Kidney_Punch.mp4,2797972
kilo,1,1ux3_qttzJCHZeMP74wbeWy2BS5SarZSI,New 2500 ISL Dictionary Videos/Yunikee 1/New English/Kilo-.mp4,2865322
king's indian defence,3,1olx0MUMZpwQln5Ue9mwBFP7cMGtQhjii,New 2500 ISL Dictionary Videos/Yunikee 1/New English/King's_Indian_Defence.mp4,5833535
knockout,1,1AiAvnS4jrVeP5qdOUcNqMGdD9-jFU5tf,New 2500 ISL Dictionary Videos/Yunikee 2/English/Knockout.mp4,5600026
l b w hit wicket,5,1sLrKR3TX0zAedDI1RyQXH5Yi1w7XUv-P,New 2500 ISL Dictionary Videos/Yunikee 1/New English/L_B_W_Hit_Wicket.mp4,4717198
l square,2,1G1SCsLVzQzRzTz70ylaKSiG_lW--vQ-S,L/L_Square.mp4,3781972
lace edge binding,3,1zWT1bJj9dkOscEPq0BpEi9IrcxV8vzvE,L/Lace_Edge_Binding.mp4,4856874
lacing,1,16yfGfYrYrj08g-4qWXXxycg0IfxUkCLq,L/Lacing.mp4,5663861
lack miss,2,1_NBUOIKbX8lBeJIkggPZW7SXnb8toh_H,L/Lack_Miss.mp4,7199061
lacrimal glands,2,1hfckZvkNR-BWktTqpSgp9jtVDEhDM1p_,L/Lacrimal_Glands.mp4,5103427
lactation,1,1rse9uU_5s-Uq5JcsOjoRjWlifEo2XHg7,L/Lactation.mp4,6741232
ladder,1,1mgHP6LUepAzbYbQWxhTPtFn5IX44wOnv,L/Ladder.mp4,4364139
ladyfinger,1,1zAf7EdQeKuXx_dmO8Ji7mbL9BdSWbSub,L/Ladyfinger.mp4,1993170
lakshmi,1,10Fyju01zqXS6jlc6OnAd-GMRxyl5hcua,L/Lakshmi.mp4,2553091
lakshmibai rani of jhansi,4,1y6mGnrwkAdXrnhDublZ-3Ci64MHHrjhP,L/Lakshmibai__Rani_of_Jhansi.mp4,2232383
lamina and petiole,3,14_Lt_OQECrhQzbWwoe8baQradfbIzgKk,L/Lamina_and_Petiole.mp4,6425547
lamp,1,1D4cHoHSVbVszf_mIamksLQDpFRkF4Fwy,L/Lamp.mp4,2691567
lane,1,1LM56Eju8FW3qHYDewGLpWBqrzY-wEgWD,New 2500 ISL Dictionary Videos/Yunikee 1/New English/Lane.mp4,4158626
laos,1,1-pwmcye3ABxK48RwBXHi_nrJ6KFydXpg,L/Laos.mp4,1454814
laparoscope,1,1XaMXwrrxljOUUQ8QGbEsIOqmSKsXAlHT,L/Laparoscope.mp4,5633240
lapel,1,1tih369COqW6OgQQndtbMFfje7CaovD2M,L/Lapel.mp4,5662512
large intestine,2,1XECoRFKiSsBhbA_rOP4H-DNeJqqmrhE4,L/Large_Intestine.mp4,7868989
laryngeal cancer,2,13byZkC9cxPNXhCmRbu5QYXXNAcV5BmD7,L/Laryngeal_Cancer.mp4,4246384
laryngitis,1,1NtyoGqVphOyL8cGmQ9Yi1jrkwQ-hw2Rt,L/Laryngitis.mp4,5915500
larynx,1,1yf2nLciCsMbMi3uqLZkDnQlTgsELxGDC,New 2500 ISL Dictionary Videos/Yunikee 1/New English/Larynx.mp4,4748946
lassi,1,1-1th4q_Xexxea6WfSxUITrDg__3q0nKP,L/Lassi.mp4,2810731
last at the end,4,1OjIP83hkYb6Bjwdyto0RMUug64uCDPeI,L/Last_at_the_End.mp4,7124029
last month,2,1tXHsV5EXGvpQHefV99WTZs63ziq9MVi5,L/Last_Month.mp4,2496970
last week,2,1K59QBWHYgF50roUZxEuNo9pBZELpekLm,L/Last_Week.mp4,2260947
last year,2,15lf2vwIcHh9XEsNmMN4Grx_Q9ybeYxlX,L/Last_Year.mp4,1996565
late service,2,1soQK4CCZeVPzSispJF17Dp48kvgvwwes,New 2500 ISL Dictionary Videos/Yunikee 1/New English/Late_Service.mp4,7249434
lathe,1,1LEmp2c6C_gH8R_WjY8AiHMQ6-lQDNFUZ,L/Lathe.mp4,3227450
laugh,1,1Od7u2SpZQJxa5b8hB7zdizWPvyOqRs1A,L/Laugh.mp4,2293236
lauki bottle gourd,3,1q-dTS4GStsxitzyMQ39G_t1uofKFD7Im,L/Lauki_Bottle_Gourd.mp4,2330534
layered skirt,2,1m5DRM1VlbmZw8LowvcySoQN6Rbgg8rTx,L/Layered_Skirt.mp4,5948038
lazy inactive,2,1yxmtYg2JRBIWXR9W2dir6bF-hEw-neC2,L/Lazy__Inactive.mp4,1819183
lead guide,2,1p1VSB7yVp-6dQDXSIuOaZ9y3agZ61NVv,L/Lead_Guide.mp4,1753109
leaf,1,1qlEkryUr32LswMtadUAO3pAypjNgmISi,L/Leaf.mp4,1952456
lean 2,2,1hi1N3Imc1J0S34g0gV0oD3MEZl8wrCiz,New 2500 ISL Dictionary Videos/Yunikee 1/New English/Lean_2.mp4,4566039
lean season,2,1EEU_rdPSkCSYfubY9d_Nbfr-Iztqu6aR,New 2500 ISL Dictionary Videos/Yunikee 1/New English/Lean_Season.mp4,5663291
learning disability,2,1Uf38f4HmwQtAptOeUdsL3NK7DkBpJDO8,L/Learning_Disability.mp4,6901914
lebanon,1,1WkpXDKELVSmXkzFNjR_vAukl3Ogx_Vll,L/Lebanon.mp4,1963241
lecture,1,1QmDzlAnDUKemHe6TlMpnkexxC1NLiUEK,L/Lecture.mp4,1784243
lecturer,1,1JZob2RYRKOY4j1nLXcLADVtqddA9DLey,L/Lecturer.mp4,2722093
leer ogle stare,3,1pWfecyw85-T8SaWGOpdJsnpBz4pub-Kk,L/Leer_Ogle_Stare.mp4,2881468
left in,2,11Ivg1vxXYP3GRRHZwwCsZrEVN8Xr7T5y,New 2500 ISL Dictionary Videos/Yunikee 1/New English/Left_in.mp4,4013178
leg bye,2,1ex5_h0j11HA39wGv0halTOW0vAo1iWv1,New 2500 ISL Dictionary Videos/Yunikee 1/New English/Leg_Bye.mp4,7780075
leg mutton sleeve,3,1XENTaPtv01f1e5hwRyaQ5u9pYqSeaBpY,L/Leg_Mutton_Sleeve.mp4,5403184
legal lawful,2,1xTBJo0O3EvfW90ReZjR-Xj9d6BvSRpS2,L/Legal__Lawful.mp4,3467247
legend,1,1-9Wa_HU7xbQHdOJifRIdt1mf5-QrqRLr,New 2500 ISL Dictionary Videos/Yunikee 1/New English/Legend_(Story).mp4,6635653
legend person,2,1A-kY7XRS5Wfytuifvp3kkkQ79aoYgJTN,New 2500 ISL Dictionary Videos/Yunikee 1/New English/Legend_Person.mp4,6904856
lemon,1,1GYsJhYcsqZC-O6_bOKDYPJgsZT-TdqQ2,L/Lemon.mp4,2334048
lend loan,2,1aUxlUwqZfr6Es686dFcbt7e8h47AyQpZ,L/Lend_Loan.mp4,2708338
lenovo,1,1NcWh6JrQ5OJUSLcv848XGZsRfFMxDHdw,L/Lenovo.mp4,3263923
lentils,1,1BIaghyf3aMMWKmFFZk_YH1b9dY3RYmch,L/Lentils.mp4,3164090
levelling,1,1-UgAZoHy8WDBBh9AlUVZvkqc8PQzZh-8,L/Levelling.mp4,3097016
lg mobile,2,1sdxqTX0u1nRLuNIvxewawr1H1zzPKVeI,L/LG_Mobile.mp4,2734303
liberalism,1,1BxrVynjJgLrwYuvF1XQrXOuENuT6bMyQ,New 2500 ISL Dictionary Videos/Yunikee 2/English/Liberalism.mp4,4918039
liberia,1,1P5UKZEezNekCjINAT13bfI__5BJrQ_oP,L/Liberia.mp4,1770866
librarian,1,1GNhD7K2nBpsxAhY7GZLXIafzUTDQgxv4,L/Librarian.mp4,1951910
lie false,2,11pJrlXl9N9FoXZPcfGgXdj-9WsJdwwwz,L/Lie_False.mp4,1954031
lifelong long term,3,1TcReK89IFf6WbZgfRImAJRfv8zlLb1BH,L/Lifelong_Long_Term.mp4,1944484
lift,1,1UyqqjverK75Yi6lyY37rpUhBiEmryDtF,L/Lift.mp4,2214224
light fixture,2,1cL8KPjsAw2D-O_OHddgPOIQoPiUTjP2l,L/Light_Fixture.mp4,3756116
lime paste,2,1QqBjvGiyMR3LoA2JhI0R060cunM2t8Q8,L/Lime_Paste.mp4,3784135
linear equations,2,1EY34jV6DyMEFGV5UpnU3eSeF3jxsoLcK,New 2500 ISL Dictionary Videos/Yunikee 1/New English/Linear_Equations.mp4,5084003
lines and pins,3,1gKZQEZYi5AFU0RRMaXfAe6jiNch-pM1o,L/Lines_and_Pins.mp4,7913079
link connect associate,3,1ByiEMN3w75mFa-ExwSSaww7wQYzTTsBN,L/Link_Connect_Associate.mp4,1897433
lion,1,15GhVKstIEap7psTAQcOYyPep-N_i772v,L/Lion.mp4,3344430
lips,1,1Ui5HM9CYOj7DC2UMlSrZNSpv3LulNipO,L/Lips.mp4,6492817
list points,2,1pOsyI_dfZ20DwsYNAYFCGV4t51vRWDWn,L/List_Points.mp4,2104816
literary,1,1RMD8gfrBulu0enPhpK_OTO9PPq-3N46v,New 2500 ISL Dictionary Videos/Yunikee 2/English/Literary.mp4,2810193
litotes,1,1Aa-NUw3M0Jv-voQJOkGl5MFzriA0vT_D,New 2500 ISL Dictionary Videos/Yunikee 2/English/Litotes.mp4,6405829
litre,1,1SsoEzCC9i2R2XR44yrIeUUdfv4JmRt9E,L/Litre.mp4,4876243
little finger,2,15MqRGXUjMfk4jp2coVn2kPI9_gjk1YwS,L/Little_Finger.mp4,5185535
little toe,2,1UnneAey7BIzNvNaVjAwTjRgaJh-jOtgg,L/Little_Toe.mp4,6546888
livelihood,1,1XbNCeUyjSTlDVZVLTpL410WY4e0-k-x6,L/Livelihood.mp4,2222215
liver,1,1e-IArUHQJZN1QWKwWJwOSL_ZWiUkgkbd,L/Liver.mp4,2056065
liver cancer,2,1sg47mYgp342uKprgveOkuGSYdtrwUKKw,L/Liver_Cancer.mp4,2840544
liver function test,3,1II9quEbzCv-wZm9iVjPS7dF4W-PNJEt5,L/Liver_Function_Test.mp4,5175929
liver shot,2,1ej4CGkuwB2H6_ClWt9rtgBZChAP2Nebp,New 2500 ISL Dictionary Videos/Yunikee 2/English/Liver_Shot.mp4,3448848
liver transplantation,2,11A5PawFiUyi2E-nyLPlzvstGg4rNQmxA,L/Liver_Transplantation.mp4,5510713
local train,2,1YUIWuJjVsMKUbJwv_hxkAvSdSv-Wecle,L/Local_Train.mp4,2144365
lock,1,1VTq3EgUpVBOrY9Wz5FRfG2ZdBSBYWn2f,L/Lock.mp4,2128160
log off,2,1-PP5o5cCe3oZBgLN_-N0Ya-KpnikbG_l,L/Log_Off.mp4,3908357
logic rationale,2,1nPmuZoq_iosatAAtu3PELGnKgvtQ7DmU,L/Logic_Rationale.mp4,1673425
lose,1,1j4K6kIWTnIoq3EzGVYTc1YfTiJ4WQq7l,L/Lose.mp4,4025236
lotus,1,1HWtEnWAj-r1ZTmx71RNuaJrOhK5fBWhX,L/Lotus.mp4,5578751
loud,1,1hehUG6O5lBqVzRmpgNT-lZ3yHm6YivTv,L/Loud.mp4,5369957
loudspeaker,1,1lbhbpsiE4_QbmY19w3ALY1c0lbsWhDrH,L/Loudspeaker.mp4,3625696
love take care of affection,5,1yo4tuqZ_WSrVybOGXBExzCSgP0Fgpxgy,L/Love_Take_Care_of_Affection.mp4,3037341
low blow,2,1fyDyVDNLKIUzzWwnAtGLfjJAmGF6nyZ2,New 2500 ISL Dictionary Videos/Yunikee 2/English/Low_Blow.mp4,3579284
lumberjack,1,15X3_fVqJTlZRghf4TZJ4-KlwffA4ryxG,L/Lumberjack.mp4,5660722
lung,1,1mGJYKO6KrXkGpEbs-vb_JLbam19q_9y2,L/Lung.mp4,3060137
luster,1,1PQeFqFqLIHnWzYl2IwIIiRrLtCBQnVhC,L/Luster.mp4,4848463
luteinizing hormone,2,1fJc8wnHFAHX9uU2bRBtx5YRikW35gbjb,L/Luteinizing_Hormone.mp4,7890361
lychee,1,1C5ofSXfIALy3f87eJQxbDPC_BXH_KtOs,L/Lychee.mp4,2218398
lymphoma,1,1l3OUZAQ9KipFu3JKxSKs6Ph2V6ZZg-yO,L/Lymphoma.mp4,5248549
lyric,1,1WiExYAynVinFsTHbtNFM5BQxZetgpbUw,New 2500 ISL Dictionary Videos/Yunikee 2/English/Lyric.mp4,3651998
macau,1,16Is4JT0mNoGLU8nyzf4W_SkvynhWzRZN,M/Macau.mp4,1881551
machine motor engine,3,147M2wBa63dCWm5ppAEKiUs62zrsNhO82,M/Machine_Motor_Engine.mp4,5283552
machine screw,2,1JJzP0QsZ5snMJIjRxbzkHu0Qv9kz36sg,M/Machine_Screw.mp4,6195147
madagascar,1,1EBbGcC81UyHonFl-4BDj-YEzh3ahNf1K,M/Madagascar.mp4,1608161
magician,1,1xjSkYUHcUZ_gLkd2rNCv25W89aWtmuFp,M/Magician.mp4,2406896
magnetic resonance imaging,3,1xuOuK51HKCZIRQiLTLXlXqVkCQeoN0D2,M/Magnetic_Resonance_Imaging_(MRI).mp4,7275304
magnetite,1,17Uvg0BrK4rQ_Mms7dyWF-JquRSLVzEsm,New 2500 ISL Dictionary Videos/Yunikee 1/New English/Magnetite.mp4,3847008
magnified image,2,1i4GLyCKjrn2qbBXr4kwdivDwGblMlHLe,New 2500 ISL Dictionary Videos/Yunikee 1/New English/Magnified_Image.mp4,6917192
magnifying glass,2,14gagNfYFPMXBMHUU2B9zwP7_tSxZhd4Z,New 2500 ISL Dictionary Videos/Yunikee 1/New English/Magnifying_Glass.mp4,6496541
mahatma gandhi,2,1eGa6bi-YFNOTUh3TlcYarN-g83YzN5AD,M/Mahatma_Gandhi.mp4,2397674
mahavir jayanti,2,1IOt84sa9fdX1SWVBnbB3Htv2WqmFKvip,M/Mahavir_Jayanti.mp4,2152598
mahendra singh dhoni,3,1_lC1kg3Zrko0yHUcomA6ZqNw6z3i5Eer,M/Mahendra_Singh_Dhoni.mp4,1778428
maiden horse,2,1oUKjPCCHPwVLfSOC5LIaEeQo4rE19XHi,New 2500 ISL Dictionary Videos/Yunikee 2/English/Maiden_Horse.mp4,2667122
make a long story short,5,1BPNw79ZPsLF76pPW8HiGVsr6VgoGAOdY,M/Make_a_Long_Story_Short.mp4,1766894
malawi,1,1lLY3kOfgFRWpeAmEXsD4ZL8uuM257XAj,M/Malawi.mp4,1609242
malayalam,1,1zzzRRAAvY2aeGh4Ig0Pr61BfZwGmjmdy,M/Malayalam.mp4,5048817
malaysia,1,1PepI72v0TDz5nXhXHKtAwIraRabBF_iw,M/Malaysia.mp4,1776112
male masculine,2,1ZrQv4fwJXNwurCXpshgNrRCjMO1Japbr,M/Male_Masculine.mp4,1898938
mali,1,16A8aORUeZMyY9l_44KsuuroEVXm4lZXW,M/Mali.mp4,1278501
mall,1,1M52i1PqI4w7cK8i6T3Q0nTxSWcXvpUPH,M/Mall.mp4,2063342
mallet,1,1tAQPqVMtxOfZxqZamijCEJiI24w1_2Tj,M/Mallet.mp4,5659772
mammary gland,2,1evl2y9KnN4DB_2PnYte9BMSZOCGOYfu2,M/Mammary_Gland.mp4,6201240
mammography,1,17uYKaprGZ23e2S9y2I4m8f3e51kBVVQe,M/Mammography.mp4,7868260
manage administer handle operate supervise,5,1QeLqyFH8BX1-b6t9i3pBf6XWB2V62Gbl,M/Manage_Administer_Handle_Operate_Supervise.mp4,2090853
mandate,1,1If1FFDix6g5DL5Fel5xJm4rYpuMlKsU5,New 2500 ISL Dictionary Videos/Yunikee 2/English/Mandate.mp4,3197863
mango,1,1wEx5IkNTbYcFkOx9fgeftn3uOMwNfCVF,M/Mango.mp4,1736093
mania,1,1nNsbMXWK5QVmeFKNAIEodY7iKLXX09Dm,M/Mania.mp4,6462527
manner behaviour conduct,3,1AVneEQ4hoymh7qFBRPceyaJhFOh80K_R,M/Manner_Behaviour_Conduct.mp4,2041380
manuscript,1,1UGfx_eVVVLCGibMSeqjDz75ebn7cp_Oy,M/Manuscript.mp4,7968868
marathi,1,1BczgSN4mpJ933u5O_G8xhbkmFTgtQPfI,M/Marathi.mp4,1167501
marigold,1,1NnC9oU6UWdywbqDQa3Ry8LbKK8hDl1Vt,M/Marigold.mp4,2716752
marking table,2,1XJyyPLk4AdMiZiT6y13KkUMfCoOYBq9M,M/Marking_Table.mp4,7897786
marry wed,2,1cGbnRyyouGU2GyOaNWA5MUS51bfYcimh,M/Marry_Wed.mp4,5205453
maruti car,2,1pJHQ4vSKs_7or9vZaXtmSVSZAHLXSS1G,M/Maruti_Car.mp4,2706300
mary virgin mary,3,15LpqO2TkfDu0OthXd-THfcWWv6CiIQh0,M/Mary_Virgin_Mary.mp4,1839391
mason square,2,1exsuoJ-n2WPwmiHVpXAeRi620SJybtc9,M/Mason_Square.mp4,5934667
masonry bit,2,1tNd5jsKF130MvrBM86yMyGrVU6Ml4mQs,M/Masonry_Bit.mp4,7825452
mat,1,1LGvrjenfDf7GcRqZYy58fYVk3sUElutY,M/Mat.mp4,4551667
matchbox,1,1sd7LRru-CPQ-B0z0F9HF9QccYxPBUiTq,M/Matchbox.mp4,3869929
materialism,1,1Qd85c9ch3n0zWi--2nycyIn4Uo-UeG7x,New 2500 ISL Dictionary Videos/Yunikee 2/English/Materialism.mp4,4187115
maternal aunt,2,1AfPFIpwSESD9PVigKCOQz1HXeQs6gY4-,M/Maternal_Aunt.mp4,2066867
maternity,1,1M1Pd10HNgcFpWCYW3FL0UopkXZjWe1S_,M/Maternity.mp4,3477098
maths,1,11DIhq46Y_TIcJ19ItB7ogEYT9vhif1rR,M/Maths.mp4,1663195
mauler,1,1xvgnk5etnnFPcB6-uNGQM6f6TFRxRd-a,New 2500 ISL Dictionary Videos/Yunikee 2/English/Mauler.mp4,2462353
mauritius,1,15zty4Jr0ZtAPH90mgaVW_T5O0RJNeZgc,M/Mauritius.mp4,1773741
maxilla,1,1kfVu0dVBhxVLC7XN_Oaluz7_3tIhmoqG,M/Maxilla.mp4,4858031
mazdoor,1,1CT1LokVVOpGkE-z2A-9o0aXYgMwRi7cH,M/Mazdoor.mp4,2072076
measurement,1,1IJ3zViFHj3_hOeQW4mXEkQKrEbdr64nu,M/Measurement.mp4,1700667
measuring tape,2,1wsOxSR4z0gWDmAaVJKZy9WQKm5HOGCm6,M/Measuring_Tape.mp4,5577843
meat,1,1nNxAhcNfmqSnVOPQ6CUjbgwRw1h2JIHr,M/Meat.mp4,2390318
mechanic,1,1BNZ9H0Eop9FBpfSYmdNaoPmPdpG7-um0,M/Mechanic.mp4,3526454
medal,1,1MvjRkigqzVxuD-DjqO3dWFHlD8ApM7fk,M/Medal.mp4,5002795
meditate,1,1ZzBlQkn57mvI7KQNXx6-H0nzhJbPP70N,M/Meditate.mp4,3536533
mega,1,1Oqky2SLn28YIXtvknrCjHDyUQFDXKV1V,New 2500 ISL Dictionary Videos/Yunikee 1/New English/Mega-.mp4,5502785
meibomian gland,2,16dZ53cwJVKce56uDW3xKwNO2Ws3MOczH,M/Meibomian_Gland.mp4,4732672
melanoma,1,1DBLtltK7IYOUvYVVYTB_TIPyut6aZWBX,M/Melanoma.mp4,2335838
melt,1,1Nal7ZJYc9FInl_ZUAf_SVFFg7Mmpbw32,M/Melt_(ICE).mp4,3437100
members of parliament,3,1xRpghjOKUiYxzAOjnBO87yHF_tJrBoXh,M/Members_of_Parliament_(MP).mp4,7581079
memoir,1,1u_XFpIPMuwSqw3btCwe5J-ZQsbshvFlx,New 2500 ISL Dictionary Videos/Yunikee 2/English/Memoir.mp4,2946145
memorandum of association,3,1x_isF4DAdFEK0k4WSQs9O8W0RwIUBbSG,M/Memorandum_of_Association.mp4,6446759
memory card,2,1WQ3S7pmcpYx5vn0XYOQ_w5PneDtO0QVU,M/Memory_Card.mp4,4579325
memory loss,2,19E2yeNkxwTA2Rj8SFFXgdSb7bwUqFrFr,M/Memory_Loss.mp4,5137416
menstruation menses menstrual cycle periods,5,13DdwgiBuyRD2Nz2t5iuB2d7RUSfdIfY1,M/Menstruation_Menses_Menstrual_Cycle_Periods.mp4,1563594
mercedesbenz,1,1r50sBG59LCPSK_215-Vh87XRv3YhvNkV,M/Mercedes-Benz.mp4,2832515
meteoroids,1,1A57jebqujPOIPmHXCT7RZZJkA_C_8Zjp,New 2500 ISL Dictionary Videos/Yunikee 1/New English/Meteoroids.mp4,3734369
metre,1,1TwkFwWZIlI6NSAzkiAKvOPGD1BDJKxQP,M/Metre.mp4,4989536
metro,1,1fdtBOXL2fhQyxHzC51jGbVpFLTUMUMCv,M/Metro.mp4,2135145
mi xiaomi,2,1hBgsDnWRg8aJv0_LmwurfBKX_MnuMA_6,M/Mi_Xiaomi.mp4,2832614
mic microphone,2,1wdJwvUu-x1i78lUL3vGtH8t9_yR6hilk,M/Mic_Microphone.mp4,2298711
mickey mouse,2,12UqU-Cgj_4EwtdPNrxc_TIR3fUc1kF8a,M/Mickey_Mouse.mp4,2660289
micro,1,1FJrEwQeoOPiieSzsHaNHthvr-dcM7pXs,New 2500 ISL Dictionary Videos/Yunikee 1/New English/Micro-.mp4,3430330
micro sd,2,1RfXQEmwmBcyAMaBhBdoetE2b0hAqQQJU,M/Micro_Sd.mp4,5253562
micromax mobile,2,1WWK3ul9qRtM3uCtFl2fRyLFZuiFizhUz,M/Micromax_Mobile.mp4,2998136
microorganism,1,1rRiTtBmQ3ZbCcDjDctIoF5vCDsxmrtpj,New 2500 ISL Dictionary Videos/Yunikee 1/New English/Microorganism.mp4,6236737
mid on,2,1LO8aMcRtV1DpLcu4Lh7WkK6x9QqQMyCv,New 2500 ISL Dictionary Videos/Yunikee 1/New English/Mid_on.mp4,7604686
middle finger,2,1yrfIVECgYR3w5CjRoY9unlLDESWYodq7,M/Middle_Finger.mp4,4107880
midwicket,1,16JlsrJHAF9VqKQOjcIn67DIHSeD_irHQ,New 2500 ISL Dictionary Videos/Yunikee 1/New English/Midwicket.mp4,7015100
midwives,1,1qXJJLYudnOaxo_LU0-UWqkjqL-608m4k,M/Midwives.mp4,6363067
migraine,1,1aEzq2VVJkUa414xfxOf_EiTt6rAUtWOR,M/Migraine.mp4,6027763
migration,1,1XrYRRwPn-nkqjRiIgvl_By0Vrh_AHreF,New 2500 ISL Dictionary Videos/Yunikee 2/English/Migration.mp4,3369855
miladunnabi idemilad,2,1UVY63EAgrfwzKq4oskzhKQf7lUk01-9E,M/Milad-Un-Nabi_Id-E-Milad_(Birthday_of_Prophet_Mohammad).mp4,1804121
mild steel rod,3,1ftTE2GWhHzmTPUq4UrpC4wh1IFS1cNMK,M/Mild_Steel_Rod.mp4,4014489
mile,1,1TuEjOsMmn5soPmTRQY-es6IWmgAkJ34i,M/Mile.mp4,3575104
milk bottle,2,1AzCDjNFvBjqY3ZsmWMdpr6x4ipqhk8Ku,M/Milk_Bottle.mp4,2665067
milli,1,1YgbUr3bhMptbtvDFlKApMSqMCJGTMQgW,New 2500 ISL Dictionary Videos/Yunikee 1/New English/Milli-.mp4,3459029
millilitre,1,1NpcVyLPVy5-SqXotDM-RgmZjb6rh7eXL,M/Millilitre.mp4,5874357
milling cutter angle,3,1Z_bVuHAOUp-1EDtYXJ3NrMm337zmBS0o,M/Milling_Cutter_Angle.mp4,4859137
milling cutter concave,3,1-bgMN9ecZbFY0JvsgVlxfQO08g1iV0LT,M/Milling_Cutter_Concave.mp4,4312848
milling cutter convex,3,1V-g_5TMBCxswFzeKHtm95mwSNxQMgaWR,M/Milling_Cutter_Convex.mp4,3349352
millionaire,1,12s0ZJFyzLGaKfQaxtq23zFgYWtaBaAbv,M/Millionaire.mp4,3330493
milter hat,2,1bk4u25Lgc40lRJRsZhl57PlNP_Rc6Muy,M/Milter_Hat.mp4,4042425
milter stripes,2,1aMZzqmD2w76iQbIiJny3X7ovzlSOndU6,M/Milter_Stripes.mp4,4858157
mindmap,1,1YmkIw9khJNK66GmTNsGAItyhAQVQn1pM,New 2500 ISL Dictionary Videos/Yunikee 2/English/Mindmap.mp4,5139126
minimize,1,1PgEMaKyUeLlomv7xiuqADsc0KgFYCZ7s,M/Minimize.mp4,7276679
minimum least lowest,3,1z8yDtugpbqOsS5Wkfcv8Pick-DahHROA,M/Minimum_Least_Lowest.mp4,2191816
ministry of social justice and empowerment,6,1hE9uZrdcAtn3hUmbBNLDG2e2jh7CeG8n,M/Ministry_of_Social_Justice_and_Empowerment.mp4,1945382
minority,1,19y9ISkh12A1Wgx6cdNDk8hhAh4TbMtqe,M/Minority.mp4,1898121
miss absence omission,3,1OelzvEEHKz-wX9E0ztrsF7ReO3DNG8kM,M/Miss_Absence_Omission.mp4,1761173
mistake error,2,1NHye-wN5iqm3K16EEsRC4XSoXV8lIWFy,M/Mistake_Error.mp4,1326937
mistake error inaccuracy,3,1Zludl_wZ5a93728p9AqvcSgYv2zUSHYA,M/Mistake_Error_Inaccuracy.mp4,3029667
misunderstand misconstrue,2,1frOqy4uHR4BUvH2GRXKcjDTnsDxa9MVM,M/Misunderstand_Misconstrue.mp4,1841213
mitsubishi motors,2,1W1iOQltMv50L2ydK2xx1xyvqG15pHARd,M/Mitsubishi_Motors.mp4,2704098
mock ridicule,2,16VXYCJgfkhdLd_WPUVoZTnvwoMGzjBWb,M/Mock_Ridicule.mp4,1660031
moisture,1,1R3IJILZdHjUJac3DJAMjytkb9aXCJ6-Q,New 2500 ISL Dictionary Videos/Yunikee 1/New English/Moisture.mp4,5393759
molar,1,1e4o9D2wpNNKQX9vYWzWxSXmPaqM8b_jY,New 2500 ISL Dictionary Videos/Yunikee 1/New English/Molar.mp4,2789116
monarchy,1,1VdZoliVhh2Sai2FMr6vhE6z2mCS6-Wgo,New 2500 ISL Dictionary Videos/Yunikee 2/English/Monarchy.mp4,4723225
mongolia,1,1vS1Fp5KIpjZaHzj9ZkMaZehR6-8p_1QA,M/Mongolia.mp4,1646060
monkey,1,1Qes20b5WKF0ACsHNsJE1iC52mQv0xA3I,M/Monkey.mp4,3886634
morocco,1,1bbkR0V9nKTIPDhepb9zECPXPvP7PLk0h,M/Morocco.mp4,1824497
mortuary,1,1DwWDTwt-bDVcxS6yerZB1neiO57xTm-z,M/Mortuary.mp4,5869143
mosambi,1,1Cocgx_2cHBy39LQ9Rx2yLPB2zJYrenfs,M/Mosambi.mp4,1800939
mosque,1,1jZFK1WQSDLywqkPdhuXKe8ddHd4Hfp_s,M/Mosque.mp4,2535257
mosquito,1,1BDjXIMl_Tqo7fv1HVbPQ3x-tzwsUYz7I,M/Mosquito.mp4,3203061
mother tongue first language,4,1Ystuy0Owxop1JqZT1mBASl-EzHF3SWpR,M/Mother_Tongue_First_Language.mp4,3851165
motherboard,1,1vUQLdEBK7ESQRN7E_bWdxbaRCf2C8HLX,M/Motherboard.mp4,7817194
motherinlaw,1,19zk7yB9uLe7wF7tVL_rlAooltBzg8hoI,M/Mother-in-Law.mp4,2804334
motivate,1,1ZeeRHt2zy9P5yYjMsbkO-BUnYqBIQioV,M/Motivate.mp4,2145886
mouse click,2,1dDAUrYMLnTPRi9ypK-n3SYhphdjF4h8k,M/Mouse_Click.mp4,4851061
mouse pad,2,1uX8R2XKun3SfdEF_Ab_08xaXUxCQB6EZ,M/Mouse_Pad.mp4,5923249
mouth,1,1xR5uE_LnOnp1Vb_QzZPwEEuth5s_tjS3,M/Mouth.mp4,6184060
mouth organ,2,1k1XnyPPOHCqBqt08BjrY9YCjVOy24RID,M/Mouth_Organ.mp4,2650468
mouth spray breath freshener,4,1OPy9znvS7Ed9WZnBAfxA0POJBzJ7X7Rd,M/Mouth_Spray_Breath_Freshener.mp4,1946772
mouthwash,1,13Pzn_2NHmH8OBnateBTjGGtDiSlT9b7G,M/Mouthwash.mp4,2537334
ms excel,2,1yLkPQUzhS_5C8FOdL4kZxjyI0o6wNDQy,M/Ms_Excel.mp4,5414979
ms powerpoint,2,10NW0sio_N1AbK5AH9IAdnHpdK-YtZTIR,M/Ms_Powerpoint.mp4,2420426
ms windows,2,1MholgCwn6QMyv2tq7j4IRTL5Ofcmtepm,M/Ms_Windows.mp4,5398761
ms word,2,1nQ0wuhvgJlVQ39hgh5kNhYOoJrG_Qkcl,M/Ms_Word.mp4,5401516
mtnl,1,1UdKDv80Qbju2vOEGMrF2uYhgKP0ZskiT,M/Mtnl.mp4,2443808
muffler,1,1qNldoqb8l9nY2G0b2L_FhL7oqMUXrOmv,M/Muffler.mp4,4584562
mug,1,1reGDogOHekJF-o-O6ttGQ9yKJ52SjDpB,M/Mug.mp4,4850222
mugshot,1,1_R65mYHBDLFhvjKC-alN77f9fzZ-WE9o,M/Mugshot.mp4,6699752
muharram,1,1EODj-eCNLfbkWoecVTrWUl_fkesPZWpk,M/Muharram.mp4,2348837
multi storey building,3,1Wm-fR3qDh3PL2UVCQ3_nqtsDDQQE3Fnp,M/Multi_Storey_Building.mp4,3550020
multiple fission,2,1Xb9xV-n1yWqM2z3hcC6HAwYfFPqmBWi3,New 2500 ISL Dictionary Videos/Yunikee 1/New English/Multiple_Fission.mp4,3193205
multiplication,1,1bFD2ab06VvTXsPH45v8Mo_gt1ncfnVHC,M/Multiplication.mp4,2929112
multiply,1,1Go6Ry9GMMyAYDrIkxgpcTw0LBTe1tFDo,M/Multiply.mp4,5702878
mumps,1,1nEuOhj_aZS35I-LUwH0B25BLZc9TkEmw,M/Mumps.mp4,7025252
municipality,1,1kiXZKDqESBYwbgTHQoIhMtXD89gwPrjY,New 2500 ISL Dictionary Videos/Yunikee 2/English/Municipality.mp4,3828966
mushroom,1,1WCuNolT5B63Q2QwjPa6co4y6KBtZ1nFt,M/Mushroom.mp4,1794087
mushroom pleating,2,153ZCslfhHiKVUnCQxwyxvda3QUnMek-S,M/Mushroom_Pleating.mp4,4582216
musician,1,1DAW-Nf-h7eRbzEn33zaBas_ratz6BPE9,M/Musician.mp4,3475263
must should,2,1fJrJYdwOnav8nWgTmjBah4-xRDueVd36,M/Must_Should.mp4,2224184
myanmar,1,1XHtxjeZ-eD5DpodhSpKQv5dF_T0M9Lkv,M/Myanmar.mp4,1648732
myomectomy,1,13tcCxU2Vlwh6cwBUwXmmQwLytoCXx4VO,M/Myomectomy.mp4,5492757
nano,1,1o_EjVbsLvcIRk_Qt9Myv50nW79SZdRXy,New 2500 ISL Dictionary Videos/Yunikee 1/New English/Nano-.mp4,4315354
narrative,1,1VegsVq4zRNhYFdp6Z5es4QBBteGjCTbO,New 2500 ISL Dictionary Videos/Yunikee 2/English/Narrative.mp4,2884131
narrator,1,13uZJ7sn-9WTuyZFzgWzoiq5_yxx33TNu,New 2500 ISL Dictionary Videos/Yunikee 2/English/Narrator.mp4,6010187
narrow,1,1O8_rskr_bHturtpEQNCnYQN5XGsAa8zu,N/Narrow.mp4,6704906
negative charge,2,1ZxGt5kEpEqFj_AClseO0oucW80mOFdbS,New 2500 ISL Dictionary Videos/Yunikee 1/New English/Negative_Charge.mp4,6171246
neutral corner,2,1YBwE5_8zJNgBwLp3wZ8i0JPwBJ_chKPE,New 2500 ISL Dictionary Videos/Yunikee 2/English/Neutral_Corner.mp4,5109034
nitrogen cycle,2,1l7ladSn-OfX7Bf5VsK2zYGTUvq0WrPIf,New 2500 ISL Dictionary Videos/Yunikee 1/New English/Nitrogen_Cycle.mp4,4777378
noncontact force,2,1qVGZlZu7YybZ5gV0sO8qdoPo_TLp3-Lc,New 2500 ISL Dictionary Videos/Yunikee 1/New English/Non-Contact_Force.mp4,6124499
noneconomic activities,2,1ueLBOdljax1IBFAVOgY0UPqA4LP-Jwg6,New 2500 ISL Dictionary Videos/Yunikee 1/New English/Non-Economic_Activities.mp4,7797489
nonuniform motion,2,1dpptT65Uq7KxtshGXAJq9POgaYHmKIIO,New 2500 ISL Dictionary Videos/Yunikee 1/New English/Non-Uniform_Motion.mp4,4982012
not out,2,11Du8Vkm7dOYa3WeQNGZdFqtjo0k6Paxw,New 2500 ISL Dictionary Videos/Yunikee 1/New English/Not_out.mp4,3420668
nuclear membrane,2,1r2H9c7MfIBMAfc_Z_nBcAohE23CCHOeL,New 2500 ISL Dictionary Videos/Yunikee 1/New English/Nuclear_Membrane.mp4,7078966
occasion,1,1slS7eL5NUdaN_iMTex9udHnDxbZ9ddIq,New 2500 ISL Dictionary Videos/ISH/English/Occasion.mp4,6020294
occupation,1,11SzS_nkkGM-9oIw8yNxX3qTgyCwMqEnT,New 2500 ISL Dictionary Videos/Yunikee 1/New English/Occupation.mp4,5943702
off side,2,101T4VAWuBFjA_20eV0CxririaGYdMC4T,New 2500 ISL Dictionary Videos/Yunikee 2/English/Off_Side.mp4,6643274
offside,1,17OPb21c7xwW6EdtOH2Nmq6vbrScnokiT,New 2500 ISL Dictionary Videos/Yunikee 1/New English/Off-side.mp4,4937198
oligarchy,1,1p3t_o9adjkM8iS2QtKsgdd5xc8U2zNkT,New 2500 ISL Dictionary Videos/Yunikee 2/English/Oligarchy.mp4,7079263
open race,2,1XU8zuN6LbyeydsqnO_du9i109oACyzGO,New 2500 ISL Dictionary Videos/Yunikee 2/English/Open_Race.mp4,7649865
operate,1,1QMQULEdyVi7AnS1kwTpmrffoxYP6CNd3,New 2500 ISL Dictionary Videos/Anuprayaas/English/Operate.mp4,7538050
overhand,1,1QMDJkDioz-l4yKGsPiIUJUfvXAzBU7YA,New 2500 ISL Dictionary Videos/Yunikee 2/English/Overhand.mp4,2448043
overhead,1,1EOsMslLpRMu8iW8WtWYws7AUjh8etyr2,New 2500 ISL Dictionary Videos/Yunikee 2/English/Overhead.mp4,3267175
overthrow,1,19UYMUdaYGCUgcNiwLiYkXlaEZ1QH7i-n,New 2500 ISL Dictionary Videos/Yunikee 1/New English/Overthrow.mp4,4801854
overtime extra time,3,1BfS5ZHmMKi-Ik5CFgwAzrrlcmJUMJbHo,New 2500 ISL Dictionary Videos/Yunikee 2/English/Overtime_Extra_Time.mp4,5131788
paan,1,1DQAVY0DkLnKn3Brj-Le_pwf1Lc73p1Wk,P/Paan.mp4,2803953
pack of wolves,3,1vO-Fvi4paIX2h1vwHNyWK3lfvs0NMnHF,P/Pack_of_Wolves.mp4,3588810
pads,1,1A9TAteL3Kscpi0uTf8f6S5NfCJp2b6HG,P/Pads.mp4,5001290
paediatrician,1,150j6MlFthbnIffIt9hIPPdlB0aKumG0l,P/Paediatrician.mp4,2501070
page layout,2,1JH3bdhrRZRKHNg9fyeUE9zmh84_sR_xV,P/Page_Layout.mp4,5151711
paint,1,1bYIk_JC75L6LYUmLw7NVvvtH4o1i_Xip,P/Paint.mp4,3388375
pakistan,1,1GALZPbl0MUMcdBC_rQA-sXXclR89ZD5l,P/Pakistan.mp4,1491868
pakora,1,1icy4cnHtOI3DrL1mi7lnb02pamhfePVn,P/Pakora.mp4,3061202
palazo pants,2,1R8dVhN3hl553le--J9q3DykK_iqjUVn3,P/Palazo_Pants.mp4,5177672
palm tree,2,1gltWZ4EtX4gprEAjbsxCG0YsJ-xPDo6H,P/Palm_Tree.mp4,2879159
palpitation,1,1mG8uTBRIiSZtIg7JCzQFOhfvXHMkgMUE,P/Palpitation.mp4,6023025
pamphlet,1,10w_IRWWga6BPW0bZOQyUGSIWjdC2Ou_w,P/Pamphlet.mp4,3054631
panama,1,1x0VFEO3NiGjth43KSbBvUun-MGBnnD1n,P/Panama.mp4,1360115
panasonic mobile,2,164lDlbFOq9KoocCMVJzrSRrMeOsJwDTp,P/Panasonic_Mobile.mp4,2989630
panchayat,1,1VbcdhvUTpxrgf0NEI0-RrGG7BZU0PBja,New 2500 ISL Dictionary Videos/Yunikee 1/New English/Panchayat.mp4,4619157
panchayat raj,2,1rCr3Dsp7qZ03V7oxd9GUDAhLNNx-7nhH,New 2500 ISL Dictionary Videos/Yunikee 1/New English/Panchayat_Raj.mp4,7909228
pancreas,1,1H5WTpG-_-i-Yq2_tJXqrW7qgPXeY-b-f,P/Pancreas.mp4,3967758
pancreatic cancer,2,1DFAnmVN53wlTzYj5ABoc-uejBkNband_,P/Pancreatic_Cancer.mp4,5478354
panel door,2,1PQIrHAyfIlxFq46MuoWAnG-0fOM5uoV2,P/Panel_Door.mp4,4604450
panic,1,1qsHMWBKKnRnKKWQ97SQjjeYfGUTSJhhn,P/Panic.mp4,2740205
panipat,1,1aj-hNOGPYWqofa0oVOW-YPfhouWwsUxj,P/Panipat.mp4,3889192
pants trousers,2,1k5axAQiZ9T11nkcUdP-V1TmXNKXTqsXG,P/Pants_Trousers.mp4,5731998
papaya,1,1hdDuQZaGL-FtwZwefcZ70hngojCedcA9,P/Papaya.mp4,1596558
paper clip,2,1T7k2G-5Y6Lt2_XyDj6qcLsxjuPnzzPju,P/Paper_Clip.mp4,2469454
parachute,1,1LsGjuBzNGDUu8gmZV2IbJCloq9WmcQqz,P/Parachute.mp4,2711242
parade march,2,1nLVdROuuJ7p7nNod9OcnolhguSsMXr0S,P/Parade_March_(Sports_Events).mp4,2677524
paragraph,1,1Jfadj7ESuEBDom_Ia4f-hbFZysMQk6iV,P/Paragraph.mp4,1898519
paraguay,1,1EMvPUiP_GYzESN2cfCtR2-TqyJbPqv8m,P/Paraguay.mp4,1434683
parallel bar,2,145JVgaBn8pM9DXRLsOYrwnbLXFZAO-Db,New 2500 ISL Dictionary Videos/Yunikee 2/English/Parallel_Bar.mp4,3683299
paramedic,1,1SCq591DPPIJdL9Pg24nLC-ERM9I6kH77,P/Paramedic.mp4,3441120
paramedics,1,1KO5T_ikhT5MMQI7TbET9_9eojRfLjmZQ,P/Paramedics.mp4,6892319
parameter,1,1IkpnDdDfjTsPJfMRGqdSR3gCpQM5kYqj,P/Parameter.mp4,4319172
paranasal sinus,2,1I9AZSTS2SlHrUWNHDmI_RDTMEKId25tL,P/Paranasal_Sinus.mp4,4088304
paranasal sinus and nasal cavity cancer,6,1ewrCW_uFIST3E3dRawVbgN5ko4d10HVk,P/Paranasal_Sinus_and_Nasal_Cavity_Cancer.mp4,3425051
parapet,1,1bn7Nms8YP82Noja78cCjNRO3X3yFQCez,P/Parapet.mp4,3878603
parasailing parascending parakiting,3,11VHg-vdiraKCzTeiG0LvUueL7uHG-9iS,P/Parasailing_Parascending_Parakiting.mp4,5772362
paratha,1,1oSF6Dlx8JT8pkY1xp4_rgiVSqf0HaTsB,P/Paratha_(Aloo).mp4,2615957
parcel,1,1VgTgUyzdIe1mPrZ6le6yrPvrQAxwL6RV,P/Parcel.mp4,2072546
parliament,1,1mmR9Zoze_jKoGyKR019h8UnVBwWrnWlO,P/Parliament.mp4,3304619
parody,1,1QI6fMQFixVSgUbCHpsRLkcxWtNV6sj5E,New 2500 ISL Dictionary Videos/Yunikee 2/English/Parody.mp4,4076080
parotid gland,2,1Lq893oXW4thV_0UF5JiaTai1GiUE-6GX,P/Parotid_Gland.mp4,6359335
parricide,1,1oqB7D4h98WhuTpdYNAmj0KdhRJf-o0WE,P/Parricide.mp4,5424236
parrot,1,1g6OKvZeLxmIU5rs5KzMXTQWoz6FWJdUH,P/Parrot.mp4,2131669
partition,1,1Wk2Wtp97n0lg88FzJUaFqhuBiXo3r-i2,P/Partition.mp4,4572598
parts of speech,3,1Tiunfs_RlzuStvS4L_QU6DpO8VcKkj4K,New 2500 ISL Dictionary Videos/Yunikee 1/New English/Parts_of_Speech.mp4,4711092
passbook,1,1178tavY00dWngaMCFznEhldzmjdSF5dx,P/Passbook_(Bank).mp4,2388279
passbook printing machine,3,13m2S3sEPLd3QDWUj3SDBd5rSPrpd9406,P/Passbook_Printing_Machine.mp4,2788679
passion,1,1L4wCLOJK91Ocs6QFV7DtILANRfyxEf4o,P/Passion.mp4,2901457
passport,1,1OIgn0P45Sa-pz0ZAweA0uZl60Z8CMa_v,P/Passport.mp4,1963470
paste,1,1ieJWGrAZHd-VvNUY6CS65QndfMuzdTq1,P/Paste.mp4,2770062
pastry,1,11bnUsusj4e6H7x4F9XbNOH6KlFA41Wkm,P/Pastry.mp4,2550792
patella,1,1S4CaUhzu_qqpBw97cl7mYz1Arzaad3cH,P/Patella.mp4,5251740
pathologists,1,1GbkgnGU9EKrY4g5yojYEhPmJuvHIt1u7,P/Pathologists.mp4,6025494
pathology,1,1AD3x-YKgo2ITxtyO7vxTj18VaGMcw7Nj,P/Pathology.mp4,2391429
patience,1,1xXHQsBXlg6FCyyKU880SDcyw25o708-e,P/Patience.mp4,1657685
patient trolley,2,1yTYRrUKfCRbPjg4W7KLqG5NAqMn_CREj,P/Patient_Trolley.mp4,3335709
patricide and matricide,3,1iJttvne-GKNeDBW8cnuD0XVnSMvUHTYv,P/Patricide_and_Matricide.mp4,4235518
patriotism,1,1VDqT-xySnd8iUTCWIwYEUVHOmDqeKhZ_,New 2500 ISL Dictionary Videos/Yunikee 2/English/Patriotism.mp4,5241878
patrol car or police car or cop car,8,1N8UfWL12-ddfxsgdtllF3HkdceZ_2O4A,P/Patrol_Car_or_Police_Car_or_Cop_Car.mp4,5386757
pause,1,1gSocI2kQ_i7JhlNmUT9Kge88B1XCDhzy,P/Pause.mp4,3096168
pay in installment emi,4,1ITMe2u2_XNiENkuzuczPEn9UNpFSKdG3,P/Pay_in_Installment_EMI.mp4,2564696
paytm,1,1W9SpxaeDSWImUKRx0FJ042mHumQ4HAqj,P/Paytm.mp4,2100582
paytm payments bank,3,1mDgFEqQiuszH0LWrbrp7ZP6kx14qB09M,P/Paytm_Payments_Bank.mp4,2952257
peacock,1,1rFsA2FFFkFU4RPN_jN57VEUApMAIjb-0,P/Peacock.mp4,2188289
peanut,1,1GKSRRNQXpTJhGRktDJnzaB5zSH1AGxfS,P/Peanut.mp4,3117733
peanut butter,2,1gDJl0vzodd3B4jBjRVU5e2kiu0WkJ4TL,P/Peanut_Butter.mp4,1834790
pear,1,1xmaXwut_YWM17AWq2HKWqf5fhSNFs0cS,P/Pear.mp4,2051670
peas,1,1Lb8ibef5soWOKFD1Bs5_CevXe2jSoYqO,P/Peas.mp4,1839100
pediatric medicine,2,11C0zMcKtH5s9kM0eU49jn8IRHrcc6vzX,P/Pediatric_Medicine.mp4,4054536
pediatrician,1,15Yn5J2n1yDo8liGzWzuZ2MszlOPsuglA,P/Pediatrician.mp4,4046753
pediatrics,1,1JaUYYCcVcKzD_DDjWlNVfLZyRJG8Xatk,P/Pediatrics.mp4,2964089
pee urine,2,1fi_DPygWsoJnVrbKlvnAjlLqehsYhSbY,P/Pee_Urine.mp4,1751209
peel,1,1IrAAi_G8vYhvjnq7jHAqf6GqTPs5uhuA,P/Peel.mp4,5397213
peeler vegetable scraper,3,1gDhF3aobBeUSA6LOk2wI5lyeVoNqYfYI,P/Peeler_Vegetable_Scraper.mp4,2452502
pen,1,15hwVvtdf9uYbTlUeCypgcV-6cVP9UMuh,P/Pen.mp4,1543024
pen drive,2,1lwMcWTCOrlgCIwhUqUera6ssoJDEpzj9,P/Pen_Drive.mp4,2463626
penalty corner,2,1ETQLkc5h0-hSaEGdmeo2CWUtEYzeOyZh,New 2500 ISL Dictionary Videos/Yunikee 1/New English/Penalty_Corner.mp4,5966653
penalty kick,2,1xlo1D5F7JvX32df_zlrgaR1xZ70H2ROm,New 2500 ISL Dictionary Videos/Yunikee 2/English/Penalty_Kick.mp4,6755584
penalty stroke,2,1DopXIoo49xqmKvC5JXoEx8_BdfK7jnnE,New 2500 ISL Dictionary Videos/Yunikee 1/New English/Penalty_stroke.mp4,3278636
pencil,1,1SILRXW7CKczEWNL36JnJhsK4Rhk3KFjY,P/Pencil.mp4,1767363
pencil box,2,1Agvu53-IUAFb7Wqt5z3nyEAEhk2qMPpJ,P/Pencil_Box.mp4,2782241
pencil leg,2,1ciupiaaITx0imdEVdm6EBOYtRl3OynJO,P/Pencil_Leg.mp4,6481611
penguin,1,1fibeBvINhkkEv1aQHhYqBBAzYCc92F01,P/Penguin.mp4,2241015
penile cancer,2,1gYKBecN9hO_OKqNdTG-zk2lU-wxNkD5-,P/Penile_Cancer.mp4,3519552
peon,1,1S2psVRWoGax-NusCMXRX1b1VgLrF2odQ,P/Peon.mp4,2444725
percentage,1,1AVE_TMkmrGlLtCDr9ftY7F53Opo8ddhx,P/Percentage.mp4,2351389
percussion hammer,2,1UVw_vddbdwimDyQBkR1WUSvGiCdN-Bgb,P/Percussion_Hammer.mp4,4944612
performance assessment review and analysis of knowledge for holistic development,10,1sxNO2ypHntRCIS_2Kwq2s1IS8bKM2R45,P/Performance_Assessment_Review_and_Analysis_of_Knowledge_for_Holistic_Development_(Parakh).mp4,6332546
periodic motion,2,1q_ngQztkTwDhGoGRzAUSgkuenYg8Bky0,New 2500 ISL Dictionary Videos/Yunikee 1/New English/Periodic_Motion.mp4,4615654
periodically,1,1q_XUpIjNxOxg-vvBOlhgCkdEOCXl7i2_,P/Periodically.mp4,5171211
perjury,1,13okxEBHiGjFYjPaQH_ht0dYD45db-WsY,P/Perjury.m4v,3172952
personality,1,1VO-x5R4iFchUy7EvThVSfMGka9U8nXNb,P/Personality.mp4,6590227
persons with disability or disabled person,6,1xugM9kXlK_EATnoGEWeFwT660rD0-hBP,P/Persons_With_Disability(pwd)_or_Disabled_Person.m4v,7368176
perspiration,1,1jLBAcX45BOJbfxDpONRtHnoQsMFakpjt,P/Perspiration.mp4,3291727
peru,1,1fxDM7tMG9eIKHeB53xzpDu3H-W7gu9wj,P/Peru.mp4,1768054
petechiae,1,1d_S9dNOiAP0t-krV3HJD_CpxWH7TZQ2J,P/Petechiae.mp4,4679834
peter pan collar,3,1ahU2ZFOw08_Y3KpR53qByRSXCWV0Ay_-,P/Peter_Pan_Collar.mp4,4855338
pharmacist,1,1JU8YlWQwgOcaRcuBVt_s_7-53YtVG3eA,P/Pharmacist.mp4,4620026
pharmacologist,1,1NFEIYpwtAfNGPKjfDy2O1uIKiZiHx1bg,P/Pharmacologist.mp4,3665468
pharmacology,1,1LM1PxFoA0DOy1crEUSFr_mH-Bzm8GCJR,P/Pharmacology.mp4,3446784
pharmacy council of india,4,1SmndZyCYp7wyvlVuh-_0Jq4kGM4vqmjI,P/Pharmacy_Council_of_India_(PCI).mp4,2982775
pharmacy technician,2,1v8h-VkDVdPxyu_i4h3hfgA5cgZM6zlOE,P/Pharmacy_Technician.mp4,4725957
philippines,1,1_DX_k_Am205pfVZxjfXkglbIxxTn41JU,P/Philippines.mp4,1481274
phlebotomist,1,1PuTCyDGKHy428DFECsutS-rC0_uX3RiE,P/Phlebotomist.mp4,4798468
phlebotomy,1,1ors9y5Z9hjiRdTCqkTMbVUhpJaDwi1Uf,P/Phlebotomy.mp4,3955356
phlegm,1,1L-RcvXxzWSIDAZ0tgJ4AdpcWsY09tuff,P/Phlegm.mp4,5459435
phobia,1,1JI6ed287b6x5j11qFFjTkfVLVNkJ82nP,P/Phobia.mp4,3214966
phonology sign,2,16rvOZvoPLghjLtiWVIfMkhLDAV9z24no,P/Phonology_Sign.mp4,1770479
photgraph photo,2,1DSlKkBSeHr5H693ZpNOIMBtjcZ7AtiTM,P/Photgraph_Photo.mp4,3168831
photo finish,2,11OEIr8QVKYCT0aN0fvPN2pJZ0Q2Si0b2,New 2500 ISL Dictionary Videos/Yunikee 1/New English/Photo_Finish.mp4,6945787
photocopy xerox,2,1_z66JMYGCfRQSfDcsq62fbut4pqdK0O0,P/Photocopy_Xerox.mp4,2304621
photographer,1,1FqLjf8fVrCi_KWVq5Sd7hwUsuLSL_oJj,P/Photographer.mp4,5423829
photoreceptors,1,1RoP69mXbXdns-7PmZsoZx7a5MvE_T5AK,New 2500 ISL Dictionary Videos/Yunikee 1/New English/Photoreceptors.mp4,5845198
physical disability,2,1zdGLceLqEz3GMFj2uzmMrImBf27QZzBg,P/Physical_Disability.mp4,1920112
physical therapist,2,1vKBjRbr4EOyRb7Cn49E92ojGCd2-wN_E,P/Physical_Therapist.mp4,3661353
physical therapy,2,1luDXHowyPXDFlgmvYAwifvrdPSpaBTYq,P/Physical_Therapy.mp4,4494323
physiology,1,1KlpclC4yKxBVdQm5kWTHRvw4QkP8jyea,P/Physiology.mp4,2924034
physiotherapists,1,1dPWMeTakNNn3LKvR7r29lfuobmYS8_W-,P/Physiotherapists.mp4,4821124
piano,1,1lmlp3GEWzKeboEKLcB53QEZltgj8g1I6,P/Piano.mp4,3971749
pick axe,2,1vNY4GaG6aahClTJCNxicYj4Zpy6pcImO,P/Pick_Axe.mp4,2179203
pick stitch,2,1dtUrR3SCboEWyXbK5lkyGB14IH1asvMa,P/Pick_Stitch.mp4,5928048
picket,1,1ZJGhjr70b5YtMGQgsuSaHPF3Zu_bEacB,P/Picket.m4v,5646271
pickle,1,1AWkqw-VxxIycvfYJqwYSIfkYjg_QWPQy,P/Pickle.mp4,3580085
pickpocket,1,1sbqTBwMxuIT7pJxGcXRQmr8mD4GuK2yk,P/Pickpocket.mp4,6944585
piglet,1,1rd-HwZsZ6jSmsNlS3lMk8neSGxbxBEjK,P/Piglet.mp4,2254364
pile up,2,16fB1lNcYKm9ld4iCmHLhbPCH6s7RF9ND,P/Pile_Up.mp4,5124425
pillory,1,1eWQVwf8pLcweCS6192MWrylpCCw7fH_G,P/Pillory.mp4,3488272
pilot,1,1HyXSHfqTonUPf98BRxI6GQBtyOCR23g4,P/Pilot.mp4,2700392
pimple,1,1Is_HWVA4WQF-R1AY4KgXgCpUrbVuf2FC,P/Pimple.mp4,3555553
pin,1,1momJx7__bIFXmx_15i0I3mMmap_ulj_W,P/Pin.mp4,4646490
pineapple,1,1f3jJnT6hu-FZvP2CpfaAw9f1Pk5VXsyy,P/Pineapple.mp4,2370586
pinking shears,2,1S1k4uFkfAOB8ReRaJvJPgr-Eea0QSGBc,P/Pinking_Shears.mp4,4850872
pinna,1,19sKDl5A87nckdM6Zb3f3DytqxsaM_pP8,P/Pinna.mp4,3066109
piping,1,15Y1qy1vtztmJfN9xY1BEzYCS7GxjC5gP,P/Piping.mp4,6468323
pista,1,1wLzG8AnvSIylFeNCm74yDiRV877xOwTJ,P/Pista.mp4,4290688
pit seed,2,1on89K4-wzA8iGMFnXe3FltxvY48RzCUe,P/Pit_Seed.mp4,7268021
pitch,1,1mEM4GqanSYQRcsSOztbknaNugl85R1HL,New 2500 ISL Dictionary Videos/Yunikee 1/New English/Pitch.mp4,7330054
pitch sign 2,3,1ODnw2z21TOl7tdtjr4NLOZzcC5UoHmeJ,New 2500 ISL Dictionary Videos/Yunikee 1/New English/Pitch_Sign_2.mp4,7022284
pituitary gland,2,1tmek4Ikw0TCo14h2bPInX_W8_1F8zbqO,New 2500 ISL Dictionary Videos/Yunikee 1/New English/Pituitary_Gland.mp4,4722026
pizza,1,1f65erYhqUy5eOYUt9fmOSCaEsHOigntQ,P/Pizza.mp4,2006905
plain cement concrete,3,13yK-hwWCefAGi5BuiCK-SDdDMoWNGzj2,P/Plain_Cement_Concrete.mp4,3458791
plasma,1,1HACiSR-KPiUKirXqRfoqDGkq3onBvu_E,New 2500 ISL Dictionary Videos/Yunikee 1/New English/Plasma.mp4,4380585
plasma membrane,2,1hjRP7Ltgg7wY7tjWIy3a8TP2fuOA1nIf,New 2500 ISL Dictionary Videos/Yunikee 1/New English/Plasma_Membrane.mp4,3522499
plaster,1,1KoLiCFZJRnXvs9CyrUtvJKP1vN6enBmP,P/Plaster.mp4,4790202
plaster knife,2,1sn_F_ojmZPBpdEeX3anN3-0bcMW1yWFk,P/Plaster_Knife.mp4,2806630
plastering,1,1hRe1qLV7eRhPbQDInrnawjiNfWj96xXo,P/Plastering.mp4,6059678
plate,1,1iSLk5sD93IVkeO6kVn0v_NUNg5gjSnm6,P/Plate.mp4,2492263
platelets,1,1Sx-82jXRXmqpatCYGNjLrQK9mRaMQbiI,P/Platelets.mp4,1480930
plenty,1,1mdz1LNqP1CroiVmnJH7R2WSr2I_M760T,P/Plenty.mp4,3014412
plodder,1,1eADA4waDFj-P99MfNpqBPOMDT2Vb7nC3,New 2500 ISL Dictionary Videos/Yunikee 2/English/Plodder.mp4,4777100
plot,1,1ZDpBc_1ltaTn2LuqPIusVfHrLyQ_Rd7m,New 2500 ISL Dictionary Videos/Yunikee 1/New English/Plot.mp4,7516515
plot story,2,1k8VjMku8sYWAdi9s9_AGvt63QnLuVtrd,New 2500 ISL Dictionary Videos/Yunikee 1/New English/Plot_Story.mp4,5441560
plot v math,3,1BigciwkziqoAZdGTgQbNgeILVWMlauDX,New 2500 ISL Dictionary Videos/Yunikee 1/New English/Plot_v_Math.mp4,3660909
plough,1,15sXFW-Y3sBXDyCOHCRoe11Q1jYg2qmkP,New 2500 ISL Dictionary Videos/Yunikee 1/New English/Plough.mp4,7685587
plum,1,1Iw0iG0ER7IzCqES-AFxDkjjlGnLHoovS,P/Plum.mp4,2088440
plumb bob and line,4,1v0IBZW-w9KqRFxm6s1Ewfj4JBL3jjS60,P/Plumb_Bob_and_Line.mp4,5446492
plumber,1,1lkEyx_-2zUCPjou7Ku_StZrb-njkw-F7,P/Plumber.mp4,2902309
plumbing,1,1Za16quZUyUuqXewZupVtUXHM2QV3MaWL,P/Plumbing.mp4,2023143
plunger,1,10OYxe5hptGK8KsBhZkE9n0uT2OrblTU6,P/Plunger.mp4,3526322
pneumatic ear speculum,3,1eWuSuFGDbew9wCKc53sCO3rJsaELe0lc,P/Pneumatic_Ear_Speculum.mp4,4861622
pneumonia,1,1n1Liiso9NwYDjj1MdvpMV_FfwTvfQ8FR,P/Pneumonia.mp4,6187474
podiatry,1,1G_rZbKOF8jZEOAVaa5djVnQ2qWg_zRbU,P/Podiatry.mp4,4750340
podium,1,1aF5I3kQQ5-ICF_uiNOci0dJ4uk2s-_t6,P/Podium_(Sign_2).mp4,4047221
podium mic,2,1IXGZh7IWbR5n4F8RsgiyzByGVQwdXaH5,P/Podium_Mic.mp4,4404817
point of intersection,3,1_tRoPaeP1Qkjkjtu1Ogma_1cJAVhKbuE,P/Point_of_Intersection.mp4,4196927
point race,2,1bA5HrW-HK09EakyG2X5pKvi4NYyKRXu2,New 2500 ISL Dictionary Videos/Yunikee 2/English/Point_Race_(Cycling).mp4,3477130
poison,1,1_3F1T6Un74H4rbVAkpYIqYy2HAWMQsC8,P/Poison.mp4,4603431
poland,1,1JDf1kNdhShASFWArF6mRmLo3hNI2U6xy,P/Poland.mp4,1313243
policeman,1,1mwtmRZzQ3aFVXvT3327FipDkhhuQ1qAG,P/Policeman.mp4,2479907
poliovirus vaccine inactivated,3,1__G3y5rMHugjG1hnFQgcbqZ4G7EtHq4d,P/Poliovirus_Vaccine_Inactivated.mp4,6206179
poliovirus vaccine live oral,4,1Lfms8OzE0aL7o1CsNOS9V1o_q8nn_Iuy,P/Poliovirus_Vaccine_Live_Oral.mp4,6274338
polisher,1,18bKAQGOFTGaS6k9vuaOk98yVR_O3ykrw,P/Polisher.mp4,7749368
polite,1,1OTcu5wtanV0CVo1duGkxjBNZagvaBEq3,P/Polite.mp4,2698312
political science,2,1Ctmnx0ViDGIAOVz_UUUYOJjPa_xY7ZGW,P/Political_Science.mp4,4090921
politician,1,1xxsBulHNA6_vanROaCy7HBKeFnVY1_5L,P/Politician.mp4,4403050
pollen tube,2,1CKqiMJyUhbYEWtaOCrYV17qAW7Tp88Y7,New 2500 ISL Dictionary Videos/Yunikee 1/New English/Pollen_Tube.mp4,7207982
polo,1,1rlnz9DiC_XdcP8TGNjRQjDeIC4b3Foss,P/Polo.mp4,2936898
polo shrit,2,1onqRFAskWZVy2DB5EFJvKXkFZc4-xLIl,P/Polo_Shrit.mp4,3238271
polyester,1,19wDBa_-vXb9HU0f7GaIQ4s-KnkO0ynVn,New 2500 ISL Dictionary Videos/Yunikee 1/New English/Polyester.mp4,6960340
polygon tool,2,1VLqZ0wglIff6ypQtzM7NJ6CJQodVRaNE,P/Polygon_Tool.mp4,5808688
polygraph,1,1FGIXXBfhhnCdmVcm96sH4InfUysILMse,P/Polygraph.mp4,7241355
polynomials,1,19hGEKQQxYCodkMkkxg8v5CD3saXccp4_,New 2500 ISL Dictionary Videos/Yunikee 1/New English/Polynomials.mp4,6880765
polyuria,1,1imsHWqB22wOfv6T1B4YkPNuwCBOtCsb6,P/Polyuria.mp4,5302712
pomegranate,1,1-LFTPKWUp1vb9ZQgqV-wRe0M4q1VEX-I,P/Pomegranate.mp4,2706593
pond,1,1WS8rDV2-JYNCWCwPglCgSA4X1DfZXzxa,P/Pond.mp4,2521398
pony tail,2,1kjHb70dxi4B7WtHIXjq6Wbo8LknUTmRF,P/Pony_Tail_(Hair_Style).mp4,1553355
popcorn,1,1r6V0SZrc2jCKSASwC3ajGgxpoJ3tZHmD,P/Popcorn.mp4,2644442
portugal,1,1RocnZgGS59ZgoNHzrTZNZaRb5-Q4HeGJ,P/Portugal.mp4,1310436
positive charge,2,180NwaZ8agF5VFccABuiPA4U_cpOJAyrn,New 2500 ISL Dictionary Videos/Yunikee 1/New English/Positive_Charge.mp4,7966056
post office,2,1sd-IkxK3Spq_Eyf1WYurKGoGBEUMSv-T,P/Post_Office.mp4,2222320
postman,1,1dka_al-tPduXLdfn0ISEU4_YVzOKYGTt,P/Postman.mp4,2219891
postpone,1,12XySs44MkLS4Vts2KF-lkDDOaAhpflTj,P/Postpone.mp4,2228245
potato,1,1bBNEW-eMkfLrPjEP5hvo94hnsIqFdyS0,P/Potato.mp4,1792381
power hacksaw,2,1qqrxCSD1Z2p7jXZbRdVD4dDPpX_MZKxH,P/Power_Hacksaw.mp4,5188302
power plugs,2,11tUohfa1Lit5QWHC0JioxZ5p1BbCpyVo,P/Power_Plugs.mp4,2598337
power sockets,2,1dkdau0H54X8YC1GAyqpPPsPZyCMY2JPT,P/Power_Sockets.mp4,3346283
powerlines,1,1keA8T8LPcxMGY41tTuZL4oJ-rdZbJ3xf,P/Powerlines.mp4,5416467
pox,1,154Yo7sOH4XLvoyOY3vS4ku-wmiQa8ofk,P/Pox.mp4,3032711
praise,1,1VPoXmDG724h2n6zl4vm-lAecz4tvwltI,P/Praise.mp4,2304636
praise clap,2,18wMZjxl63FLnPIpF79LdgA7nZIEex48z,P/Praise_Clap.mp4,3724884
pram,1,1XBk1dF5rCoERmqbvzjBerndQO8JL8VQt,P/Pram.mp4,2629569
pray,1,1WVGPUAI95GzL-vSAlKNSTD4xBBYHElg2,P/Pray.mp4,1936157
predicate,1,1tfvOroDb0pB9PIGyJofpAsA40ZGkBWW-,New 2500 ISL Dictionary Videos/Yunikee 2/English/Predicate.mp4,4732943
predict,1,1xnjNwMfmAl3YUNA3F7vGQHxJFdt7z1IE,P/Predict.mp4,3858856
prefer,1,1mqQbwODi-F66CmWzK0gPRl9pa181YNZh,P/Prefer.mp4,2742186
pregnancy,1,1DW42-X27F_TZJO9rUURarnsVW7bcJVX5,P/Pregnancy.mp4,3049015
pregnancy test,2,1xACuqbAev6FhnHR2pkSg_aWc5EmWTyIh,P/Pregnancy_Test.mp4,3034506
prejudice,1,1T-qEqUnAw44kee2Gmz_lR8piFa2QN2Pb,P/Prejudice.mp4,2558330
premolar,1,1wY1XdkJG9lUUBudSxf6o1hemhHxZp5yT,New 2500 ISL Dictionary Videos/Yunikee 1/New English/Premolar.mp4,2270754
prepare,1,1CSNetoLWJwJxlLo2tj9LXASty0G8-0lV,P/Prepare.mp4,2514155
preposition,1,1yKbvtSq5sXBv4Gzcmft_RulwyUAk4rEM,P/Preposition.mp4,3631944
pressure cooker,2,1f_yj8nJs6iP51tMAVKILPvUcZbJ5-ppm,P/Pressure_Cooker.mp4,2141504
pressure foot,2,1zvS6s-7CQ_8m-nfwL0tkHcObbYTb7zg2,P/Pressure_Foot.mp4,6477524
preterm,1,1w7nO12ypbOlVDcgJHGcWJwCwPVrrE9yj,P/Preterm.mp4,6863752
pride of lions,3,1OS3wQ7YFCcPG7QWyx836e-mI4LcHsYBe,P/Pride_of_Lions.mp4,4798245
primary health centre,3,1oyXE4lomoGgEuAjKxlPE4U8xdq75j3HT,P/Primary_Health_Centre.mp4,4130225
prime location,2,1ygzxnM0OGWRKDNWdtPivGhrkWE37_bh4,P/Prime_Location.mp4,6217013
prime minister,2,1jx0SXDi1EavdVHW-qS3OGtrKZJ9x8XSS,P/Prime_Minister.mp4,2177035
private goods,2,1h8O80wLlXZZHCjuF8MhCuPv1-H4gK0i0,P/Private_Goods_(Sign_2).mp4,2873703
private secretary,2,1AauDJva2VzmxGGMUrgWklYeCdqBzmdMY,P/Private_Secretary(PS).mp4,7641177
private transport,2,1WquxSLJy_ecM9GpKEyrZ5U8uyEc62nXc,P/Private_Transport.mp4,7195673
priyanka chopra jonas,3,1-udoy81fnPuLNv4Sw0BKSGjxBRSmWV_D,P/Priyanka_Chopra_Jonas.mp4,1783320
profession,1,1ONddbQApsPKoqXekmiEK6BrIQsZ_CjHC,P/Profession.mp4,2944168
projector,1,1EQGbq4T3EUvzTgP-SbsCzu3oEx2cKmn6,P/Projector.mp4,2122871
prokaryotes,1,1NKMF4X5yHlEG4Yh9nfQul1s39C61mJ96,New 2500 ISL Dictionary Videos/Yunikee 1/New English/Prokaryotes.mp4,5186953
prolactin,1,1GROWMtSjcbgpZjw6vaLbQ5g7Szh_0tNM,P/Prolactin.mp4,6823729
promise,1,1Ma80OZKU3o7G8qYTkOR0Jo6pZ2_1B7uL,P/Promise.mp4,2532749
promissory note,2,1w8v5ttMs7lcRLS9pbOwxubbhETjgsBIL,P/Promissory_Note.m4v,5409748
pronoun,1,1_wNmcn-MYR20PRXrfSJZ4Gs_5l-eDukj,P/Pronoun.mp4,2802843
prophet muhammad,2,18FkhFnF5X_MSL82exja4VHyMxNAdrTzK,New 2500 ISL Dictionary Videos/Yunikee 1/New English/Prophet_Muhammad.mp4,6628547
prose,1,1CDJJn11J9vfI8_N9-psLL2rAFA-e1iQ9,New 2500 ISL Dictionary Videos/Yunikee 2/English/Prose.mp4,3546604
prostaglandins,1,1C84oIAfcmhggRIerplLRBj3DlxJa_Kxu,P/Prostaglandins.mp4,6717688
prosthetists,1,1hKt3HNkJMaLympB5Wr9u07epovhC24jm,P/Prosthetists.mp4,6614359
prostitute and prostitution,3,1YUoW-fn3LU-8O1JvyGYBBYMd2riawrsj,P/Prostitute_and_Prostitution.mp4,3914378
protagonist,1,1SrwgDgrLc9Gy44aitiFkWHNhtq6mBVG6,New 2500 ISL Dictionary Videos/Yunikee 2/English/Protagonist.mp4,5514175
proteinuria,1,1pjlzpBKQWcMD7jdRFqMPKTOpBe2pHBRk,P/Proteinuria.mp4,5914254
protest rally march demonstration,4,1K8JegLSNrmFx7P6yIVCfJ5IW_1jVYZEz,P/Protest_Rally_March_Demonstration.mp4,2855128
proud,1,1S0tf6NtkFiT5s2u9AIlk-URYJEwE5n6k,P/Proud.mp4,2309757
prove,1,15W9SgK7Tj0APCzDSkcUTncd9lkpKdoTP,P/Prove.mp4,2206926
psoriasis,1,1OEdPJ4OiwvhcnZatkViRT1dVKjSyKKlQ,P/Psoriasis.mp4,2352372
psychiatrist,1,1HBbhmkesIxoW9KZy026zl-Rk6lw4H1v6,P/Psychiatrist.mp4,3926723
psychiatry,1,1N3uPLWl5T5VpPPP69T7xRJ9c-Y_as-d5,P/Psychiatry.mp4,3566014
psychologists,1,1K3B16QjJavFxgqaovbQp1RN9pXaYX-nj,P/Psychologists.mp4,3243093
psychology,1,1SqZFDe5y5IuFKUG1jFnaFZgmKcI0uXKC,P/Psychology.mp4,2038841
puberty,1,1rSmoywBKNAcPPoilVvX2WOHhL3bLErvq,P/Puberty.mp4,7572200
public goods,2,1JNehwjeHre619VV3ARKQ9reb19O0lBt2,P/Public_Goods_(Sign_2).mp4,3710312
public protest,2,1pZlBOYel26PhD63TpqWhViruJlAJ2nz3,P/Public_Protest.mp4,2126239
publish,1,15myH6f94-XsZ1RZG6ABoL3OwYelahrbs,P/Publish_(Sign_3).mp4,1758639
pull,1,1dw_LLhGcszdOEy7GQv2x5N_6MzeHqbk7,New 2500 ISL Dictionary Videos/Yunikee 1/New English/Pull_(Sports).mp4,7821884
pull someone's leg,3,1Ry1-pRYWeT5kk_KEClhZjfnx--CZNnyb,P/Pull_Someone's_Leg.mp4,1633148
pulley,1,1TyuR-uVDXARW9z3PBxYeuCrc-R4L_xG_,P/Pulley.mp4,4854016
pulmonology,1,1-heTT6-WPFIOjRy0mFW404ZTO3djuGXO,P/Pulmonology_(Respirology).mp4,2097803
pulse,1,1k6i4ewddtqeldQNlHlpioRbHaIMUlUFm,P/Pulse.mp4,6737286
pumpkin,1,1hg_17Jj-ZUaOuZnHF9zSmuv0YK8mikFf,P/Pumpkin.mp4,1787759
punctual on time,3,1HM49klVeDXlFjcrko8gN2MKBelQSblch,P/Punctual_on_Time.mp4,2194121
punish,1,1v6d8mSqlLNtSj0MS12qzn6Z0CNxnqBbe,P/Punish.mp4,1909447
punjab national bank,3,1u6lvxx6HafzkNsQHbTQN4ZDQizee6PkA,P/Punjab_National_Bank.mp4,2560616
punjabi,1,1ndlC1BMauzi-nhDuXHqMPfThAollyLTT,P/Punjabi.mp4,1278592
pupil,1,1UP4079wtlGuXZPUsg2hL_4qgn3WuvOhd,P/Pupil.mp4,3161430
puppet,1,1CE0WfQsRZJXJR1lKSmbQYG6gDwoqO6fZ,P/Puppet.mp4,3982707
puppy pup whelp,3,1Do8xEJ3ECRiNqEkpmxND0AttxsjE0C_H,P/Puppy_Pup_Whelp.mp4,2453066
pure,1,1IUeHi6ysUsjFFJOCzQJ_1Nz_4ugfbhJp,P/Pure.mp4,2111951
purulent,1,1FF8T8aCT0wvsVI05aRAhJwwxM9k-3i0U,P/Purulent.mp4,6724820
pusarla venkata sindhu,3,1JMB2NzJgs6sfvFyjsOeOJxgLsRgypA0p,P/Pusarla_Venkata_Sindhu.mp4,2219929
push,1,1UIb5w1Ncb_xvFSA3ts2nDzm3nKyLtaUH,New 2500 ISL Dictionary Videos/Yunikee 1/New English/Push.mp4,6441789
push up,2,1DmJK4EAEwEtM_WQclWvcT9r-DJQm9189,New 2500 ISL Dictionary Videos/Yunikee 2/English/Push_Up.mp4,3415046
pushing,1,1gJV17c3YhxQFeRbwHt6kEl1jt1iCH7__,New 2500 ISL Dictionary Videos/Yunikee 1/New English/Pushing.mp4,3573122
puzzle,1,1m0lSkdqBjxcEtNQBptQEAGOLJPv5eNEW,P/Puzzle.mp4,2417409
pyjama,1,1MJDSZD2ylpxRC346DZumVBuMKIta8e_H,P/Pyjama.mp4,3118565
pylon,1,1Of_ScYkWx6tX4MVgQMFkbnhAI58eZ-IG,New 2500 ISL Dictionary Videos/Anuprayaas/English/Pylon.mp4,7465812
python,1,1R4tVS_qXeiggHvTL8krCr-bPPa1ZrNwN,P/Python.mp4,3335367
rabindranath tagore,2,1Alwvopg2crw3VhcvVElSU9GdPE8fZCSB,R/Rabindranath_Tagore.mp4,3143200
racism,1,1hvotvYDNeWyqeVxvUHDnBp2LT15a2aAu,R/Racism.mp4,2083793
radiographers,1,1N2hjmuBHK92YiFf_V9hSGCoE6gmH192m,R/Radiographers.mp4,7266110
radiology,1,1BRhbgaswQz2Xi65iPw82C1LnyzTKQwem,R/Radiology.mp4,3400477
radish,1,1Fjb0QVjkfGoT4FvUIoHyJDKi6BlvrkRB,R/Radish.mp4,1748524
railway track,2,11Jkow2Zl86Krpv8veaxY-lJZwNUEBmr7,R/Railway_Track.mp4,2669276
rainbow,1,1HNK4yrJvCIRcLXfj-C_vF3VUqWIBswMC,R/Rainbow.mp4,2434685
rajdhani train,2,1M1NROfecrdVkPrmnrKy9PEacX606X4-Y,R/Rajdhani_Train.mp4,1944760
ram navami,2,1ZnHtMBkq-pWU7hr4Vs-9OSb_2UQpyMAI,R/Ram_Navami.mp4,3327726
rama,1,1KaFnBtM1KHCbisyzBr4zFN2t9uYrs_E4,R/Rama.mp4,2424467
rann of kutch,3,1NlV-YoO1p6bazQik61ug3QM72yf8S5Jh,R/Rann_of_Kutch.mp4,3159718
ranveer singh,2,1TVgllrkpCohzteaC-w6P4rYLd-eGA2Er,R/Ranveer_Singh.mp4,2021969
rap sheet,2,1aKt6i-YRUuFvAQC0Xmh8SsnjYaH4p7F5,R/Rap_Sheet.mp4,7280095
rape,1,1xncxojz6wtbT3756w6yhnIC-ZZv1HART,New 2500 ISL Dictionary Videos/ISLRTC 300/Rape.mp4,3775706
rapidfire pistol,2,1hJl6OyCFMvRj5-XXKDoLs3pqW9F8wtBq,New 2500 ISL Dictionary Videos/Yunikee 1/New English/Rapidfire_Pistol.mp4,6694728
rarely,1,17T9T66Prm0Tkt1fOTm-q8JkedkT40YU_,R/Rarely.mp4,3827015
rasgulla,1,1ZNd16u1E7Aaw4kBpDCydxFbhxIX8q6ll,R/Rasgulla.mp4,3258761
rashtrapati bhawan,2,1RUw8Umk1oKZjK5ByGJQFcm-jdqmO_MEb,R/Rashtrapati_Bhawan.mp4,2880816
rat mouse,2,1waKJzbHE1IZ9M0NCf2eBSoQInbh9embs,R/Rat_Mouse.mp4,1985190
rate price cost,3,1zbPcNKVLuNiXnFxwBMo9yGthZFmjYkiM,R/Rate_Price_Cost.mp4,2272397
ration,1,1jR4JgDdVOW6C7gZo7WVw_tJXJRP7jhXU,R/Ration.mp4,3048752
rational number,2,16OOmY_F-QBaVOdCjLsyr3jalP7eWiXHV,New 2500 ISL Dictionary Videos/Yunikee 1/New English/Rational_Number.mp4,6494592
real estate agent,3,1HQw1XsfHATXJYBln-xF8AqkBNCxU4_Qe,R/Real_Estate_Agent.mp4,2859118
realize,1,1I_jGQV3bIdRoy2a5cpiJTnnsJVsF5PfQ,R/Realize.mp4,1650763
rear view mirror,3,19nrcpPEZ0wOH2EUD95r2wN8oKTm3c2-T,New 2500 ISL Dictionary Videos/Yunikee 1/New English/Rear_View_Mirror.mp4,4827930
rebound,1,1QowtZ0WKYy-iUpAX1A3B7CEMcVZuQzjP,New 2500 ISL Dictionary Videos/Yunikee 2/English/Rebound.mp4,3808190
receipt,1,1Ow24h6ni5Eg1A_lA-FnOYadJSFXtpFdT,R/Receipt.mp4,2941860
reception,1,124WGoe-oAAHiY7_YIx4way_4r9-zPxob,R/Reception.mp4,2078617
recharge,1,1M-WvzQBtjPbaJKknryQU8aF7Lj0bhXs5,R/Recharge_(Phone_Battery).mp4,2867553
recognize,1,1tOK_aDqVN1v2B2dJ8VyRXB99vjYN50Ng,R/Recognize.mp4,2694234
rectangle,1,1e2MFi2kuGsUoUTCm60r5serdwL5lcw9M,R/Rectangle.mp4,2811010
rectilinear motion,2,15nhoFPT4O0Qhvr44smo29AI7obbVVogJ,New 2500 ISL Dictionary Videos/Yunikee 1/New English/Rectilinear_Motion.mp4,3650794
red blood cell,3,1IdiPKZSK5R1v6zeY5phGF4OmpqVj76FQ,R/Red_Blood_Cell_(Sign_2).mp4,1643077
red data book,3,1wk_RjLQeUoyVVtegcq38pZMK7vOa_-I7,New 2500 ISL Dictionary Videos/Yunikee 1/New English/Red_Data_Book.mp4,6895954
red fort,2,1-7mDa37_3C8IuU9XL4W8-hc-eOngSy01,R/Red_Fort.mp4,1957410
red soil,2,145qsfymLiQcxwz2KG90njnbz4WB3DRd0,New 2500 ISL Dictionary Videos/Yunikee 1/New English/Red_Soil.mp4,7994023
reeling,1,1f-JDkQoaqeN2CLX4bJUKkZJa_A3hH4OU,New 2500 ISL Dictionary Videos/Yunikee 1/New English/Reeling.mp4,6467405
referendum,1,1vTxUyVZL1FQp0cpw1u5I0spdWXEDlp7u,New 2500 ISL Dictionary Videos/Yunikee 2/English/Referendum.mp4,5900588
reflect reflection,2,1xVKhSYmTye2S5ikrAtcLx1XhuwnCoKcf,R/Reflect_Reflection_(Mirror).mp4,2826868
reflected rays,2,1FvdWM8wrZTjPl1RoujmL27n3aCES2MA_,New 2500 ISL Dictionary Videos/Yunikee 1/New English/Reflected_Rays.mp4,7696291
reflective jacket,2,1JIbq2_6a9nl11xopmBAeUjq8c681x1em,R/Reflective_Jacket.mp4,6153405
refrigerator,1,1LFfCD0kUIQN5lxrZBcAqS5wWRFybrGNB,R/Refrigerator.mpg,2064388
refuse reject,2,1qyqAFKlRU2phv6xwewZhCUSKT_CN5jSS,New 2500 ISL Dictionary Videos/ISLRTC 300/Refuse_Reject.mp4,1824840
regeneration,1,1v3dpgW-Lx1okqD_5hrREEy-9j79-0M42,New 2500 ISL Dictionary Videos/Yunikee 1/New English/Regeneration.mp4,6409423
regret,1,1SB0ots0qPv9jiZYdEWX6mzAhPmZT2N1A,R/Regret.mp4,4298950
regret repent remorse miss out,5,1KQKgXdJ7MqW27rsH9Xgf0jhj8FTcsJNu,R/Regret_Repent_Remorse_Miss_Out.mp4,1674334
regulate,1,12ygarVH7-QK7otDBmBJyote_cViDEX1_,New 2500 ISL Dictionary Videos/Yunikee 2/English/Regulate.mp4,3232556
reinforced cement concrete,3,1ww8yqTmnjK-LIv7yMYmgz4bnuq4LcayT,R/Reinforced_Cement_Concrete.mp4,7474935
relax,1,1NewZWThlPM2o5d3Qza_mq38qaD1_vFvX,R/Relax.mp4,1871968
relay race,2,15jMnO-Si9jI5IFcHfdp1JVRo0RVu89fx,R/Relay_Race.mp4,1906596
reliance mobile,2,1jFFx-fhhFGVGspnge52KApsRxBxj-CGx,R/Reliance_Mobile.mp4,2844557
remote sensing,2,1H9aiRYuQaKapJ26ryPzdZBgm4IuWE6sE,New 2500 ISL Dictionary Videos/Yunikee 1/New English/Remote_Sensing.mp4,7631714
renal pelvis and ureter,4,1MnyD9u2s20jHU8iHb6iX5tTnuNVkWbzU,R/Renal_Pelvis_and_Ureter.mp4,5378094
renovation,1,1VQg1-zIHaTA4tCPa8M9o9ibsiZRzccO7,R/Renovation.mp4,6867554
rental agreement landlord tenant,4,1CorJCutn_9vW9CKHJ7Si2aYJLjPJiCaR,New 2500 ISL Dictionary Videos/ISLRTC 300/Rental_Agreement_Landlord_Tenant.mp4,7935325
reproductive health,2,1pXy5k9ML4abcXPWhKz5kk0xSFDdKqRD2,New 2500 ISL Dictionary Videos/Yunikee 1/New English/Reproductive_Health.mp4,4718704
reproductive medicine,2,1ubH2avHJl2k1lpXZaGB3bKaF-3GnDnQp,R/Reproductive_Medicine.mp4,6967315
republic day,2,1OEgfVT2JiKqINIqEhjMSneYyUjR7cHU5,R/Republic_Day.mp4,1976836
res,1,1diI-GlGB8cubUTzxXltbiSfO5bjd3diX,R/Res.mp4,7019742
researcher,1,1XZzUFWrYbrZ5KlNKMxfoUz5e7Pjy-fTh,R/Researcher.mp4,3008752
reservation,1,1NBfqu0NnN6K_0Zj4i6ze9NcjDh0hsWKr,R/Reservation_(Sign_2).mp4,2598421
residence domicile,2,1uIDDzM2c0H6xL6BtXy6Z6xV36ky8wFyD,R/Residence_Domicile.mp4,4654083
residential building,2,1kG9wWu08wexqSzTGTa2Fp5p9YlgDcqhp,R/Residential_Building.mp4,2804718
resign,1,12Mz0W3BdZxV5OqrmBHD1B-cQXIFiuqrg,R/Resign.mp4,3293893
resolve,1,16lFVudxlWTiVLIMZQBvzmnqDduU58lgf,R/Resolve.mp4,3331594
respiratory therapist,2,1IGRMVTtBeM53BuExEf7-m2hQpJkCIzA7,R/Respiratory_Therapist.mp4,4605702
restart,1,1dEdTrTDo6ozMAMWXrPfmcQ-qgat5o8N5,R/Restart.mp4,3230365
restrained bound confined chained,4,1dR7JCUop-jN_n1ICWzQVi1YPZJI7XvUa,R/Restrained_Bound_Confined_Chained.mp4,1670603
resuscitation bag,2,1KgIhgkKAVVx0NEm7U5RcytFPu5S6HwaR,R/Resuscitation_Bag.mp4,4985949
retire,1,1wyh5HlbdCM8U7Heg0QQn40aDT5DRgKsd,R/Retire.mp4,3416212
reverse,1,120rUgjdHTX0kJ1FbNYufeLINN6P_9vFB,R/Reverse.mp4,1782586
revise review,2,10SuFG9k196wbxINXqQo-PNS3plTcVn3K,R/Revise_Review.mp4,6952316
revolving chair,2,1Dc9nKROyK5wDzzs7JWaLPqdISt8NMC55,R/Revolving_Chair.mp4,2317325
rheumatology,1,1jUgaCsW7VNv-H7aJ4uJ4QARNdgptFbdZ,R/Rheumatology.mp4,4971164
rhino virus,2,1CbBW1jD1-IzBV5Q4BKp9rtPtevly3hUh,R/Rhino_Virus.mp4,2539589
rhinoceros,1,1KA9XaUzC9BlNEpjrFjyycU51aJkMcJdJ,R/Rhinoceros.mp4,2292829
rhyme,1,1U58bYOtgjEgm8nlG1lQ5NfmNy1Sb5tnd,New 2500 ISL Dictionary Videos/Yunikee 2/English/Rhyme.mp4,3310022
rhythm,1,1QGEOlTsX9UIMBZXKx2oK-nc9GdpgP2Kq,New 2500 ISL Dictionary Videos/Yunikee 2/English/Rhythm.mp4,4259605
rib cage,2,1llVs-9p0IR7IwNyDqx72RbGUo7YhULrO,New 2500 ISL Dictionary Videos/Yunikee 1/New English/Rib_Cage.mp4,5455622
ribs,1,1BGkVEt0HlcrPG0ejyMJR3hfuZyANRRHd,R/Ribs.mp4,5658517
ring generalship,2,1-jTZsP0UE1nomD9ECWuBkqI-uMA3ZRKS,New 2500 ISL Dictionary Videos/Yunikee 2/English/Ring_Generalship.mp4,7507231
ring spanner,2,1Ih-33Wno05Mmq0aiSyWjZY7bPVMCoCer,R/Ring_Spanner.mp4,5662812
ring stoppage,2,11azpucagyV9k_EEb7Jd7zgX4cZ3VtMon,New 2500 ISL Dictionary Videos/Yunikee 2/English/Ring_Stoppage.mp4,5131206
rip out,2,1nzlHDORZSCR-fZaPKkxUm7CzzxkO2vOd,R/Rip_Out.mp4,5164508
river yamuna,2,19dPZEZglpvzhC7M045E-Xx0lwZFIoQMF,New 2500 ISL Dictionary Videos/Yunikee 1/New English/River_Yamuna.mp4,6228302
road separator,2,19lBKPjLkwIq8WQ0r8sb-OcyfSZB7TB2g,R/Road_Separator.mp4,3809806
rock climbing,2,1bw10Sc1FqJ024pkUENeaMoRCaKfO0lIz,R/Rock_Climbing.mp4,5380871
rock drill machine,3,1PqN6B-jFXtTxNCmNjN2bE6-8Aq-TVVgU,R/Rock_Drill_Machine.mp4,3977934
rocket,1,1pc1SPCk9_TT868ceHhKIlfpXLOGNCaw8,R/Rocket.mp4,2699476
rocking chair,2,1ENiE4AAFiK-jExtV7eaVMATd7S8ZA4_g,R/Rocking_Chair.mp4,2688251
rollerpaint,1,1YO55xbMyZtESmiuVjEbNc7wb08siwqmB,R/Rollerpaint.mp4,4312910
rolls royce,2,1OU4JETYHMNVu7HobW8JEdgLsDJDwDJ2a,R/Rolls_Royce.mp4,2430735
roof,1,1eerIdVQNF9H9RYb0mKfbccVNr33jGP4v,R/Roof.mp4,2827339
roofing tiles,2,1jmQCdLj7_y_w4ex6pQd4YwTXbHU_LI7w,R/Roofing_Tiles.mp4,2790067
root hairs,2,1eB92QpPOKRZE1nDefqIJXNV60_vCTHzY,New 2500 ISL Dictionary Videos/Yunikee 1/New English/Root_Hairs.mp4,7057458
rotating tool,2,1UT_u9OLzUYlp4e0G90d1CmWaFKTWte1N,R/Rotating_Tool.mp4,6195603
roughhousing,1,1lGBerquVMwvd2ZehwjF0_YGulmb2ZGWQ,New 2500 ISL Dictionary Videos/Yunikee 2/English/Roughhousing.mp4,4425419
royal enfield,2,1gCvnix7tbGMaUdzyUpOP1c6sFhZx1gb9,R/Royal_Enfield.mp4,2423753
rubber boots,2,1SGDrp7xB7YtwZtIoR574D1VC0dS9GbH9,R/Rubber_Boots.mp4,7003412
rubber eraser,2,16JxcMoqShul8vEoUBPJ7Hd8uGI8SRMfL,R/Rubber_Eraser.mp4,3598391
rubber stamp,2,1MzSZdhNBR0dTs6ASVSJksoyrs-hQQxtV,R/Rubber_Stamp.mp4,2690151
rude,1,1a2sjuxRD5DEos8CJqQPxWavZLYWkv0nH,R/Rude.mp4,1956874
rugby,1,1KDB24OP3lDHTYQRKP8_zqXNNBuoQ-5PC,R/Rugby.mp4,2938606
ruler scale,2,18J52c4YdMYZ0wbrX40Q7soJHIFueJLhg,R/Ruler_Scale.mp4,1823223
rum,1,1sVKpCSykd51mDy1E9Bwe2d9bF4lwkVTd,R/Rum.mp4,2008991
ruminant,1,1X0fv_BN6xjFsQxvCvTMkD7n52JyfA3mV,New 2500 ISL Dictionary Videos/Yunikee 1/New English/Ruminant.mp4,5166876
rumination,1,1vsFUEop0j1FrHU6Ty0wcBsXvqV1lgmKX,New 2500 ISL Dictionary Videos/Yunikee 1/New English/Rumination.mp4,4518358
running between wickets,3,1-mCFueJRIvn9XvDzGR0fWNZ_SXkXoX2y,New 2500 ISL Dictionary Videos/Yunikee 1/New English/Running_Between_Wickets.mp4,4962719
runway,1,13eKJuZBC_vuy5s1j9vciB7Ez7jnVtvMy,R/Runway_(Modelling).mp4,5694071
rwanda,1,17NFAqI6jXomeHqZfv3SBiiW5xZRAodRm,R/Rwanda.mp4,1629314
sabbatical leave,2,1l3lJkItFxMrEoQSfQjAmfuvyWmHFWJOp,S/Sabbatical_Leave.m4v,5379455
sachin tendulkar,2,1wOusyhXwFVRRwxgOf2MPwBD9fmnCbut3,S/Sachin_Tendulkar.mp4,2104016
sacrifice,1,1Y02ZQmDxUOZEFq7metYYqurn6-8e4ZVl,S/Sacrifice.mp4,2210210
safety goggle,2,1aSqPVcW_7KXDo31w7YYOOtD_IQT7eW3m,S/Safety_Goggle.mp4,4855739
safety helmet,2,1bRPox5Fv1kYYjPyVi0quRz-MwSz-6sPk,S/Safety_Helmet.mp4,4430654
sai baba,2,1qMFwl6QZlaeSqeiJ_VDgpC46ia8GVrVY,S/Sai_Baba.mp4,2320749
sailboat,1,1DV_2q2lL-q719Td7fyFoJvSLDLXQkTAf,S/Sailboat.mp4,2251745
sailor,1,1omX4Wm-3hWB_WwLbjdlllS-IUHZO_ewu,S/Sailor.mp4,4642624
sailor collar,2,1-KTE67jxG4pNWV2lA3qxbsjkmkW7i9M_,S/Sailor_Collar.mp4,4048567
sailor pants,2,1-obBcNxWqx5plHwSz10diR5N68IVol5S,S/Sailor_Pants.mp4,5410502
saina nehwal,2,1w_037qDdikqfWxHDUfZ63zDkxggg7H5N,S/Saina_Nehwal.mp4,1995961
salary,1,1SfM88BiIAyBGp78_PzGY2v0rMqyH30vq,S/Salary.mp4,1686743
saline soil,2,1R_7JzQMf5KGDX6cxD_9YydFvZnvW2lYy,New 2500 ISL Dictionary Videos/Yunikee 1/New English/Saline_Soil.mp4,6229951
salivary gland,2,1ouP_vB2-YYrOv3U9x825POh9ssI4cWHh,S/Salivary_Gland.mp4,7556318
salman khan,2,1hnBr9I_DqiXbm1yh-9MlAJFB_9kgAEJd,S/Salman_Khan.mp4,1806803
salt,1,1st-9w4rdoWEAoo_0pH3NMWW1-Zd3JvZi,S/Salt.mp4,2667261
salwar,1,1LbeHo0tkRlm3ob2yteZg1qZTqYabucts,S/Salwar.mp4,2359011
sama veda,2,1G20v0VKO-QUPyJ094uhu6gONv7WejJmU,New 2500 ISL Dictionary Videos/Yunikee 1/New English/Sama_Veda.mp4,4800509
samajwadi party sp,3,1Zvubnl3nxGZjWotWE0_oFsyI1R-KsPB8,S/Samajwadi_Party_SP.mp4,1920558
same as last one same as last time,8,1Ba_AuZ-AnYLwbHLq5rsnUySe7cRNVHHB,S/Same_as_Last_One_Same_as_Last_Time.mp4,6070662
samosa,1,1Irf14vS2sAqshA7BUphtQV_LPTElpBA_,S/Samosa.mp4,2347837
samsung mobile,2,1Fu23AfWHa3AKqu5F1mKij5XpdShkuyfs,S/Samsung_Mobile.mp4,2720256
san serif,2,1iC_KPkJjqfyk_E1_FCCJqLcSSguLYo9c,S/San_Serif.mp4,6478003
sanctuary,1,1Yr88qjfEGZsuCPnn_nFVIq7RJuEJ0WQQ,New 2500 ISL Dictionary Videos/Yunikee 1/New English/Sanctuary.mp4,5235631
sand,1,1qX2PTGL2FoPP4kjRqnAIl26GTTqqUMf_,S/Sand.mp4,2484877
sand paper,2,1iT_oHUv4bOEKEewHmKUqMFV90TntA408,S/Sand_Paper.mp4,7821687
sand screen machine,3,16at7pUFGbkD-XAtLuts2mUx2kYPzDNB-,S/Sand_Screen_Machine.mp4,7919940
sandwich,1,1pGCgoYdTm6OLPAAHThUx3DSvhM2MYwd2,S/Sandwich.mp4,2827355
sanitary pad,2,1BiOJEHm0ctN9Yk2gjL1l9QNjS_GLfE0d,S/Sanitary_Pad.mp4,2816596
sanjay dutt,2,1E7H8U-GE1oWlwWg_DnjSGZF8JiAzaxqe,S/Sanjay_Dutt.mp4,1802577
saprotrophic,1,1LfYLxF6nZ9GsVnWO3ArMGT0DAdfb9YYZ,New 2500 ISL Dictionary Videos/Yunikee 1/New English/Saprotrophic.mp4,5477062
saraswati,1,1Gy7bHDkvHuYLI_LZZofYqg0sox5UsXDr,S/Saraswati.mp4,2261923
sari,1,1LdE6Vvs8JzlZr_EUr48tg9l6yioXD4Yf,S/Sari.mp4,1960415
sarong skirt,2,1yqQMLJSoLb9PN7Fg5UViw95bOZs51ftE,S/Sarong_Skirt.mp4,4069949
sarvepalli radhakrishnan,2,1dRWeJkYY8HKNV6FV5w3LmbU43BA9X2gT,S/Sarvepalli_Radhakrishnan.mp4,2381228
satisfied,1,15RQzGDkhMEi1e9TUhVzMoAtoj0SuTZbO,S/Satisfied.mp4,2142430
saturated solution,2,1EqBZ7XCfEZ4L2qdxTD0ZGFmT6rD3AKlD,New 2500 ISL Dictionary Videos/Yunikee 1/New English/Saturated_solution.mp4,3602725
saudi arabia,2,14uGkNvAoH4pXZShoHYdYo8tCKYM3HkGb,S/Saudi_Arabia.mp4,1690294
sauteing stir fry,3,1pYHOzZpAAJ7-3b4LGy-aCHIVVVPChiME,S/Sauteing_Stir_Fry.mp4,2367012
saving account,2,1w8WidshA3CMCAX5VzlaT4eqPbnY8IS9q,S/Saving_Account_(Sign_2).mp4,2440620
scalp,1,108epXCuGVKHXDt26mxoE0MxJj5lCIsW-,S/Scalp.mp4,7016203
scan,1,1rj4qRZ7cPLYvz_Xm4XVk25OI0HvTSNMf,S/Scan.mp4,2382031
scapula,1,13BzQHyOMN-jgPCcJ3eXxvbNl66cxMxvi,S/Scapula.mp4,7262839
scent perfume,2,1TCa9VxFDQX_ftKK2heBKn2YFD5XT0vU3,S/Scent_Perfume.mp4,3511407
scheduled caste,2,1AlQ8hGkgegyK3azOmMy4kjxYQ5C0UP-y,S/Scheduled_Caste(s)_(SC).mp4,3500622
school bag,2,1lpuTiIMHwjWiDQoE9QS2fhv_wa9GkN14,S/School_Bag.mp4,1874380
school development plan,3,12hC45QSaTYVcDDZR8DpryV6UZ5wMGw0M,S/School_Development_Plan_(SDP).mp4,4065107
school management committee,3,1FZWEIbBezhEvroMHPJurC6baAo9Erm2D,S/School_Management_Committee_(SMC).mp4,4087668
school of fish,3,1SJtjNQtR2-srapjkBUzd25Tx0d4U2hGb,S/School_of_Fish.mp4,3932880
school uniform,2,1YZNDmwfeOYUZm1745Xhp1XwGc9vspJMD,S/School_Uniform.mp4,1867806
scientist,1,169qX_VVc5UgF1yK8XjRuL7QPlYtxAKKH,S/Scientist.mp4,3536175
scissors,1,1SCmMB4bL1Ua9s9g5h1dKNgcoA6394VRt,S/Scissors.mp4,1825043
scold,1,15rocVCbCbiAG-N5kXubapc72CYDuMhLI,S/Scold.mp4,1285764
scoop,1,1LN6JzkrxwcihjKC9yNY_gt3bELYReLZR,New 2500 ISL Dictionary Videos/Yunikee 1/New English/Scoop.mp4,5868643
scooter,1,1aA9cuefxXCSMlziUI1Fuj_ey2d2xVIct,S/Scooter.mp4,1941684
scorpion,1,1pPiJhZuPqYxBRdt38aJ13nqPm4uQ2Tkp,S/Scorpion.mp4,2158193
scrabble,1,1Pqs1BPAuRHbdORq-IqU_9FS4x-Tfny-4,S/Scrabble.mp4,3075193
scraping,1,1axgsx8mQNhKX_KCl80n8sE8fvrliePa_,S/Scraping.mp4,2959369
scratch,1,1dvRiEi8X0gQhdGIziCAtVguU-PPfZmU2,S/Scratch_(Skin).mp4,2585663
scream,1,1WxVuZZR-cinkMe7huQNY_axj2SclqwkD,S/Scream_(Vulture).mp4,7597097
scream chatter,2,1r889Ox_S1W5pF6WIdA6JB5LYx5oTM7m8,S/Scream_Chatter_(Monkey).mp4,3895249
screech,1,10oGA20ajknKgGzZqo3Zb5zfGRu9hnmkp,S/Screech_(Eagle).mp4,4058353
screen share,2,1exBsypP0Oi7z3s5mvYaJTGeMGbAzAGQ6,S/Screen_Share.mp4,4959990
screw driver,2,1TKNetuF4vKqrXZX8kbyUPuu0dwr_4xni,S/Screw_Driver.mp4,3227922
scripts,1,16JN94eQHM_9RcEsfBvkZw8tS594AUie-,New 2500 ISL Dictionary Videos/Yunikee 1/New English/Scripts.mp4,6434797
scuba diving,2,1-eY2xcW5YspXyzfDBh7WiLrVws_fdYaw,S/Scuba_Diving.mp4,4815401
sculptor,1,1QEIjhZu2GPg0t8B11Ac0uTaNmg0RLwTE,S/Sculptor.mp4,3123031
scurvy,1,18vGXjFW77smYPhV1RqFl16elJwMji1IS,New 2500 ISL Dictionary Videos/Yunikee 1/New English/Scurvy.mp4,6789575
sea level,2,1fxeeDhS2qLnO_TvWclHEjDwDDP0DPj4a,S/Sea_Level.mp4,2149861
sea urchins,2,1sifuDy3xwS0WmTB8D5z53Bp5QBgKDSkf,S/Sea_Urchins.mp4,7975513
seam allowance,2,1eeKzxyTBlQRsL_AI1Tva2oNzbCg8OAGp,S/Seam_Allowance.mp4,5672720
seam ripper,2,1I7PdXjk3p_PFMe6bba7_SbOnFPv7udts,S/Seam_Ripper.mp4,5936022
seamer,1,1dJnZsoFAI5sK1_qM-W3pHkp3TFc2WV1D,New 2500 ISL Dictionary Videos/Yunikee 1/New English/Seamer.mp4,2717691
seamline pocket,2,1UHhn9NRfVHUnKqZIt34GbVnbcDqogovq,S/Seamline_Pocket.mp4,5404817
seashore,1,184N9O61N8QBbhHUdDezpVOty9to4UbVA,S/Seashore.mp4,7541669
secular country,2,1tQa2rmIGHa6i2pGxUAKezCkhM7On4RQW,S/Secular_Country.mp4,7275519
security guard,2,1HoJXfv4QlvWyMVX2yCu04gBGJQFCYpRT,S/Security_Guard.mp4,3509550
see eye to eye,4,1ycxCdpjbz718Y5SfA4k6jo8JI7Gv35uf,S/See_Eye_to_Eye.mp4,4801787
see you tomorrow,3,1df5wSzU63I4GoshFiomenO8qFSvv2usn,S/See_You_Tomorrow.mp4,2058605
seed,1,1WkGaReSfI1PMA0KszqOmz8Fi2Qu-upPM,S/Seed.mp4,2679162
seismograph,1,1g0uNG50OdwoxpkaMJCbpMoTv9s6YbF-B,S/Seismograph.mp4,7286124
seismologist,1,1dlwQXJFOOCErJA5wQaTzSRnMA4GKDUxi,S/Seismologist.mp4,6544683
seismology,1,1BmwuqRW7fAj2sV35w5q5rP7838G7uG4v,S/Seismology.mp4,4691932
self defence,2,15wXIF1ZqaveXZm_C8023PXQaSQVhn1-q,S/Self_Defence.mp4,6595506
selfish,1,1ZjA1vX4PF3-1_FAxf-O0qS9I9WZDCQ5q,S/Selfish.mp4,1571688
selfreflect,1,1e2taE_fmIUPUFCzTJ_Eq4bdFgOUMXMsh,S/Self-Reflect.mp4,2644792
semantics,1,1sjqWUpGjjt0hX6TgzfzJHqZ01ozWToG7,S/Semantics_(Sign_2).mp4,2209742
semi aniline skin,3,1tS-ofu_wfO94uF8gSQ0tbmVpsNdnmq6e,S/Semi_Aniline_Skin.mp4,5181720
semicircle,1,1JPn6RSlxwSjvwKj-6fxaWB6DwoDxZtxo,S/Semicircle.mp4,1886925
seminar,1,1K-Vyx0YkB3mZH5_SuV2SoWPw4usB8apn,S/Seminar.mp4,2696596
sentence,1,1vL85TnmLZ8svKA6CiRFCwtMCzy_G-G_B,S/Sentence.mp4,1814637
sentence structure,2,1oaQcjpKCVzR1SiEssQTHv_aJdMIJtzzv,S/Sentence_Structure.mp4,5000608
separated,1,1jH1MzZUxt-Ide9ESu1N_ts-6SRu2g60o,S/Separated.mp4,6398812
septic tank,2,12U-Z5o1dUCoGPXRbHcEGC2cz1fRlFfez,S/Septic_Tank.mp4,6801331
sequential,1,1wnEtfiJr9LdonX1OIgtzdKp5hn3z83Dl,S/Sequential.mp4,2470890
serial killer,2,1TlH9r-KJWimnM4ZadHeVEa7xsR3hhVAv,S/Serial_Killer.mp4,5506173
serological pipette,2,1wT1YOrZm6T6e9GRiWUBtHlHycBDENZxS,S/Serological_Pipette.mp4,5424370
servant,1,1dIbDbatc2uMzmLhsXgvpy7azBbfvZe4P,S/Servant.mp4,7426379
service court,2,1LyWQHWk-ucmRnoEe2aXvyHxDd9hrCKxJ,New 2500 ISL Dictionary Videos/Yunikee 1/New English/Service_Court.mp4,6196970
service road,2,1ZcveHwO7gln9CUFkLCheMDoKlIAITn37,S/Service_Road.mp4,6008057
setting of cement,3,1XpKNmOC-0FPJsZYKv_B0koeODbJ_cpI7,S/Setting_of_Cement.mp4,4095199
seventh,1,1XMTQFsbAeYwRAkoCUlDpZYzfAtyWzt8_,S/Seventh.mp4,3217812
sex,1,1GcqChwH9Xdl1DImOLgLFjtbBOgPQnZsy,S/Sex.mp4,2351284
seychelles,1,1oA1Wi-I6DErtkvEk4z4lvlxUycp-ukiQ,S/Seychelles.mp4,1598818
shaft,1,1tdWIsqmcka3uGodC3L6kXywx71RHefrT,S/Shaft.mp4,5747650
shaheed bhagat singh,3,1Sgah_U6xqOkAbP8oTJlCStBxkZOc7dfV,S/Shaheed_Bhagat_Singh.mp4,890059
shahrukh khan,2,1puQNqhBk9TUSkWweHyyMpmY5IOXkBENz,S/Shahrukh_Khan.mp4,1839285
shallow,1,1kALu20Ser5lbNLxqSHAQ_kJDhsFKF4KT,S/Shallow_(Sign_2).mp4,2569765
shank button,2,1-GqOOIHeOcKoXuzRO74tdRtojtN4H-cj,S/Shank_Button.mp4,6743252
shark,1,1V80VHubdgYOeAF4C8jg4_2w7u9cciGT2,S/Shark.mp4,3057137
sharp,1,1pQ0X4Zco7mB4AJ4EOQBmRpu9doznq-Sz,S/Sharp.mp4,2881469
sharpener,1,1PvDAkLriues35vn5UxYnTUCH4tuo6jER,S/Sharpener.mp4,2206930
sharpening stone,2,1ZIO_U6P90KWmGpRkcp6iZMVjRgTivxnF,S/Sharpening_Stone.mp4,5656918
shatabdi express,2,1ne_Yp6lbrsKihNyP_oplGtloqCMGLAXm,S/Shatabdi_Express.mp4,2258506
shaving brush,2,1t17wgXF0JaFRICaZafGjBWU9FMp-BN8T,S/Shaving_Brush.mp4,1984385
shaving razor,2,1WV3kvCeYjiSXZAKOtYyvyX5CexBI9DZd,S/Shaving_Razor.mp4,2876435
shaving trimmer,2,1c55jMDdZWNouXmnUM3meTaA9hbRaoIkM,S/Shaving_Trimmer.mp4,2790481
shawl,1,1QnE4bPuVzCPLPbWg-vXHOx-R9nDTXo5f,S/Shawl.mp4,5421272
shearling,1,1s2IcD3jnp5p7JM-aKYvb64zD6qyvqYe_,S/Shearling.mp4,4312753
shears,1,1E1Tp45gOMb7L9VgqqEzfIIbmJ10BZmf0,S/Shears.mp4,3786284
shed cowshed,2,1fAJc91sUED8pTsjKQLIrsm6bzgtyjek6,S/Shed_Cowshed.mp4,6637410
sheep,1,1zF7BI2OWDzUw6atqOLjzwfVpXyUB1N5M,S/Sheep.mp4,2817392
shell top,2,1TB5AJrmiczwt0Jj78YQxO2DbgazGDHi5,S/Shell_Top.mp4,5406300
shift,1,1BsL93Vz0RyvRzJf3SSVJbnS1LpPTJ73k,S/Shift.mp4,2255634
shigella dysenterie,2,15D1F6Xu87Lsse9Ugp4WROIPq7s-MBxw4,S/Shigella_Dysenterie.mp4,2671722
shine,1,1hKFoVXcuvBcDR9arY_4IOrotuK_xByl4,S/Shine.mp4,2246374
shiva,1,1B2xu1luFxtEfI_sRy3_A-upSxblXACPn,S/Shiva.mp4,2311659
shock,1,1xB0KvGlRsmrX1GvV_6wkMtb7_ahah_pr,S/Shock.mp4,1730606
shocked,1,1BeuDN_c1MOmrbBvuiDRKkC7g5pm7RZgM,S/Shocked.mp4,1655872
shoe rack,2,1Ei5LxDNPX7CRihm9zYybvLWOazn1rM2D,S/Shoe_Rack.mp4,2630796
shoot,1,1043QRrJGt6Xpj8LuCxa0g4oqdqnb7HhV,S/Shoot.mp4,1780206
shooting,1,1_qc1RDOwsYHjJ7HPlInYC-GMkofHqe6V,S/Shooting.mp4,1611109
shopkeeper,1,1tuYkPNiYbC-_FuslJGs7yRQTf-7EgJ3B,S/Shopkeeper.mp4,2737000
shortterm,1,1kvGtg5UFHOj5Xq9d5jG0ZrLN1CnhJ9aM,S/Short-Term.mp4,1276032
shortwave diathermy,2,19iRZV3hGePbMP4ZaI-RU2f8x4J1tx7Ro,S/Shortwave_Diathermy.mp4,7015974
shot put,2,1sTgUHO5bk-HQ43-4kdfGqMpaPiQqjxBh,New 2500 ISL Dictionary Videos/Yunikee 1/New English/Shot_Put.mp4,6301783
shoulder,1,1Oz2nOgjG3gLnD4RZefAaVIJK1x3Q8mPS,S/Shoulder.mp4,2165712
shoulder bones,2,1AVZq2L79IfFGPC6_aFIWkh8Q-tPyKf7c,New 2500 ISL Dictionary Videos/Yunikee 1/New English/Shoulder_Bones.mp4,2707292
shoulder exerciser,2,1y9OZHqYnpHh2scLbbs2w59WrXMhyOGEF,S/Shoulder_Exerciser.mp4,3773689
shoulder pads,2,1cW0jYMT4F80Pa2exwtdZ8DYOepmZMpe4,S/Shoulder_Pads.mp4,7276781
shoulder wheel,2,1FJthw4NJRr_kUz4tkXaxMJ5i8rz04hU8,S/Shoulder_Wheel.mp4,4342682
shovel,1,1p1SfJ87jBnuK_HPlmjTJ5LHrRkHBjqSc,S/Shovel.mp4,2967940
show jumping,2,1J220Fd05-YzHOLuuGlWj2cXWLcCUISus,New 2500 ISL Dictionary Videos/Yunikee 2/English/Show_Jumping.mp4,6913536
shower,1,1rwLBNNyig42ybsXF5ixJtLVvVKotd5bk,S/Shower.mp4,2327010
shred,1,1r1bwtKGx-fN3xZiI37q_3TDHV6_NJM4Z,S/Shred.mp4,6596819
shut,1,1f7NVAL_ND_T-4BjH41_qtwdJ5J_iTM1X,S/Shut.mp4,3910503
shutdown,1,1Cw-ob6yxbA0p47yT2O1ON4EUv9H3Frzq,S/Shutdown.mp4,2685924
shutter,1,1JdW8yUmBwvFgia0upt8a99UCWS6pwUP0,S/Shutter.mp4,7024945
shuttlecock,1,1FPU8wpWlDY-vv4Ggxl3jkbBWHlkhlRGi,New 2500 ISL Dictionary Videos/Yunikee 1/New English/Shuttlecock.mp4,3993540
shy,1,1t5UCGYR9HWFgvy8KF600TrMwXBTsyvzm,S/Shy.mp4,1283376
sibling,1,18nRUIbrY_EZa0pt50eiG5VYWoUYRs4q6,S/Sibling.mp4,3808521
side mirror,2,1hJsuSIbuQx3kJo32ul9KQpToqxybBr_Q,S/Side_Mirror.mp4,3157057
sideback,1,1r8YyUEK_tq0u4ZTDDnhWaRwePBUeQEcj,New 2500 ISL Dictionary Videos/Yunikee 2/English/Sideback.mp4,5534886
sieve strainer,2,1Vqr00Mr6HPoDYZANPS4sTvj9fA6S5hhk,S/Sieve_Strainer.mp4,7531905
sift,1,18ZM-no5wqS-m2NzxxXEuTQJM9JuEnVDE,S/Sift.mp4,4725488
sightseeing,1,1h9LPxeKPTBh2DQnkfU8d7qbEugujK5KH,S/Sightseeing.mp4,3166871
sign language day,3,1EW0DitntniCycVFzM6DSvQjadlWCJis1,S/Sign_Language_Day.mp4,1112298
signal lights turn lights blinkers,5,1V6dt7DSNRBTm4D5PBERI8M1Uf4cyS4u6,S/Signal_Lights_Turn_Lights_Blinkers.mp4,4448030
signature bridge,2,1rQdbuhubbywXpvMvYoi5CdxSUcdfzIzy,S/Signature_Bridge.mp4,3054191
signature sign,2,1pUoVejpB_nWFiseJBlwupXqLX9cClpAT,S/Signature_Sign.mp4,2370646
sikhism sikh,2,16SMtAsLsuPswNs1-LGS4bV8_z8YkJw1N,S/Sikhism_Sikh.mp4,2592951
silk,1,1nLUCCkEv4boKrYAEY78dJAWWicVTsOHf,S/Silk.mp4,3742574
silly point,2,10x8RihzpgfG_oXJSaS4FCFAF-Z1uwKeg,New 2500 ISL Dictionary Videos/Yunikee 1/New English/Silly_Point.mp4,7981319
silos,1,19rGqoK7n549yc57El_lUTAk1nP0X_vnz,New 2500 ISL Dictionary Videos/Yunikee 1/New English/Silos.mp4,5249505
sim card,2,1DofK7qUJtnIXCxb6t3KEQSpCl6N_KUHm,S/Sim_Card.mp4,2241582
simmer,1,1ugMzbp3PuqM6RnFO99eG3hQk2i4HYWFs,S/Simmer.mp4,5974763
simple pendulum,2,1XQyKqWcN6FmbDx0BPw9ChSxNSKlXeA80,New 2500 ISL Dictionary Videos/Yunikee 1/New English/Simple_Pendulum.mp4,6776777
simultaneous,1,1OAJe5g0v6jxBsQAdkzDIGdkGH7kmqQQs,S/Simultaneous.mp4,1475468
sin,1,12U8jWP98s0cuWMFaGRHi89BGuKA49HiA,S/Sin.mp4,1952417
sing,1,1ImqoLxNg0QsrbOoAMUIl1FQn1bfBDNV8,S/Sing.mp4,2047910
singer,1,1RQJs7tpMjFs5ovo3MoJzaNZwynBKDtkD,S/Singer.mp4,2268764
single one run,3,1UXgG4pjPCsbWi6nwTyRmo372NceUBtdQ,S/Single_One_Run.mp4,2388244
sink,1,1oqL7WRsnVop4S5MZx5Y7HNJ-UhHzMD_y,S/Sink.mp4,7565547
sinusitis,1,1B50F_n8rByzKlYYP2Hk4d1PATyMFrtZ5,S/Sinusitis.mp4,4446946
sitar,1,1G4rfzXS6Xg-d4QqUi0wGDLylVPweJcEl,S/Sitar.mp4,2813144
situp,1,1ilpvgs6B56vcndNKG9Hfzrd8boqlqGcU,New 2500 ISL Dictionary Videos/Yunikee 2/English/Sit-Up.mp4,2435778
sixer,1,18KbOZmGP3okEHNd2BQdZAcoqH--qaEMk,New 2500 ISL Dictionary Videos/Yunikee 1/New English/Sixer.mp4,6000577
skating,1,1OQyUrw7DRfXLXK6YF5PYQP4P10B3wY1G,S/Skating.mp4,2636107
skeleton,1,1xW7Oovtqgg4VGY9foxHRyC54nTqMFoQu,S/Skeleton.mp4,2305918
skiing,1,1-3q4uXiybU68Hx0oIk2GFJFZpjBWiR_2,S/Skiing.mp4,1475653
skin cancer,2,10-N3QphUCNlFUlLmUXaO-krQ6fKoCfEi,S/Skin_Cancer.mp4,4856372
skin disease,2,1Ag_8oUchoFd0MNoikzdiGgv5wBd1Z_P4,S/Skin_Disease_(Lupus).mp4,4858047
skirt,1,1cXM3znx0hUN1icZQue7R7NM3qsMHZoqB,S/Skirt.mp4,2683791
skull,1,1Jt6IZiG6_mQYTBVea83emRkhLJ9ak-_w,S/Skull.mp4,2437236
sky diving,2,14LDXK2_9nkG45F3YaSBzaTFEBAdzbOOz,S/Sky_Diving.mp4,1714079
slanting line oblique line,4,1YZ4xqNDuSOhIFBzZ8kWJbI1_DZX23LA4,New 2500 ISL Dictionary Videos/Yunikee 1/New English/Slanting_Line_Oblique_Line.mp4,5616178
slaughter,1,12kDVWY5IvKIf14-r4Bc3YW7s6QQ9QCfh,S/Slaughter.mp4,5371943
sledging,1,1CFppY2_HSxEoAnxMiNWuTTWoDUHO444L,New 2500 ISL Dictionary Videos/Yunikee 1/New English/Sledging.mp4,5974536
sleeve band,2,1Yg6nPdOY_ko62T0fcsL7_lc8EX7RwWqN,S/Sleeve_Band.mp4,5410361
sleeve board,2,1f1SyaajPgqPA-Q5YZTiwp0bNAqYGzHkp,S/Sleeve_Board.mp4,4318367
slice,1,1VvcnqV5pNNbqRr1IA8oR-1aRMORtoaPA,S/Slice.mp4,5299183
slide warmer,2,1kZqiPeSUULJ8mYMMB-guE6zoyBnLUeIR,S/Slide_Warmer.mp4,6744750
slip,1,1MKrw1V6f8FypxpEvTERbbpCXmyevmFQC,S/Slip.mp4,1815673
slippers,1,1iD6j_DA_IluMMoJQ63wXpNTfncpIx-ku,S/Slippers.mp4,1775725
slope,1,1Bb9HYNGGsGkyJaeu8lGYxg7tgtcsuw0c,S/Slope.mp4,2788666
sloped roof,2,1APJmPeBEFyXJrMt6bleBagmvRrR4cYts,S/Sloped_Roof.mp4,2616338
slovakia,1,1wxn96cPfJ-2iAzTsGLJQfoXPhY1gqOd5,S/Slovakia.mp4,1875650
slow passenger train,3,1cGoMGIh_BZuSjst-aKBEcABTRac7gDhb,S/Slow_Passenger_Train.mp4,2609955
sludge,1,12JwSRkLiMiiemXiWY5RVrU85tBQ42zt4,New 2500 ISL Dictionary Videos/Yunikee 1/New English/Sludge.mp4,6043507
small cell lung cancer,4,1lNXAOnUdjcFuepAwy_JoX_vxzoUPhjMv,S/Small_Cell_Lung_Cancer.mp4,4582156
small intestine,2,1URy0surzN_pIv7LwbJL88YNC9YhPw4r7,S/Small_Intestine.mp4,2339010
small intestine cancer,3,13zE4s_zRewbHCKKYUeKlgFqhwJ9Mz_mL,S/Small_Intestine_Cancer.mp4,6696584
smallpox,1,1XNlvfJe4Ge3vpPptlEUmPJTK2ZLqTfug,S/Smallpox.mp4,2563170
smash,1,19wBUjnOE7JNIL70bYWp91AC9kJuqyRrV,New 2500 ISL Dictionary Videos/Yunikee 1/New English/Smash.mp4,5314769
smash shot,2,1DkiSh2dfxq4iMpsus8FjWsLyyUQy8WyQ,New 2500 ISL Dictionary Videos/Yunikee 1/New English/Smash_Shot_(Tennis).mp4,5156165
smell,1,1BEEJR_Ug85Y5CcrUhZkEzqg-48ILYEyw,S/Smell.mp4,2295341
smile,1,1q2510RTDKjjFQKJc4JfBLLROI5Z5SROz,S/Smile.mp4,1416597
smoke,1,16bA3ncI4Pn3i1P0PyGHBrTFZcVqkbe_w,S/Smoke.mp4,1885607
sms notification,2,1Ih6cR8bvBSnPp_y2jWgI3dD9Jkg9JHCc,S/Sms_Notification.mp4,2347631
snail,1,1BkuyNxPr_EnijVpzsJbieaemFeDUKVWM,S/Snail.mp4,2237281
snake,1,1xAFCCLKnnqZUZSfgbW5dbjH-fWy8izzV,S/Snake.mp4,2028414
snatch,1,1XD2N3-28XP9eIRIfaXVYXnwsTiHptblw,New 2500 ISL Dictionary Videos/Yunikee 1/New English/Snatch.mp4,4359185
sneakers sports shoes trainers,4,1hL7U-qYWzs9Iet_81C86doR6GaoNPiDx,S/Sneakers_Sports_Shoes_Trainers.mp4,2362715
sneeze,1,1tA0KRgZN-OoqgDf3JKNOH48XXbPCmMW3,S/Sneeze.mp4,4040948
snore,1,1sv8_3Ays36PwAgJ8j50lIL3gddO5NNzV,S/Snore.mp4,5469197
snorkelling,1,1cMxaZKgw4f5XkOgJ89HDjt8SGLn-9vo8,S/Snorkelling.mp4,7507350
soap,1,1HQsnovJeK_-tca3adKY-dj7kDKPDHja6,S/Soap.mp4,2097093
social model of disability,4,1LFVB58dDY0LdMiglgdDXivTQp5ixbCWf,S/Social_Model_of_Disability.mp4,2286587
social networking site,3,1PeNamtMqbszTySonTCyFvcmAdFAPiqow,S/Social_Networking_Site.mp4,7245026
sociolinguistics,1,1o-41f5A1tfQWXdYEreS1Z7KUD2hwAdfO,S/Sociolinguistics_(Sign_2).mp4,2079216
socket,1,1zI1ZWncb8Dm3apk_WDLkR-BWytS73lqp,S/Socket.mp4,2418091
socks,1,1REGwnHSP4hldspyZKU1Plmw0cGFGEN8p,S/Socks.mp4,3148268
soda,1,1-Wfe7JdwAsIkKDjUqibaJq3hEyaEJFwV,S/Soda_(Sign_2).mp4,4649683
sofa,1,1NH1iBivxcl2kEg3jQyqCsrnsdx2UYqBs,S/Sofa.mp4,2408068
soft toy stuffed toy,4,15O2jmHaLkPDYktzUd6yRcMyXBzJ42mYg,S/Soft_Toy_Stuffed_Toy.mp4,2938059
software developer,2,1YOVgiTkQT-eJVzqe70n99nitYdImCkoA,S/Software_Developer.mp4,5928380
soil,1,1NkHqJ5w4KPLjoGrIXhA-CShbhmH4JSva,S/Soil.mp4,2986703
solar cell,2,1Xii0cHSTi7AGmtt7XK3AyCnRCVg0OCtP,S/Solar_Cell.mp4,3814088
soldier,1,1PbJAn2NhHOxH51ed8AqXPLz73154amwp,S/Soldier.mp4,2529848
solve,1,1LBthS8IeRey8DEAa5jZY_Tr8FoQaLp__,S/Solve.mp4,1573053
somnambulist or sleepwalker,3,12Jmj45Z78lLVnINrlAeg4IzcFZi4wnbQ,S/Somnambulist_or_Sleepwalker.mp4,7742729
sonipat,1,1SeJyFsk7SUgwbpDfhj65sMJaa5i1u0b3,S/Sonipat.mp4,2609403
sonnet,1,1EQMirvAQrwTtTaQYC-1X1bd4YrNcWELA,New 2500 ISL Dictionary Videos/Yunikee 2/English/Sonnet.mp4,2945484
sony mobile,2,1uJXP2qHz2Ayp--NVwtl5lVQXW3fAhala,S/Sony_Mobile.mp4,2449571
sorting,1,1IxFilr-w2yDbH_gR3_lQ2gCq5T1nqYB7,S/Sorting.mp4,6188992
sound notification,2,1MFFM4qeBTxXbwpiovf77-xnwQQJHMZCC,S/Sound_Notification.mp4,6856408
soup,1,1bsQsB0sjB_4owuSv25u4UbDwdTYLiaHr,S/Soup.mp4,2375119
south africa,2,1duxJOR8vQipVfMqPRtqrw1x0ooAQwrQY,S/South_Africa.mp4,1877611
south america,2,1lXhsgVqOt-6jjTYqwUDteQq2p2Ac7eYM,S/South_America.mp4,2412977
south indian bank,3,1X1AgaF4dtVRhXu0ICJa2baDQi1O5RVQT,S/South_Indian_Bank.mp4,2534408
south korea,2,12HbqKfXScJsaVEl4MoLp8s8TVZ44QE0E,S/South_Korea.mp4,1853088
southpaw,1,1j_5nZoIfe9u6TUFvmLqzXMrdZzQvRSuH,New 2500 ISL Dictionary Videos/Yunikee 2/English/Southpaw.mp4,3283895
sowing,1,1nl2DWxg5_xvvEydMd3MbmMXfH1UjgSRP,New 2500 ISL Dictionary Videos/Yunikee 1/New English/Sowing.mp4,6338318
spades,1,1kKN4sF1RboAhxHje1dZH-iDa1UYPpfv7,New 2500 ISL Dictionary Videos/Yunikee 2/English/Spades.mp4,5015680
spanner,1,1X2gobXxguLoukSqr90xokLVATpyMAsE-,S/Spanner.mp4,4576030
spar,1,1KapPX0S9Cx6iRLNYK6g9qUExzxdfO9c7,New 2500 ISL Dictionary Videos/Yunikee 2/English/Spar.mp4,5149211
spatula,1,1InLNDLtmYZgR0SMolSq4IAyG9Qw-LB4M,S/Spatula.mp4,6090514
special education zone,3,1vZphzHVEqt-MLYCaKK5ScTKnojfv5jX8,S/Special_Education_Zone_(SEZ).mp4,2830683
spectacles,1,1Kx5FhFs4V5xOeSV4C2kOppYQ2_a_tcZ7,S/Spectacles.mp4,4315859
speculum set,2,1tAP4GuyGJRsYwcfmaPlfBG4OYjnVSYYq,S/Speculum_Set.mp4,6198159
speech and language disorders,4,1hKViWqot975hW7G-wW08I8DymcIw1-6x,S/Speech_and_Language_Disorders.mp4,2488326
speech and language therapists,4,1TDyHaehMl2l7UBvWIa_EZ-OekA84e8AV,S/Speech_and_Language_Therapists.mp4,4582239
speech therapist,2,1GwCs6vgByZxyJGstihhn6BWH8RSesnSt,S/Speech_Therapist.mp4,4310082
speech therapy,2,18l127Iinr_Lzrg3-62Z6lGlQ3lxPHfP-,S/Speech_Therapy.mp4,3211670
speechlanguage pathologist,2,1U8waDCyvXZbMYLkbU2EEYpl9Q2OA77eo,S/Speech-Language_Pathologist.mp4,3092293
speed breaker speed bump,4,1Yf1ReErxUgu3Mzl494ORn3NZkSxrVp9c,S/Speed_Breaker_Speed_Bump.mp4,3594465
spell,1,1cKAltFftXVaiHzySkHIaNk89XqYhBFp1,S/Spell.mp4,6280265
sperm,1,1q3HRkLhfmzAxtug175E5PbEUkVCOm6t_,S/Sperm.mp4,2092336
sphere,1,1mO3707AybFPRWVAx1zP4WMeUDZM65abS,S/Sphere.mp4,3677403
spherical lenses,2,1DnAerEb2XwOWG8m0C7PNC7SZmnBQOxCb,S/Spherical_Lenses.mp4,5688529
sphygmomanometer,1,1fFzeaJEXK_a10InT2TlOgH4q-tJqv4_7,S/Sphygmomanometer_(BP_Machine).mp4,6742863
spice jet,2,1OYyMXx9scw6dcdJTuW8O74lyUAhZj22A,S/Spice_Jet.mp4,3249334
spices,1,11KqtnGKe7Tm27S1MnQZQjbc5f4DujQcY,S/Spices.mp4,5839812
spicy,1,1hib8u4zvPXcoFL9joVhDgvsCDDQpX8IJ,S/Spicy.mp4,2984883
spider,1,1IpRS0m0x4MFbIglAOjH-f41tzE49u7ns,S/Spider_(Sign_2).mp4,2879666
spin,1,1yqberM4jcpTbK37BF4eXIfsSUd7Xs1IU,S/Spin.mp4,2219110
spinach,1,1evSR01W98eoQCslk7Cy7A96tNlXiY8-b,S/Spinach.mp4,1953086
spinal cord injury,3,1Lv_zuJkkZfyMkU8breeeDdaxoC7VgG-g,S/Spinal_Cord_Injury.mp4,6465802
spine backbone,2,1Yuj2oZ5suxdlWITy6kRrat1V-vddmnwD,S/Spine_Backbone.mp4,2605147
spinning top,2,1VXRGn-_rPWhM9fnOVvOtXhZid8a4S3vl,S/Spinning_Top.mp4,3113415
spinning wheel,2,1oVdz815zp8qq-4fm98SNtpsjhqsj1wEZ,New 2500 ISL Dictionary Videos/Yunikee 1/New English/Spinning_Wheel.mp4,4582691
spiracles,1,1g_jueuqV2TSfsg81Mdj6IntoqqaUxFDa,New 2500 ISL Dictionary Videos/Yunikee 1/New English/Spiracles.mp4,6879407
split pulley,2,1r9x9LBWlguaQOiX1tbxkIWGwYAh4TcTS,S/Split_Pulley.mp4,7664891
spondylitis,1,1BN9C4-GckqT6dpKVMtHq6mnevEGrMRFL,S/Spondylitis.mp4,5401507
spoon,1,1TdFqFMecw6Nw41mGBl6pHWBr7_t1O0x0,S/Spoon.mp4,2221991
sporangium,1,1FrvUxry9f8URohFtW_gK-C8hsiOvZPx0,New 2500 ISL Dictionary Videos/Yunikee 1/New English/Sporangium.mp4,3134491
spore,1,1Qeq3gcVBsEoT_livAI2-ZmqvILqGbSrp,New 2500 ISL Dictionary Videos/Yunikee 1/New English/Spore.mp4,4108761
sports car,2,1rSoRVJQIPDfdRcl797UeAeJdNFBg4Aqo,S/Sports_Car.mp4,2272665
sports shoes sneakers trainers athletic shoes,6,10_hNdOHPyzq0en73x8pQF2zJcTLwzSxL,S/Sports_Shoes_Sneakers_Trainers_Athletic_Shoes.mp4,1819568
sprain,1,1TKSKMR4Bi27vGzPIh7p8n2upnQnaAy9E,S/Sprain.mp4,4983830
spread gossip spread rumours,4,13vdS_JuosVnkrCOV1UVFVH7falpnsWOr,S/Spread_Gossip_Spread_Rumours.mp4,2163379
sprint,1,1On2XKA7zpoWU7xuRASZ_6R_ZNrzvxE-w,New 2500 ISL Dictionary Videos/Yunikee 2/English/Sprint_(Cycling).mp4,3760213
sputum,1,1eabYz26W_QxsGB7DPKLpah4RgguUCfZz,S/Sputum.mp4,4202217
square leg,2,1hf7cTDXjbHc-B_6V30uOr_PVQobOEJWl,New 2500 ISL Dictionary Videos/Yunikee 1/New English/Square_Leg.mp4,4642212
squawk,1,1gXLIWD_p2sqOgRSWj4fq_vmEO0MAkJa1,S/Squawk_(Parrot).mp4,7278153
squeak,1,1WjWjE5v8ZsHTdl1uxICBLa67rJCniISl,S/Squeak_(Mouse).mp4,4839226
squint,1,10REmWWaWWgEoocSo7ZrKPPx4SOX6SWq-,S/Squint.mp4,4590996
squirrel,1,10HdabC7CfYJ9JO6SGI3gOojk4LxwgzTB,S/Squirrel.mp4,2529256
sri lanka,2,18qFB72MtkkuLBPMr2ger5ZC2zw5L2QlH,S/Sri_Lanka.mp4,2076271
stablemate,1,1wXCfhW4ViJCBPJuUoRsUjA36n_fYDVOq,New 2500 ISL Dictionary Videos/Yunikee 2/English/Stablemate.mp4,5549208
stair tread,2,1vRrtvqlUDzHwQPzMao08VaJzHL1nnqMe,S/Stair_Tread.mp4,3984621
stairs,1,1_ah0uRilQy1wbztMF9OA4eujhA-P3Mn9,S/Stairs.mp4,2900881
stalemate,1,1H0W7-utJuv9PhNvDXKFIPUXHst2vLaPS,New 2500 ISL Dictionary Videos/Yunikee 1/New English/Stalemate.mp4,5816258
stalking,1,1w-J4ODuMfb46pOp_2U_jJ7gXS594gbPP,S/Stalking.mp4,5879480
standard standardization,2,1nOCLLTWBvYzNJ7qSL1Q1wWNaj54PGO9a,S/Standard_Standardization.mp4,2598990
stapler,1,1DvCcX_7PWVa4Ld4iD7atQs1qOVpkAOeB,S/Stapler.mp4,2034665
stapoo hopscotch,2,1pz2oX_RfTv69EIKxVdDghnSwiEQcKs1w,S/Stapoo_Hopscotch.mp4,3208211
starfish,1,1eGLKg2N4IsTCrdaiecr8Bs4SjCIzdjGT,S/Starfish.mp4,3559596
startle,1,1N2fRsk-KHNV15aF9W0dKwz_hVCfIgPgl,S/Startle.mp4,2891840
starvation,1,1WXzLVnTIatfSeo8gq3jk53YxCQg4D0rD,S/Starvation.mp4,3689206
starve,1,1kTgZWpM3Ku3sBQiYJubfl9tSU9uIxcLR,S/Starve.mp4,3600917
state bank of india sbi,5,1cVGjhFMMfemqNUb2tL5oPeiUBOGLYpJ2,S/State_Bank_of_India_SBI.mp4,2955920
state curricular framework,3,1AqNXLtl_7o9bS_cjX99ZXtXxKLYf3UJ-,New 2500 ISL Dictionary Videos/ISLRTC 300/State_Curricular_Framework_(SCF).mp4,7634526
static bicycle,2,1ZOyfN0PWe1g5ZLDGDklrn7Af9C9gyw5r,S/Static_Bicycle.mp4,6741565
station leave,2,1oyAFMclPHY79cv_MhXUxZaH-OgZX1f0z,S/Station_Leave.m4v,4723506
stationary bike,2,1eNFQccIIVY9N4AD13GiNGeU2bwqV-Foy,S/Stationary_Bike.mp4,3132447
stationery,1,1qirckI3vPypqfML2HaMLYlC7wwiIcJQJ,S/Stationery.mp4,2849796
steady current,2,1lRGWhjnKRpVDEuqQtsX1fFVn_UDBs7J4,S/Steady_Current.mp4,4008540
steel rack,2,1c7T_xrfC9BIWNSu5mjZeVvkRhnQ0c9iK,S/Steel_Rack.mp4,4129786
steeplechase,1,1CVEyhncgP83CEnQBRYWqmHh5y8SU-AVV,New 2500 ISL Dictionary Videos/Yunikee 2/English/Steeplechase.mp4,5350575
steering wheel,2,1DKSxpZ2cF_m6sqMVPlInGy5TF_fzlKtt,S/Steering_Wheel.mp4,3170056
sterilizer,1,1zvXUDBhhyXoAzCtQrztK5u7VQo-bc0JH,S/Sterilizer.mp4,7960770
stethoscope,1,1H8AYCmoyLkNunF-SX_aQfvLaW77kDGdZ,S/Stethoscope.mp4,4320600
stethoscope baby,2,1-lpgUm9opus3TFRboYTg6Da0s2uzrOh7,S/Stethoscope_Baby.mp4,3999318
stick,1,1n4w17r8K0-Xi9uHs5y22X4zN5jsxwHCF,New 2500 ISL Dictionary Videos/Yunikee 1/New English/Stick.mp4,4211274
stigma,1,1HloihzKby0mLIiS-KyCV5V5MciCJqCXo,New 2500 ISL Dictionary Videos/Yunikee 1/New English/Stigma.mp4,6238391
stink,1,17fBc86TK0Bko-GUs_YcpapyKmLNfGbeo,S/Stink.mp4,2221865
stir,1,17R-mcZiwEdg5lEd4fs2xupFOUE9-Z93U,S/Stir.mp4,6134606
stock chart,2,1OS_7eNaRUOY9Mk2xZFfW6NFPlu-rtw2Y,S/Stock_Chart.mp4,3481554
stock commodities,2,1rS8d-XfeW04CIJcUB6VASK-yFJ8d_r_4,S/Stock_Commodities.mp4,2509016
stomach,1,18-fyiTDAM0qlVMl3UEko_WQ_x7uO_-1N,S/Stomach.mp4,1923320
stomach cancer,2,10RORHVjax3ngRYDKEG1w5S_t7iZQSlDo,S/Stomach_(Gastric)_Cancer.mp4,3232443
stone masonry,2,1_AQkYoJAkGF9m5aVLvPTjAQD5eonoqHC,S/Stone_Masonry.mp4,3763122
stopper,1,1pY6uBD-DrUcVhRFjFV5rDoswzxQjh0bZ,New 2500 ISL Dictionary Videos/Yunikee 2/English/Stopper.mp4,4463808
storm,1,177I5lA7P_DiXPGKM4JrJKiwjFFAuWXlx,S/Storm.mp4,3054578
straight line,2,1jEvmGCCjoKi9UTWbJEwRD5ifg3OMwmu4,New 2500 ISL Dictionary Videos/Yunikee 1/New English/Straight_Line.mp4,3810177
straight pein hammer,3,1rK5y13BNpLlTWnLf-KEWbSv3NAttbbUl,S/Straight_Pein_Hammer.mp4,6736702
strange,1,1-fYU2w_i1vSkdb2aVxb7hms_ZQssRD9f,S/Strange.mp4,2268684
streaming,1,1X8MYoYq0t8AsB5y8Tzi0f0ZMpM6idtGE,S/Streaming.mp4,7875904
streamlined,1,1ST5PVp-o9DNLEKNzsSOhuSCBIvPBL8Gh,New 2500 ISL Dictionary Videos/Yunikee 1/New English/Streamlined.mp4,5669482
stressed pressured frustrated,3,1cN0scSgtv3cG5ZE0oSmu1iYfhBDM36pP,S/Stressed_Pressured_Frustrated.mp4,1787836
strict,1,1U75GhO5QAWmO3_FrMV5O9OE1-arkvaT5,S/Strict.mp4,1316516
striking circle,2,1XnRBZwJ6dYTJgtkGN8xOMFjePA1eRKl3,New 2500 ISL Dictionary Videos/Yunikee 1/New English/Striking_Circle.mp4,4168735
stroad,1,1IyKk-L2uWdGh4WNkko4HZfRQB_9f89ir,New 2500 ISL Dictionary Videos/Anuprayaas/English/Stroad.mp4,6919342
stroke,1,1cab80wOdZKV27lpf9hLBmfY-lk7G2y7D,S/Stroke.mp4,4501435
stuck,1,1T5Zaa4aFQhLY6K8WY-czS6fX7ZJrxXGr,S/Stuck.mp4,2342119
stump,1,1J_z9ZqubbQDcOt4MJkCoAmvwoyxyfzAl,New 2500 ISL Dictionary Videos/Yunikee 1/New English/Stump.mp4,5240513
stump out,2,1Mqbq7ahRLqy8hck27Qk0iBx8gTyUCc97,New 2500 ISL Dictionary Videos/Yunikee 1/New English/Stump_Out.mp4,7789285
stumps,1,1FoXcYmVjPMDgsgf9tNETWclk5nhK00t2,S/Stumps.mp4,1292791
stupid,1,10h822DKvMxPNwtkJhmpFmGV5q7Sh0aW7,S/Stupid.mp4,1427823
sub directory,2,1OlatTpQndq4xjE21BChnFEZGMi_k4v9C,S/Sub_Directory.mp4,3806617
subhas chandra bose,3,1Eh_sWrgFNKIU97JQULtTomgqoZQcENdh,S/Subhas_Chandra_Bose.mp4,1914127
subpoena and contempt of court,5,1Y4ex2YigwN__v-B9haJhH3l2UM7pUzQq,S/Subpoena_and_Contempt_of_Court.mp4,6511690
subtract,1,1-el1kLq9iC1S59yHoCkysgldAeT2Edo5,S/Subtract.mp4,2203798
subway,1,1EXqsqU20txQViw9xhB8Psiwloe6nct-f,S/Subway.mp4,3205230
sudan,1,1jtVHpQf9G73YBPAq_CCHfTani5bpSzr5,S/Sudan.mp4,1651245
sudden,1,1X-caFqRJ9Bx9G_oq2ptjPe6LIzH8XWF9,S/Sudden.mp4,3006819
sudden unexpected unforeseen,3,19hSlkpURNj0JiF4Yow_xB4YASL1N1tt2,S/Sudden_Unexpected_Unforeseen.mp4,2255158
suffer,1,1JWnLUUwrimp7CCDW7QTeatU90yGpqwR4,S/Suffer.mp4,4768695
sugar,1,14VewMU498zz9ndoCZOpaNCQSbjMIIH6o,S/Sugar.mp4,2124037
suicide,1,1qz64kZy39FR1LZV0b51d8D0RhmKcdbY0,S/Suicide.mp4,7443571
suit,1,17SD7B_YKAdix1CVXUY-7aXB5a4VOmuC-,New 2500 ISL Dictionary Videos/Yunikee 2/English/Suit.mp4,6205128
summon,1,1KJdHnqw2lRuQJdAX20UK5HPUoXKchG-e,S/Summon.mp4,2135420
sunburn,1,1GXlZpFDVwouCBkhHJcGa0U-xx4oGOnEN,S/Sunburn.mp4,4203477
sunflower,1,1vb46SRR5DsKQJVNyBuz6pzUw5e6KKEsU,S/Sunflower.mp4,2608236
sunny,1,1DfjKzPDLZekOBbn64Al9dHCmyLA2IeiP,S/Sunny.mp4,2083630
sunrise,1,1Enhcr2aTPPiPCXuAen8eYuKg75SJmRFj,S/Sunrise.mp4,2746992
sunset,1,1k_t8pN-_yChy3J9HOgf7IiKE8OQ55Pfe,S/Sunset.mp4,2320672
suntan,1,1isUFEkLWnOSlgtetVu8ZFRbjiTOmkMXo,S/Suntan.mp4,5572192
super computer,2,1WhawvFmLLns6YY-n4F3fKe-KUpfJJ5PH,S/Super_Computer.mp4,5658411
superfast express,2,14kDks9nd0Cy8afwDN5q-Zw4zS0Rb3H3d,S/Superfast_Express.mp4,3239017
superficial,1,1Bsajl_kl8RVHqUXSvE2e5aEE2n9gEAVX,S/Superficial.mp4,3209918
superman,1,1vi_P6dFCoIUDbD-4IfJAbyoB-729csAP,S/Superman.mp4,2206637
superstition,1,1CdLVKTAby76OtEMl0Kw6oKWSg2c5q-C5,S/Superstition.mp4,3054048
supervisor,1,1NIpL7Lxh2pTiTPSKmHcc9m7H6LFU-Apn,S/Supervisor.mp4,2919157
supreme court,2,1LzuuYBDYqA-8A9fd5f7Znj0DSz6Gp8mV,S/Supreme_Court.mp4,2132577
surcharge,1,14jBbPCi_j7KHbmzOh90ThYCPEZTDvVww,S/Surcharge.mp4,4167612
surface plate,2,1GyrLjKsniPPFVWkHSwNGr81Xnn1uM5UH,S/Surface_Plate.mp4,6103237
surfing,1,1pj0IkOaVc8gDzt9vIH6KilEgoCT-GBta,S/Surfing.mp4,1204340
surform,1,1RaRYe1fOJRrk92L9x6_gbxzHjYJDu9Yp,S/Surform.mp4,7813671
surgeon,1,1izMWg7pQoQsrtQY-OWIRfClgz3qZo0OE,S/Surgeon.mp4,2425796
surname,1,1nTTSDCk7-rKeb_bCndN1BOtf48tEiekh,S/Surname.mp4,1879369
surprise,1,1AUIKwvQ--qkOmK4_ZeOgH5HRBZ07aYSS,S/Surprise.mp4,983567
surprised shocked,2,1xMfEcML62TxQIxeXqadlGZhB1ul3S3PD,S/Surprised_Shocked.mp4,3395724
suspect,1,1RJlcnlmVCkatUAuMCgcoxICGt0qeRBUh,S/Suspect.m4v,1666163
sustainable development,2,1LZJjZCoHNGSxxxSbuMPQfNx-yeFaHmC4,S/Sustainable_Development_(Sign_2).mp4,2652125
sustainable development goal,3,1UIeJQGi2W12hjlZYXouSTWH1H-lJAKK4,S/Sustainable_Development_Goal_(SDG).mp4,2824844
suture,1,1r_GOFJlDrMDY0vvGYoLj4FMBbKxkaHT4,S/Suture.mp4,4448389
suzuki car,2,1EKd7YOD0NjVVyMpxNtwdIYnafBkvXTIs,S/Suzuki_Car.mp4,2702165
swab,1,1FUjmbtN1vTmSKgSl0xuhMYTHGDMQnSKE,S/Swab.mp4,2627013
swallow,1,1hi2Efr21GUsVVjS5IjNmGnC1hWdjjUaF,S/Swallow_(Liquids).mp4,3496980
swami vivekananda,2,1-fGAYyiUkkYvPe3WEG_TXSKjK2WClug3,S/Swami_Vivekananda.mp4,2814924
swarm of bees,3,1aiqgQ-G2wp7tyAjR-iWwzspCE7yU4rDv,S/Swarm_of_Bees.mp4,4301397
swaziland,1,1yTbsp8NJiclglmMaT2bxU2PR3tLLAs1T,S/Swaziland.mp4,1266527
swear,1,1__THyp-dWT12or8Et2WKhPA_XKMeX8lF,S/Swear.mp4,7355078
sweat,1,1d-pnXzOgwwET4gpcKj8iwtGF10r9WJX5,S/Sweat.mp4,3030372
sweater,1,1Y5GoMJaskoSE2KRB-0hWWTYhhMzHJTLE,S/Sweater.mp4,2109032
sweden,1,1klM1sBcMouhoEnExC09Cl5juqDEe4A6F,S/Sweden.mp4,1381320
sweep,1,1xJC5TnfaHVhJBWTgjQpeDnuIqMIrwdvy,S/Sweep.mp4,4864426
sweet lime,2,1TgykwIuuhMXmBMA5suQe8GADxVq7shfJ,S/Sweet_Lime.mp4,1943084
sweets,1,15h3t_y40S3bSDYbWFOO-YVV_sG6Hiq67,S/Sweets.mp4,4988584
swelling,1,1UoUQKDaDu4BGw2WGhyQMC5grxSeF7IxW,S/Swelling.mp4,6193409
swim,1,1yhBSEV9Vk-9DwXdxk_9sPZZrVpPY4ZC5,S/Swim.mp4,4843771
swimming,1,1vMXvpooLfvxqX7dcP8mz8mkPWh0XlGfX,S/Swimming.mp4,2651497
swing,1,1ZfZ0XeqqvU4iWZDOF4FxoevnglXKPYtJ,S/Swing.mp4,2916443
switch box,2,1jQAOo6P1j4bNLtJfIBNELHTmezhBJdJG,S/Switch_Box.mp4,4200787
switzerland,1,12lAhtGiAuDmrGzpx9Upp4mplhxoqWlxl,S/Switzerland.mp4,1537051
syllabus,1,11mQ9ERj9UuzyeXImmbreKwijCbbrz1kp,S/Syllabus.mp4,7275986
sympathy,1,1t9q-lAdAK45Mb6-Wg-2Edqk-omXhsprb,S/Sympathy.mp4,6310186
synopsis,1,1kOWiBNuGPNoeSNtHn5HpYqWbbTiwiV-T,New 2500 ISL Dictionary Videos/Yunikee 2/English/Synopsis.mp4,4406319
synovial fluid,2,14K0200AlkybuJTMd0UlznNo45hBoE_KL,S/Synovial_Fluid.mp4,7824637
syntax,1,1LN1FMCR1ilyhuHd89Pss3IpiNdXzL9gH,S/Syntax_(Sign_2).mp4,2007976
synthetic fibre,2,1ftLrFFqMhQnXz88_VFafgzqklxEOPBaB,New 2500 ISL Dictionary Videos/Yunikee 1/New English/Synthetic_Fibre.mp4,5927431
syria,1,10l3L7NOExrpw2jjYnEY4LyojKgjAM2ct,S/Syria.mp4,1652738
syringe,1,1KF5sBbf3HZmojshQsk4HEte2ucqQVtkB,S/Syringe.mp4,3032564
syringe and needle,3,1MvGFpDOvbe7cAtIl03voY-gknlmfqBxW,S/Syringe_and_Needle.mp4,4581653
syrup,1,1zp2L0dtmZxtbJA43bO026lCW3yhqkKSB,S/Syrup.mp4,4826969
tabla,1,1iEdm77oMokH269gbT8DdRqRjPCPDWNUH,T/Tabla.mp4,2332831
table tennis,2,1I3tivewVy5TiMVyh0uWIrZXUgwc2VqMa,T/Table_Tennis.mp4,2656057
tablet,1,1HZmzDt-YLjtwAXu4BsCcm2wBLf9AtXuy,T/Tablet.mp4,3797903
tachycardia,1,1c2GUaOhNogIgsLskzu25ifi-d50x9hks,T/Tachycardia.mp4,3798430
taiwan,1,18VnPXx5YcdkhutXAklV76-pWMoz3eyEe,T/Taiwan.mp4,1645306
taj hotel,2,1IdqwQuh1YEC13CGvRPUWLGjbwkLCWuc9,T/Taj_Hotel.mp4,3578225
taj mahal,2,1HZwFUnRVZD1MLcBKCzq9ckOXiVp3Yjv7,T/Taj_Mahal.mp4,2078643
take a bath,3,1CZIh14AKk_I9X3dmpk0zs9MTeQLfpO0j,T/Take_a_Bath.mp4,2272909
take a photo,3,1JfmEONsKY9sF4nFfT-1qcE2bpp6TsHvV,T/Take_a_Photo.mp4,3029352
tall,1,1--GTO1Mt-nXPkNPxsSHe5RE36TDPHK5t,T/Tall.mp4,2193285
tanzania,1,1Atr5WP1C0n05Mu30RcPzj_bqJRgtLcQx,T/Tanzania.mp4,1884624
tap call,2,1GQnVsssE7SGfcyiX-IOqcThTNrVE9ua0,T/Tap_Call.mp4,2533097
tata car,2,1CNT7KYCxBz-TDvnoXXMFr2jogdvcJ9MT,T/Tata_Car.mp4,2343673
tata mobile,2,1Q2qbj_LDwEP4g4M8hgLYAXcB8UN6zhVi,T/Tata_Mobile.mp4,2727538
tattoo inked,2,12BqHoI3HLez2zexbU9aesvqpLFTy18TZ,T/Tattoo_Inked.mp4,2396174
tax and taxpayer,3,1a5P6QfTCa3PtckETHddU2Du-KNFnW5fd,T/Tax_and_Taxpayer.mp4,7290611
taxation,1,1Buda2hzfd8QSh-oGAYt7C9aZmJnaDcEb,New 2500 ISL Dictionary Videos/Yunikee 2/English/Taxation.mp4,5686377
taxi,1,1SuFBWe5FMtyet9VXKXVUz-Hw7JhlcFm9,T/Taxi.mp4,2331458
technical knockout,2,1PG0di8ZZjFyZBMPXuHkH20X_ZcvpDVqL,New 2500 ISL Dictionary Videos/Yunikee 2/English/Technical_Knockout.mp4,3134736
technician,1,1dZ0SmoTDmv692ktODNNx4Y2Noh28Y6bP,T/Technician.mp4,7779802
teenage,1,14h6EJzUIFHKLxSZm1Zwdfda0GcDPuVJg,T/Teenage.mp4,7113903
temple,1,1H2H1hJFwmw2YWTxAAUxHde5W0MmUcxYb,T/Temple.mp4,1835340
temporary,1,1T2r0frQsrTJpLKRyI5C7nW1bweiyXsZE,T/Temporary.mp4,1661303
temporary appointment,2,1-QUazoy8pRjSkfUz3GKzXQ8Uod0rMBaQ,T/Temporary_Appointment.mp4,5643743
tension,1,1XCtqxgEW4_NIm78_ClwU7_NlzQmJjmjQ,T/Tension.mp4,1840837
terminal,1,1JtUQIUvuUFhiE1og6JaU2EBuPO4nvvEs,New 2500 ISL Dictionary Videos/Yunikee 1/New English/Terminal.mp4,6862448
testes,1,1vBAun_Q_fq6VLoo3S__q8MBamps25R7G,T/Testes.mp4,3539684
testicular cancer,2,1OZD6gErWeVa9ejBH4OskO1NmAcg_1Y6N,T/Testicular_Cancer.mp4,3167027
thailand,1,1-pLr_dHsVlgK7xufzpGEaJrCSEncJsaM,T/Thailand.mp4,1554831
thatched roof,2,1GJ30Xl1ijc_873XvWyJAMooH_p_iBRCr,T/Thatched_Roof.mp4,4586396
theirs,1,1OmvWLssIwZy_2cXlcOzC2jHoZB5Q5YiR,T/Theirs.mp4,2232401
therapist,1,1o_57mR9APqDUh_iWSrw-TzdttdHPPntH,T/Therapist.mp4,6204012
thermometer ear,2,1497xQwiqx8G1WQpOc5uekL1cwDjJl_Ov,T/Thermometer_Ear.mp4,7548185
thermosetting plastics,2,1WAJcO6NL-RO2r1AUEFe3ufee_19eHTQS,New 2500 ISL Dictionary Videos/Yunikee 1/New English/Thermosetting_Plastics.mp4,3902284
thigh,1,1uoc6TYwUjbhu1nB3mQeNFKnr8igunAY0,T/Thigh.mp4,2280453
thin,1,1rs_-m-0tmqEIKgR8p7hIKRByG60xGBgG,T/Thin.mp4,1569013
thread gauge,2,1eaHMUYQmiy4pvtv_jksIFGLuoFeZlT_o,T/Thread_Gauge.mp4,7531027
threading,1,1uTKnIop3keGPwQxLIxRhBbXeJdTL9MIP,T/Threading.mp4,2584124
three days after,3,1mvay2Q54-51_Lcfj7p3q9FVAN3b9lLbM,T/Three_Days_After.mp4,1932780
three days before,3,1gMwDY-beEKYeUC7_vE-7HKFLXjP3jc-I,T/Three_Days_Before.mp4,2703347
three quartered sleeve,3,1ZvmlbSxeW7AAEZBNkzXK0BHVEFM9ymN-,T/Three_Quartered_Sleeve.mp4,5165596
thrice,1,1aqfuyVZu4i-uGadcE4eJUxZfTyy75y45,T/Thrice.mp4,2563561
throat,1,1BaCDgG1tWVFqsLlWgm3Kuv_6BFyfLtiH,T/Throat.mp4,2201573
throat cancer,2,1lp2s0-C-cIZVcAdQJYriC_1l5tTcY25k,T/Throat_Cancer.mp4,4584664
throat plate,2,1brMprj16etSEwFGMrfRJzzClLcqXWexL,T/Throat_Plate.mp4,7024444
thrombocytopenia,1,1sQ_C3guact2R0pJjNfk-a0b7_pI24LbG,T/Thrombocytopenia.mp4,4921233
throw,1,12YZQcszyrDnP5k_qZMk46lfxp0kM82IO,T/Throw.mp4,1146107
thumb,1,1DQvV27TsvPIn64o492VgCXfGDhyxB7Pa,T/Thumb.mp4,1891297
thumb lunula,2,1AzUC_lNGMrldwXLoIBzk2e21R7a45KWz,T/Thumb_Lunula.mp4,3999467
thunder,1,1VZbm8Pv3eMGotF3hZlIrj5mslOpa2e__,T/Thunder.mp4,3668742
thymus gland,2,1zZGUeJ40NJVdl8Tjbj61BrPa_dmjDJyj,T/Thymus_Gland.mp4,5529397
thyroid cancer,2,152HkQpUXWeUSouDHDYcguEfquKgOU4NH,T/Thyroid_Cancer.mp4,5393964
thyroid disease,2,1POoRQfd7wVQHK4MjQ0vpo5YTLnVm4PXT,T/Thyroid_Disease.mp4,6203447
thyroid glands,2,1xCia8BNqeiuNMPvw_Ci-Qx5noXv8O5AA,T/Thyroid_Glands.mp4,7550699
thyroxine,1,1ECi-CBiYEJOJY1yTsFSs_eR3_RgQSwbM,T/Thyroxine.mp4,4045115
tibia,1,12XADPdieTsvbgHzxyEso6LmCHNAYn4_u,T/Tibia.mp4,3528108
tie,1,1lKUhYPZCISqOhWmxLshp9uJzOLX-lyUI,T/Tie.mp4,1961853
tied up restrain,3,1n9WzABf3VJ03E6ejME0grgiB2C75RmNE,T/Tied_Up_Restrain.mp4,2875181
tiffin,1,1280f--LObElIbyXI38b4ZOlpD_Q_LAAJ,T/Tiffin.mp4,1960066
tight,1,1qL6YrqpCEEzTfIVg4Y9K2L8ZAjiorlxy,T/Tight_(Clothes).mp4,2291828
time table,2,1_cUUw33y6mi-8AcSD329daFQQFvnCmpT,T/Time_Table.mp4,2292689
time trial,2,1Ytrh8FEHWfTaBntbZWuVMUN74BGutN16,New 2500 ISL Dictionary Videos/Yunikee 2/English/Time_Trial_(Cycling).mp4,4638454
timid,1,12VHhJSR2b3PFnwkjWj_uqQ5hcj5biXeX,T/Timid.mp4,2296875
timing,1,1DGA5uOOtiZ-J8HWz1Zmi3cxwdh9_HeNc,New 2500 ISL Dictionary Videos/Yunikee 2/English/Timing.mp4,3496696
tinda indian squash apple gourd,5,1BVXWLSteLuUeXCeT-5EGF8bIX5C5ZC0S,T/Tinda_Indian_Squash_Apple_Gourd.mp4,2441767
toaster,1,1Mvi7hCPZUtmpRxmiKUAYuEWUwXM4g8ya,T/Toaster.mp4,2746869
toffee,1,1wBZ1kp-Lm1KhbW4zl-HW-mI0ZV9EB48G,T/Toffee.mp4,2831516
toggle button,2,1sIdVEfLd4kdevYH0pQUVDuDOhhXP954T,T/Toggle_Button.mp4,5935014
tolerate,1,1-axYyq4RI5XPC-34JrbVRenJZE7jiZba,T/Tolerate.mp4,2393847
tomato,1,1zlJ9-F9GJt0pJN0H3kRWcUAl-M0NwZ9f,New 2500 ISL Dictionary Videos/ISLRTC 300/Tomato.mp4,2038182
tone,1,1CmObRFssLhpmuUkGo5OqWuYmLZcm-VmK,New 2500 ISL Dictionary Videos/Yunikee 2/English/Tone_(Body).mp4,3588013
tongs,1,1plzK49TfpodJ4BwmW1VLGwAZfnd4zBXr,T/Tongs.mp4,2755344
tongue,1,1K_ir8pvV-V40HoIUF40pcWM46ykXmOOo,T/Tongue.mp4,1968278
tongue depressors,2,12__66nVRHaajyymBbgjMG3dKVCudasoa,T/Tongue_Depressors.mp4,6198303
tonic,1,1BOzzBJmqfui-HNF6l5cdJ0YJxwZt91r-,T/Tonic.mp4,1906476
tonight,1,189drp0mf5BulM_lqs2_8cUAoGjjaphMD,T/Tonight.mp4,2085960
tonsillectomy,1,1ppZzn3yi18vFtgwyo9PNNC2ppxlPmTl3,T/Tonsillectomy.mp4,3367035
tonsillitis,1,1bVw9q3o_XxU79HiacEjIb2rTWCt2tbPN,T/Tonsillitis.mp4,3066732
tool belt,2,1RYxfyODvsC0il1KV7iLYEC5YREAl-yya,T/Tool_Belt.mp4,7263218
tool box,2,11uAjqvJGUhG3_ZWTg4zSk3XvpI5WH4ql,T/Tool_Box.mp4,4846011
tootbrush,1,11LQGBeA06SXl_mADSr0k3TdDo5nfBgv6,T/Tootbrush.mp4,2380270
tooth,1,15aaBmIKnaa-JvJgC1-DaJyRC8z9Bsirq,T/Tooth.mp4,1722801
toothache,1,1diT5gJii_Po5mrQAMZIA56JSYrmn-K06,T/Toothache.mp4,2163911
toothpaste,1,1Rbit953wNB5bsoP_68N4RL5ZBcgV6JzH,T/Toothpaste.mp4,2405046
toothpick,1,1Td8_uIG70su-G_Eq-NSnuQ-bgbK_T9gZ,T/Toothpick.mp4,1801242
topic subject theme,3,1uHgtBvGV7SJRLgVfWOAj3fK7d7HDWz1N,T/Topic_Subject_Theme.mp4,1468119
torch,1,16okYjlYSjzcs3Nd-8iDndsOtqUCLIKcb,T/Torch.mp4,2177739
tornado,1,1ZmO4mZ6CLyRDqGWQa4XVVzQkfb1x0Bot,T/Tornado.mp4,2776542
tortoise,1,1xoHK5ggyNxyY9meVIIuGtsf02kQ_r6yj,T/Tortoise.mp4,2268364
total aggregate complete,3,1yVIQaZcUWa7ZDguAqPvl0974SbesVQN7,T/Total_Aggregate_Complete.mp4,1363938
touchscreen,1,1vPOoozS1RakqSRg6-bbgyHqQ6FTv7e5g,T/Touchscreen.mp4,2180223
tourniquet,1,1DTKN30VBeV9J1OFy4Q1fL57E8_Fc2wn6,T/Tourniquet.mp4,7097493
towel,1,11m9labJ-Ay6ANv88bvqlvU2q9tSSw4O1,T/Towel.mp4,1792065
toxicology,1,1c9Ke0-txpghzrNVCAf0RUWyY3E8FKB_3,T/Toxicology.mp4,7277039
trachea,1,1_UAbpIeD1-Wp5AMfEXpOxHzRbsnsU4yT,T/Trachea.mp4,5747614
tracheotomy,1,1EK3Zc5IA-ndQavGPUQrJ7uxW_BWQIfzP,T/Tracheotomy.mp4,4535590
track race,2,12_cfTl1qiWMjSURnGMwDpPXubyJgTJl-,New 2500 ISL Dictionary Videos/Yunikee 2/English/Track_Race.mp4,5300819
trade union,2,1J8wdRuSTYXxKV8t3PkD9YZI3X_1POniF,New 2500 ISL Dictionary Videos/Yunikee 2/English/Trade_Union.mp4,4819652
trader,1,16CmcuRWZRgR-0RPy9vy-gAY8dl2ZwvEY,T/Trader.mp4,3771491
traditions,1,1-ahqYLo0qTJagFYQOun5Iicn_x1ld0d_,New 2500 ISL Dictionary Videos/Yunikee 1/New English/Traditions.mp4,5025685
traffic lights,2,16_kkuZPEnt9HUL6C_FRbZQMTlA5Ylfax,T/Traffic_Lights.mp4,2971472
transfer of charge,3,1TcYa5hk0Gv6BdkAs1458x-PwuehDvFMF,New 2500 ISL Dictionary Videos/Yunikee 1/New English/Transfer_of_Charge.mp4,7156793
transgender,1,1rC0KuZxoWgTROaFFmT9z2Drps6ekpLhz,T/Transgender.mp4,2338459
translate,1,1e1s3E7ph8PwkXZeQ-OklN33wMhpFmgrp,T/Translate.mp4,1897231
translator,1,1EmgTbt79BeEUbmIBwgroBbwd5YetlB12,T/Translator.mp4,1942860
transparent,1,1UtGEdd4sB5T8M8jwO6KIUx_AStdG5M7F,T/Transparent.mp4,4137227
transplantation,1,1V3tOFUir5KDH-eSmoKBhAESIbG6SgBof,T/Transplantation.mp4,4532343
treason,1,113qhBsuzkYB9le99Rixlk4CD5P_KPpAC,T/Treason.mp4,7065191
triangle,1,13rag7WJl934wu8w_FjwiRDoY-PCNzMLY,T/Triangle.mp4,1788421
trip tour,2,19T0vJEKJqqp8fuV_gAHHV3kukGoG5Lsb,T/Trip_Tour.mp4,2475390
triple,1,1wV1fxTXhCEbOd-7rQZnC_uTtULybZRqK,T/Triple.mp4,2026375
triple jump,2,1-l3sKzIDSW80YUlxEJFLBXfba2eE2y2o,New 2500 ISL Dictionary Videos/Yunikee 1/New English/Triple_Jump.mp4,6842280
tripod,1,1d3YzLB7DbJTRq3xYWSYUdM5nBdLIdwZF,T/Tripod.mp4,5522744
trolley general purpose,3,1msDOGvhLshx_WAd8FVrEacLXCbgOPNTU,T/Trolley_General_Purpose.mp4,7066893
trolley instrument,2,1-hSR6AEZcQf_fOlXYXnHip9URBg2MW_T,T/Trolley_Instrument.mp4,4707029
trolley medicinedrug,2,1tAw3-pMYi3cu3IoNWyf9NU0l9m8mGkWy,T/Trolley_Medicinedrug.mp4,5451915
trot,1,17yyFXX_GOYvXdSXQKzWAKCsl6SUcPIuX,New 2500 ISL Dictionary Videos/Yunikee 2/English/Trot.mp4,4731845
true genuine real,3,1jwryr0TXoXEQQpa01m3ViFE9b6HyqJKM,T/True_Genuine_Real.mp4,1908010
tubelight,1,1J88Sr74VdCzbXZ7Yf4drayCnz_dMqJdu,T/Tubelight.mp4,2333660
tuberculosis,1,1sCBoFInQw7IwEJAfNjXC9ANjKhru5yo3,T/Tuberculosis.mp4,2042022
tughlaq,1,1DCse2Wo47imWa6gvTWhD-nVxbajjc_eD,New 2500 ISL Dictionary Videos/Yunikee 1/New English/Tughlaq.mp4,6724370
tulip sleeve,2,1ghGO6EzOgfA1ifNPXmX1JYJHlLuDrN6-,T/Tulip_Sleeve.mp4,4589055
tumors,1,1So3qbPcwfwp5QXyRbNo7fjcBSFO_MLNB,T/Tumors.mp4,4837954
tunic,1,12jGq-WqX9WD0RRTGOwbPLsEelE6oKgN2,T/Tunic.mp4,5171538
tunisia,1,1Tut1PaibowvHI0GIAG2-UHIzZn_B1qOO,T/Tunisia.mp4,1900878
turmeric,1,1_EqkYPyCrLTc3gFb-6HiiRzyRuuKD6Ia,T/Turmeric.mp4,2631415
turn right,2,1HaG9ah80h5-tJNxIMwDJdP4327UT0iS7,T/Turn_Right.mp4,2416384
tvs bike,2,1TU6AjarsXNyfTvdaaPRD6BsgUd4Iw0XW,T/TVS_Bike.mp4,2704218
twin,1,1HqX-DTVYgAaHyTfLde7m6qdr7vCKLOir,T/Twin.mp4,2186731
twist front,2,11dJDNLofbiG1O0CbB0gUlW85qBY2vv-E,T/Twist_Front.mp4,7815126
twitter,1,1eMPAPELjmk5jFHomSR64Pf8RY1ZVcBxr,T/Twitter.mp4,2476950
two days after,3,1eQyNOXnu7GN0NG1TBe_hugbd-FRcm2XL,T/Two_Days_After.mp4,1192838
two days before,3,1o1wVfoZAlx2A6zb7T6HOhDN25fvYcTkV,T/Two_Days_Before.mp4,1160640
tyre,1,1hsPYdpc7Rm0Kle4iFJBOtdSz8-33CKxs,T/Tyre.mp4,2540167
undercutting,1,1Y31MA_RyTb5beugNQhQOAoRZOh7_5KkU,New 2500 ISL Dictionary Videos/Yunikee 1/New English/Undercutting.mp4,4541151
uneven bar,2,1-o6uO5fKVsuoqaBkYFBJMlb-j8jYCVbH,New 2500 ISL Dictionary Videos/Yunikee 2/English/Uneven_Bar.mp4,2970190
uniform motion,2,1Nou2g1RZpnZJKvB1RFsSkdaOGcI1KnfC,New 2500 ISL Dictionary Videos/Yunikee 1/New English/Uniform_Motion.mp4,6545763
uppercut,1,1xQW9UygTwIfTaq_nIlJvWdVN0vvHS1r1,New 2500 ISL Dictionary Videos/Yunikee 2/English/Uppercut.mp4,4142522
ursa major,2,169X7R3ljaXvIE_kAgjfeWr4gKBcgerZ0,New 2500 ISL Dictionary Videos/Yunikee 1/New English/Ursa_Major.mp4,6285000
ursa minor,2,1SwEGI49mm80T4aLKYfAJHRxHMkMxxu_K,New 2500 ISL Dictionary Videos/Yunikee 1/New English/Ursa_Minor.mp4,7317828
vedas,1,1eOeIzBhXXx9iQNUNG1UImWxyzWl5I7JW,New 2500 ISL Dictionary Videos/Yunikee 1/New English/Vedas.mp4,5200101
vegetation,1,1rdqB-XDvR00UJwZE66-AJJDHQ320r-78,New 2500 ISL Dictionary Videos/Yunikee 1/New English/Vegetation.mp4,6951901
velodrome,1,1RaY52fg1om4TR2vYLf0sZ50nnMOS7ODf,New 2500 ISL Dictionary Videos/Yunikee 2/English/Velodrome.mp4,2520142
vertical line,2,1zs_MvqMhVdbUX877-AIrclezeutVlhut,New 2500 ISL Dictionary Videos/Yunikee 1/New English/Vertical_Line.mp4,2850221
veto,1,1srv_1toX7VlVOU3hcb6ix2GWl-yWGdkb,New 2500 ISL Dictionary Videos/Yunikee 2/English/Veto.mp4,4478079
vibration,1,1U50-9baCWSiK3cXE0zER4dmh7E4IGzmT,New 2500 ISL Dictionary Videos/Yunikee 1/New English/Vibration.mp4,6436704
virgo,1,1HaPuC7DDI8-lntvpcjkRTiUFL6KZCxwu,New 2500 ISL Dictionary Videos/Yunikee 1/New English/Virgo.mp4,5874617
virtual image,2,1CIEkgfyih7eK9mFpIG7d0JBPr8AMEB_7,New 2500 ISL Dictionary Videos/Yunikee 1/New English/Virtual_Image.mp4,6742721
visual arts,2,1hmbDWPHfO9KBNmC49Op4heJnIyFfEuFK,New 2500 ISL Dictionary Videos/Yunikee 1/New English/Visual_Arts.mp4,5805479
voice box,2,1LzJXjgVqs36DbQgQmQJlgfsfefxm9cMb,New 2500 ISL Dictionary Videos/Yunikee 1/New English/Voice_Box.mp4,5521135
vowel,1,16adbOCDOFlqAQS0ByladAW5OUqhsmm36,New 2500 ISL Dictionary Videos/Yunikee 2/English/Vowel.mp4,5169173
walkout bout,2,1KeIpfc_j7hDAA1SCgZZYDw5L4QOf52e0,New 2500 ISL Dictionary Videos/Yunikee 2/English/Walkout_Bout.mp4,4118975
water retention,2,1xpsxFz8FkKZwCxaiSFNFu2Mm2tTyWyOZ,New 2500 ISL Dictionary Videos/Yunikee 1/New English/Water_Retention.mp4,3365169
water supply,2,1IXpMMryJLrn9vY_B9SGpk0x2ucsnMtTS,New 2500 ISL Dictionary Videos/Anuprayaas/English/Water_Supply.mp4,7852773
wealth,1,1HWnrh5AGU1a-eUYxwTq9fMpHHJ6109E2,New 2500 ISL Dictionary Videos/Yunikee 2/English/Wealth.mp4,4022140
weaving,1,1FLT3t0AdHBq_zIjAIgJ5lQX9Tlk0rreo,New 2500 ISL Dictionary Videos/Yunikee 1/New English/Weaving.mp4,7132575
web content accessibility,3,1DBrwIPYAXXaOqAi8NJh-oHiE3HQ1kYWy,New 2500 ISL Dictionary Videos/Anuprayaas/English/Web_Content_Accessibility.mp4,5296261
welfare,1,1aJja3Vnd-aTQJZSFT8KMcG9Cvwxyf4yr,New 2500 ISL Dictionary Videos/Yunikee 2/English/Welfare.mp4,3968876
whiskers,1,1QFwXaTkn9ECkW0cgHxRpsTM-t4lmO9Ce,New 2500 ISL Dictionary Videos/Yunikee 2/English/Whiskers.mp4,3031362
windpipe,1,1j8c_ap7E2VFn2q0ROi1qrpVTdZNurMA7,New 2500 ISL Dictionary Videos/Yunikee 1/New English/Windpipe.mp4,5394244
worst,1,1eQAzx4uu7WVXrzj5amajeOCzkbHS2Q2t,New 2500 ISL Dictionary Videos/Anuprayaas/English/Worst.mp4,6831799
yajur veda,2,1PmsP4XVtx-ks8gWKG-GEBI9L9XlYW7VC,New 2500 ISL Dictionary Videos/Yunikee 1/New English/Yajur_Veda.mp4,5521365
yorker,1,1s7r9CcYwI16QPIFYMT_fo517BxRBEzrS,New 2500 ISL Dictionary Videos/Yunikee 1/New English/Yorker.mp4,6771716
zygote,1,13w62vfAAIwE5hlIJzDZ9vNRW6f9aQv2k,New 2500 ISL Dictionary Videos/Yunikee 1/New English/Zygote.mp4,4728692
