id,phrase,ngram_len,source_url,local_path,duration_ms,license,notes
1,1,1,https://drive.google.com/drive/folders/1U-Pr4r1-cupgNOOq9NH_uTsQnPSVEKco,data/_source/isl_dictionary/Numbers/1_One.mp4,3160,ISLRTC,src=Numbers/1_One.mp4
10,10,1,https://drive.google.com/drive/folders/1U-Pr4r1-cupgNOOq9NH_uTsQnPSVEKco,data/_source/isl_dictionary/Numbers/10_Ten.mp4,3000,ISLRTC,src=Numbers/10_Ten.mp4
100,100,1,https://drive.google.com/drive/folders/1U-Pr4r1-cupgNOOq9NH_uTsQnPSVEKco,data/_source/isl_dictionary/Numbers/100_Hundred.mp4,3960,ISLRTC,src=Numbers/100_Hundred.mp4
1000,1000,1,https://drive.google.com/drive/folders/1U-Pr4r1-cupgNOOq9NH_uTsQnPSVEKco,data/_source/isl_dictionary/Numbers/1000_Thousand.mp4,4680,ISLRTC,src=Numbers/1000_Thousand.mp4
10000,10000,1,https://drive.google.com/drive/folders/1U-Pr4r1-cupgNOOq9NH_uTsQnPSVEKco,data/_source/isl_dictionary/Numbers/10000_Ten_Thousand.mp4,5640,ISLRTC,src=Numbers/10000_Ten_Thousand.mp4
100000,100000,1,https://drive.google.com/drive/folders/1U-Pr4r1-cupgNOOq9NH_uTsQnPSVEKco,data/_source/isl_dictionary/Numbers/100000_One_Lakh.mp4,4680,ISLRTC,src=Numbers/100000_One_Lakh.mp4
10000000,10000000,1,https://drive.google.com/drive/folders/1U-Pr4r1-cupgNOOq9NH_uTsQnPSVEKco,data/_source/isl_dictionary/Numbers/10000000_One_Crore.mp4,4560,ISLRTC,src=Numbers/10000000_One_Crore.mp4
11,11,1,https://drive.google.com/drive/folders/1U-Pr4r1-cupgNOOq9NH_uTsQnPSVEKco,data/_source/isl_dictionary/Numbers/11_Eleven.mp4,3360,ISLRTC,src=Numbers/11_Eleven.mp4
12,12,1,https://drive.google.com/drive/folders/1U-Pr4r1-cupgNOOq9NH_uTsQnPSVEKco,data/_source/isl_dictionary/Numbers/12_Twelve.mp4,3360,ISLRTC,src=Numbers/12_Twelve.mp4
120_volt,120 volt,2,https://drive.google.com/drive/folders/1U-Pr4r1-cupgNOOq9NH_uTsQnPSVEKco,data/_source/isl_dictionary/Numbers/120 Volt.mp4,17160,ISLRTC,src=Numbers/120 Volt.mp4
13,13,1,https://drive.google.com/drive/folders/1U-Pr4r1-cupgNOOq9NH_uTsQnPSVEKco,data/_source/isl_dictionary/Numbers/13_Thirteen.mp4,3360,ISLRTC,src=Numbers/13_Thirteen.mp4
14,14,1,https://drive.google.com/drive/folders/1U-Pr4r1-cupgNOOq9NH_uTsQnPSVEKco,data/_source/isl_dictionary/Numbers/14_Fourteen.mp4,3360,ISLRTC,src=Numbers/14_Fourteen.mp4
15,15,1,https://drive.google.com/drive/folders/1U-Pr4r1-cupgNOOq9NH_uTsQnPSVEKco,data/_source/isl_dictionary/Numbers/15_Fifteen.mp4,4320,ISLRTC,src=Numbers/15_Fifteen.mp4
16,16,1,https://drive.google.com/drive/folders/1U-Pr4r1-cupgNOOq9NH_uTsQnPSVEKco,data/_source/isl_dictionary/Numbers/16_Sixteen.mp4,3680,ISLRTC,src=Numbers/16_Sixteen.mp4
17,17,1,https://drive.google.com/drive/folders/1U-Pr4r1-cupgNOOq9NH_uTsQnPSVEKco,data/_source/isl_dictionary/Numbers/17_Seventeen.mp4,3680,ISLRTC,src=Numbers/17_Seventeen.mp4
18,18,1,https://drive.google.com/drive/folders/1U-Pr4r1-cupgNOOq9NH_uTsQnPSVEKco,data/_source/isl_dictionary/Numbers/18_Eighteen.mp4,4400,ISLRTC,src=Numbers/18_Eighteen.mp4
19,19,1,https://drive.google.com/drive/folders/1U-Pr4r1-cupgNOOq9NH_uTsQnPSVEKco,data/_source/isl_dictionary/Numbers/19_Nineteen.mp4,3800,ISLRTC,src=Numbers/19_Nineteen.mp4
2,2,1,https://drive.google.com/drive/folders/1U-Pr4r1-cupgNOOq9NH_uTsQnPSVEKco,data/_source/isl_dictionary/Numbers/2_Two.mp4,2120,ISLRTC,src=Numbers/2_Two.mp4
20,20,1,https://drive.google.com/drive/folders/1U-Pr4r1-cupgNOOq9NH_uTsQnPSVEKco,data/_source/isl_dictionary/Numbers/20_Twenty.mp4,3800,ISLRTC,src=Numbers/20_Twenty.mp4
2000,2000,1,https://drive.google.com/drive/folders/1U-Pr4r1-cupgNOOq9NH_uTsQnPSVEKco,data/_source/isl_dictionary/Numbers/2000_Two_Thousand.mp4,4440,ISLRTC,src=Numbers/2000_Two_Thousand.mp4
21,21,1,https://drive.google.com/drive/folders/1U-Pr4r1-cupgNOOq9NH_uTsQnPSVEKco,data/_source/isl_dictionary/Numbers/21_Twenty_One.mp4,4280,ISLRTC,src=Numbers/21_Twenty_One.mp4
3,3,1,https://drive.google.com/drive/folders/1U-Pr4r1-cupgNOOq9NH_uTsQnPSVEKco,data/_source/isl_dictionary/Numbers/3_Three.mp4,3600,ISLRTC,src=Numbers/3_Three.mp4
30,30,1,https://drive.google.com/drive/folders/1U-Pr4r1-cupgNOOq9NH_uTsQnPSVEKco,data/_source/isl_dictionary/Numbers/30_Thirty.mp4,4840,ISLRTC,src=Numbers/30_Thirty.mp4
3g,3g,1,https://drive.google.com/drive/folders/1U-Pr4r1-cupgNOOq9NH_uTsQnPSVEKco,data/_source/isl_dictionary/Numbers/3G.mp4,2880,ISLRTC,src=Numbers/3G.mp4
4,4,1,https://drive.google.com/drive/folders/1U-Pr4r1-cupgNOOq9NH_uTsQnPSVEKco,data/_source/isl_dictionary/Numbers/4_Four.mp4,4360,ISLRTC,src=Numbers/4_Four.mp4
404_error,404 error,2,https://drive.google.com/drive/folders/1U-Pr4r1-cupgNOOq9NH_uTsQnPSVEKco,data/_source/isl_dictionary/Numbers/404 error.mp4,29875,ISLRTC,src=Numbers/404 error.mp4
4g,4g,1,https://drive.google.com/drive/folders/1U-Pr4r1-cupgNOOq9NH_uTsQnPSVEKco,data/_source/isl_dictionary/Numbers/4G.mp4,2920,ISLRTC,src=Numbers/4G.mp4
5,5,1,https://drive.google.com/drive/folders/1U-Pr4r1-cupgNOOq9NH_uTsQnPSVEKco,data/_source/isl_dictionary/Numbers/5_Five.mp4,4000,ISLRTC,src=Numbers/5_Five.mp4
50,50,1,https://drive.google.com/drive/folders/1U-Pr4r1-cupgNOOq9NH_uTsQnPSVEKco,data/_source/isl_dictionary/Numbers/50_Fifty.mp4,3960,ISLRTC,src=Numbers/50_Fifty.mp4
500,500,1,https://drive.google.com/drive/folders/1U-Pr4r1-cupgNOOq9NH_uTsQnPSVEKco,data/_source/isl_dictionary/Numbers/500_Five_Hundred.mp4,3560,ISLRTC,src=Numbers/500_Five_Hundred.mp4
5g,5g,1,https://drive.google.com/drive/folders/1U-Pr4r1-cupgNOOq9NH_uTsQnPSVEKco,data/_source/isl_dictionary/Numbers/5G.mp4,2667,ISLRTC,src=Numbers/5G.mp4
6,6,1,https://drive.google.com/drive/folders/1U-Pr4r1-cupgNOOq9NH_uTsQnPSVEKco,data/_source/isl_dictionary/Numbers/6_Six.mp4,3240,ISLRTC,src=Numbers/6_Six.mp4
60,60,1,https://drive.google.com/drive/folders/1U-Pr4r1-cupgNOOq9NH_uTsQnPSVEKco,data/_source/isl_dictionary/Numbers/60_Sixty.mp4,4720,ISLRTC,src=Numbers/60_Sixty.mp4
7,7,1,https://drive.google.com/drive/folders/1U-Pr4r1-cupgNOOq9NH_uTsQnPSVEKco,data/_source/isl_dictionary/Numbers/7_Seven.mp4,3240,ISLRTC,src=Numbers/7_Seven.mp4
70,70,1,https://drive.google.com/drive/folders/1U-Pr4r1-cupgNOOq9NH_uTsQnPSVEKco,data/_source/isl_dictionary/Numbers/70_Seventy.mp4,3840,ISLRTC,src=Numbers/70_Seventy.mp4
8,8,1,https://drive.google.com/drive/folders/1U-Pr4r1-cupgNOOq9NH_uTsQnPSVEKco,data/_source/isl_dictionary/Numbers/8_Eight.mp4,3800,ISLRTC,src=Numbers/8_Eight.mp4
9,9,1,https://drive.google.com/drive/folders/1U-Pr4r1-cupgNOOq9NH_uTsQnPSVEKco,data/_source/isl_dictionary/Numbers/9_Nine.mp4,3800,ISLRTC,src=Numbers/9_Nine.mp4
aam_aadmi_party,aam aadmi party,3,https://drive.google.com/drive/folders/1U-Pr4r1-cupgNOOq9NH_uTsQnPSVEKco,data/_source/isl_dictionary/A/Aam_Aadmi_Party_(AAP)_(Sign_2).mp4,5172,ISLRTC,src=A/Aam_Aadmi_Party_(AAP)_(Sign_2).mp4
able,able,1,https://drive.google.com/drive/folders/1U-Pr4r1-cupgNOOq9NH_uTsQnPSVEKco,data/_source/isl_dictionary/A/Able_Can.mp4,2840,ISLRTC,alias of 'able can': dictionary files both words under one sign
able_can,able can,2,https://drive.google.com/drive/folders/1U-Pr4r1-cupgNOOq9NH_uTsQnPSVEKco,data/_source/isl_dictionary/A/Able_Can.mp4,2840,ISLRTC,src=A/Able_Can.mp4
abolish,abolish,1,https://drive.google.com/drive/folders/1U-Pr4r1-cupgNOOq9NH_uTsQnPSVEKco,data/_source/isl_dictionary/A/Abolish.mp4,13840,ISLRTC,src=A/Abolish.mp4
abort,abort,1,https://drive.google.com/drive/folders/1U-Pr4r1-cupgNOOq9NH_uTsQnPSVEKco,data/_source/isl_dictionary/A/Abort_Cancel.mp4,28520,ISLRTC,alias of 'abort cancel': dictionary files both words under one sign
abort_cancel,abort cancel,2,https://drive.google.com/drive/folders/1U-Pr4r1-cupgNOOq9NH_uTsQnPSVEKco,data/_source/isl_dictionary/A/Abort_Cancel.mp4,28520,ISLRTC,src=A/Abort_Cancel.mp4
abortion,abortion,1,https://drive.google.com/drive/folders/1U-Pr4r1-cupgNOOq9NH_uTsQnPSVEKco,data/_source/isl_dictionary/A/Abortion.mp4,3800,ISLRTC,src=A/Abortion.mp4
above,above,1,https://drive.google.com/drive/folders/1U-Pr4r1-cupgNOOq9NH_uTsQnPSVEKco,data/_derived/h264/A/Above.mp4,4224,ISLRTC,src=A/Above.mpg; transcoded from mpeg2video
above_ground_symptoms,above ground symptoms,3,https://drive.google.com/drive/folders/1U-Pr4r1-cupgNOOq9NH_uTsQnPSVEKco,data/_source/isl_dictionary/A/Above_Ground_Symptoms.mp4,15360,ISLRTC,src=A/Above_Ground_Symptoms.mp4
absolute_weeds,absolute weeds,2,https://drive.google.com/drive/folders/1U-Pr4r1-cupgNOOq9NH_uTsQnPSVEKco,data/_source/isl_dictionary/A/Absolute_Weeds.mp4,28958,ISLRTC,src=A/Absolute_Weeds.mp4
absorption,absorption,1,https://drive.google.com/drive/folders/1U-Pr4r1-cupgNOOq9NH_uTsQnPSVEKco,data/_source/isl_dictionary/A/Absorption.mp4,3917,ISLRTC,src=A/Absorption.mp4
absorption_of_water,absorption of water,3,https://drive.google.com/drive/folders/1U-Pr4r1-cupgNOOq9NH_uTsQnPSVEKco,data/_source/isl_dictionary/A/Absorption_of_Water.mp4,11208,ISLRTC,src=A/Absorption_of_Water.mp4
abstract,abstract,1,https://drive.google.com/drive/folders/1U-Pr4r1-cupgNOOq9NH_uTsQnPSVEKco,data/_source/isl_dictionary/A/Abstract.mp4,3960,ISLRTC,src=A/Abstract.mp4; 1 other variant(s)
ac_express_train,ac express train,3,https://drive.google.com/drive/folders/1U-Pr4r1-cupgNOOq9NH_uTsQnPSVEKco,data/_source/isl_dictionary/A/AC_Express_Train.mp4,4292,ISLRTC,src=A/AC_Express_Train.mp4
acacia_fernesiana,acacia fernesiana,2,https://drive.google.com/drive/folders/1U-Pr4r1-cupgNOOq9NH_uTsQnPSVEKco,data/_source/isl_dictionary/A/Acacia_Fernesiana.mp4,14875,ISLRTC,src=A/Acacia_Fernesiana.mp4
acacia_modesta,acacia modesta,2,https://drive.google.com/drive/folders/1U-Pr4r1-cupgNOOq9NH_uTsQnPSVEKco,data/_source/isl_dictionary/A/Acacia_Modesta.mp4,13708,ISLRTC,src=A/Acacia_Modesta.mp4
accept,accept,1,https://drive.google.com/drive/folders/1U-Pr4r1-cupgNOOq9NH_uTsQnPSVEKco,data/_source/isl_dictionary/A/Accept.mp4,3480,ISLRTC,src=A/Accept.mp4
acceptance,acceptance,1,https://drive.google.com/drive/folders/1U-Pr4r1-cupgNOOq9NH_uTsQnPSVEKco,data/_source/isl_dictionary/A/Acceptance.mp4,18390,ISLRTC,src=A/Acceptance.mp4
accommodation,accommodation,1,https://drive.google.com/drive/folders/1U-Pr4r1-cupgNOOq9NH_uTsQnPSVEKco,data/_source/isl_dictionary/A/Accommodation.mp4,24333,ISLRTC,src=A/Accommodation.mp4
account,account,1,https://drive.google.com/drive/folders/1U-Pr4r1-cupgNOOq9NH_uTsQnPSVEKco,data/_source/isl_dictionary/A/Account.mp4,17136,ISLRTC,src=A/Account.mp4
account_blocked,account blocked,2,https://drive.google.com/drive/folders/1U-Pr4r1-cupgNOOq9NH_uTsQnPSVEKco,data/_source/isl_dictionary/A/Account_Blocked.mp4,20898,ISLRTC,src=A/Account_Blocked.mp4
account_closing,account closing,2,https://drive.google.com/drive/folders/1U-Pr4r1-cupgNOOq9NH_uTsQnPSVEKco,data/_source/isl_dictionary/A/Account Closing.mp4,27725,ISLRTC,src=A/Account Closing.mp4
accounts,accounts,1,https://drive.google.com/drive/folders/1U-Pr4r1-cupgNOOq9NH_uTsQnPSVEKco,data/_source/isl_dictionary/A/Accounts.mp4,3901,ISLRTC,src=A/Accounts.mp4
accumulate,accumulate,1,https://drive.google.com/drive/folders/1U-Pr4r1-cupgNOOq9NH_uTsQnPSVEKco,data/_source/isl_dictionary/A/Accumulate.mp4,15960,ISLRTC,src=A/Accumulate.mp4
accurate,accurate,1,https://drive.google.com/drive/folders/1U-Pr4r1-cupgNOOq9NH_uTsQnPSVEKco,data/_source/isl_dictionary/A/Accurate.mp4,10640,ISLRTC,src=A/Accurate.mp4
ache,ache,1,https://drive.google.com/drive/folders/1U-Pr4r1-cupgNOOq9NH_uTsQnPSVEKco,"data/_source/isl_dictionary/A/Ache, Pain.mp4",3460,ISLRTC,"src=A/Ache, Pain.mp4"
achieve,achieve,1,https://drive.google.com/drive/folders/1U-Pr4r1-cupgNOOq9NH_uTsQnPSVEKco,data/_source/isl_dictionary/A/Achieve.mp4,3960,ISLRTC,src=A/Achieve.mp4
acidic_soil_weeds,acidic soil weeds,3,https://drive.google.com/drive/folders/1U-Pr4r1-cupgNOOq9NH_uTsQnPSVEKco,data/_source/isl_dictionary/A/Acidic_Soil_Weeds.mp4,29960,ISLRTC,src=A/Acidic_Soil_Weeds.mp4
across,across,1,https://drive.google.com/drive/folders/1U-Pr4r1-cupgNOOq9NH_uTsQnPSVEKco,data/_source/isl_dictionary/A/Across.mp4,4760,ISLRTC,src=A/Across.mp4; 1 other variant(s)
act_your_age,act your age,3,https://drive.google.com/drive/folders/1U-Pr4r1-cupgNOOq9NH_uTsQnPSVEKco,data/_source/isl_dictionary/A/Act_your_age.mp4,20600,ISLRTC,src=A/Act_your_age.mp4
action,action,1,https://drive.google.com/drive/folders/1U-Pr4r1-cupgNOOq9NH_uTsQnPSVEKco,data/_source/isl_dictionary/A/Action.mp4,3160,ISLRTC,src=A/Action.mp4
actual_loss,actual loss,2,https://drive.google.com/drive/folders/1U-Pr4r1-cupgNOOq9NH_uTsQnPSVEKco,data/_source/isl_dictionary/A/Actual_Loss_(Financial_Term).mp4,26703,ISLRTC,src=A/Actual_Loss_(Financial_Term).mp4
acuity,acuity,1,https://drive.google.com/drive/folders/1U-Pr4r1-cupgNOOq9NH_uTsQnPSVEKco,data/_source/isl_dictionary/A/Acuity.mp4,22600,ISLRTC,src=A/Acuity.mp4
acumen,acumen,1,https://drive.google.com/drive/folders/1U-Pr4r1-cupgNOOq9NH_uTsQnPSVEKco,data/_source/isl_dictionary/A/Acumen.mp4,28200,ISLRTC,src=A/Acumen.mp4
add,add,1,https://drive.google.com/drive/folders/1U-Pr4r1-cupgNOOq9NH_uTsQnPSVEKco,data/_source/isl_dictionary/A/Add.mp4,4880,ISLRTC,src=A/Add.mp4
addition,addition,1,https://drive.google.com/drive/folders/1U-Pr4r1-cupgNOOq9NH_uTsQnPSVEKco,data/_source/isl_dictionary/A/Addition.mp4,5240,ISLRTC,src=A/Addition.mp4
additional_grant,additional grant,2,https://drive.google.com/drive/folders/1U-Pr4r1-cupgNOOq9NH_uTsQnPSVEKco,data/_source/isl_dictionary/A/Additional_Grant.m4v,24000,ISLRTC,src=A/Additional_Grant.m4v
address,address,1,https://drive.google.com/drive/folders/1U-Pr4r1-cupgNOOq9NH_uTsQnPSVEKco,data/_source/isl_dictionary/A/Address.mp4,4280,ISLRTC,src=A/Address.mp4; 1 other variant(s)
administrator,administrator,1,https://drive.google.com/drive/folders/1U-Pr4r1-cupgNOOq9NH_uTsQnPSVEKco,data/_source/isl_dictionary/A/Administrator.mp4,26424,ISLRTC,src=A/Administrator.mp4
adobe_after_effects,adobe after effects,3,https://drive.google.com/drive/folders/1U-Pr4r1-cupgNOOq9NH_uTsQnPSVEKco,data/_source/isl_dictionary/A/Adobe_After_Effects.mp4,21625,ISLRTC,src=A/Adobe_After_Effects.mp4
adoptive_child,adoptive child,2,https://drive.google.com/drive/folders/1U-Pr4r1-cupgNOOq9NH_uTsQnPSVEKco,data/_source/isl_dictionary/A/Adoptive_Child.mp4,6744,ISLRTC,src=A/Adoptive_Child.mp4
adrift_unmoored_unanchored,adrift unmoored unanchored,3,https://drive.google.com/drive/folders/1U-Pr4r1-cupgNOOq9NH_uTsQnPSVEKco,data/_source/isl_dictionary/A/Adrift_Unmoored_Unanchored.mp4,13250,ISLRTC,src=A/Adrift_Unmoored_Unanchored.mp4
adult,adult,1,https://drive.google.com/drive/folders/1U-Pr4r1-cupgNOOq9NH_uTsQnPSVEKco,data/_source/isl_dictionary/A/Adult.mp4,7120,ISLRTC,src=A/Adult.mp4; 2 other variant(s)
adult_education_centre,adult education centre,3,https://drive.google.com/drive/folders/1U-Pr4r1-cupgNOOq9NH_uTsQnPSVEKco,data/_source/isl_dictionary/A/Adult_Education_Centre_(AEC).mp4,21375,ISLRTC,src=A/Adult_Education_Centre_(AEC).mp4
advance,advance,1,https://drive.google.com/drive/folders/1U-Pr4r1-cupgNOOq9NH_uTsQnPSVEKco,data/_source/isl_dictionary/A/Advance_(Financial_Term).mp4,29582,ISLRTC,src=A/Advance_(Financial_Term).mp4
advantage,advantage,1,https://drive.google.com/drive/folders/1U-Pr4r1-cupgNOOq9NH_uTsQnPSVEKco,data/_source/isl_dictionary/A/Advantage.mp4,2760,ISLRTC,src=A/Advantage.mp4
advantage_of_kitchen_gardening,advantage of kitchen gardening,4,https://drive.google.com/drive/folders/1U-Pr4r1-cupgNOOq9NH_uTsQnPSVEKco,data/_source/isl_dictionary/A/Advantage_of_Kitchen_Gardening.mp4,26680,ISLRTC,src=A/Advantage_of_Kitchen_Gardening.mp4
advantages_of_drainage,advantages of drainage,3,https://drive.google.com/drive/folders/1U-Pr4r1-cupgNOOq9NH_uTsQnPSVEKco,data/_source/isl_dictionary/A/Advantages_of_Drainage.mp4,11500,ISLRTC,src=A/Advantages_of_Drainage.mp4
adventurers,adventurers,1,https://drive.google.com/drive/folders/1U-Pr4r1-cupgNOOq9NH_uTsQnPSVEKco,data/_source/isl_dictionary/A/Adventurers.mp4,24500,ISLRTC,src=A/Adventurers.mp4
advertisement,advertisement,1,https://drive.google.com/drive/folders/1U-Pr4r1-cupgNOOq9NH_uTsQnPSVEKco,data/_source/isl_dictionary/A/Advertisement.mp4,3560,ISLRTC,src=A/Advertisement.mp4
aeroplane_duster,aeroplane duster,2,https://drive.google.com/drive/folders/1U-Pr4r1-cupgNOOq9NH_uTsQnPSVEKco,data/_source/isl_dictionary/A/Aeroplane_duster.mp4,17292,ISLRTC,src=A/Aeroplane_duster.mp4
aeroplane_sprayer,aeroplane sprayer,2,https://drive.google.com/drive/folders/1U-Pr4r1-cupgNOOq9NH_uTsQnPSVEKco,data/_source/isl_dictionary/A/Aeroplane_Sprayer.mp4,10083,ISLRTC,src=A/Aeroplane_Sprayer.mp4
affluent_wealthy,affluent wealthy,2,https://drive.google.com/drive/folders/1U-Pr4r1-cupgNOOq9NH_uTsQnPSVEKco,data/_source/isl_dictionary/A/Affluent_Wealthy.mp4,22320,ISLRTC,src=A/Affluent_Wealthy.mp4
africa,africa,1,https://drive.google.com/drive/folders/1U-Pr4r1-cupgNOOq9NH_uTsQnPSVEKco,data/_source/isl_dictionary/A/Africa.mp4,3440,ISLRTC,src=A/Africa.mp4; 1 other variant(s)
after,after,1,https://drive.google.com/drive/folders/1U-Pr4r1-cupgNOOq9NH_uTsQnPSVEKco,data/_source/isl_dictionary/A/After.mp4,3360,ISLRTC,src=A/After.mp4
afternoon,afternoon,1,https://drive.google.com/drive/folders/1U-Pr4r1-cupgNOOq9NH_uTsQnPSVEKco,data/_source/isl_dictionary/A/Afternoon.mp4,3480,ISLRTC,src=A/Afternoon.mp4
again,again,1,https://drive.google.com/drive/folders/1U-Pr4r1-cupgNOOq9NH_uTsQnPSVEKco,data/_source/isl_dictionary/A/Again_Repeat.mp4,4000,ISLRTC,alias of 'again repeat': dictionary files both words under one sign
again_repeat,again repeat,2,https://drive.google.com/drive/folders/1U-Pr4r1-cupgNOOq9NH_uTsQnPSVEKco,data/_source/isl_dictionary/A/Again_Repeat.mp4,4000,ISLRTC,src=A/Again_Repeat.mp4
agave_fillifera,agave fillifera,2,https://drive.google.com/drive/folders/1U-Pr4r1-cupgNOOq9NH_uTsQnPSVEKco,data/_source/isl_dictionary/A/Agave_Fillifera.mp4,13042,ISLRTC,src=A/Agave_Fillifera.mp4
age,age,1,https://drive.google.com/drive/folders/1U-Pr4r1-cupgNOOq9NH_uTsQnPSVEKco,data/_source/isl_dictionary/A/Age.mp4,3480,ISLRTC,src=A/Age.mp4
aggregate_demand,aggregate demand,2,https://drive.google.com/drive/folders/1U-Pr4r1-cupgNOOq9NH_uTsQnPSVEKco,data/_source/isl_dictionary/A/Aggregate_demand.mp4,22083,ISLRTC,src=A/Aggregate_demand.mp4
aggregate_saving,aggregate saving,2,https://drive.google.com/drive/folders/1U-Pr4r1-cupgNOOq9NH_uTsQnPSVEKco,data/_source/isl_dictionary/A/Aggregate_saving.mp4,25292,ISLRTC,src=A/Aggregate_saving.mp4
aggregate_supply,aggregate supply,2,https://drive.google.com/drive/folders/1U-Pr4r1-cupgNOOq9NH_uTsQnPSVEKco,data/_source/isl_dictionary/A/Aggregate_supply.mp4,13917,ISLRTC,src=A/Aggregate_supply.mp4
agnostic,agnostic,1,https://drive.google.com/drive/folders/1U-Pr4r1-cupgNOOq9NH_uTsQnPSVEKco,data/_source/isl_dictionary/A/Agnostic.mp4,14920,ISLRTC,src=A/Agnostic.mp4
agra,agra,1,https://drive.google.com/drive/folders/1U-Pr4r1-cupgNOOq9NH_uTsQnPSVEKco,data/_source/isl_dictionary/A/Agra.mp4,4600,ISLRTC,src=A/Agra.mp4; 1 other variant(s)
agreement,agreement,1,https://drive.google.com/drive/folders/1U-Pr4r1-cupgNOOq9NH_uTsQnPSVEKco,data/_source/isl_dictionary/A/Agreement_(Business).mp4,6000,ISLRTC,src=A/Agreement_(Business).mp4
agriculture,agriculture,1,https://drive.google.com/drive/folders/1U-Pr4r1-cupgNOOq9NH_uTsQnPSVEKco,data/_source/isl_dictionary/New 2500 ISL Dictionary Videos/Yunikee 2/English/Agriculture.mp4,25280,ISLRTC,src=New 2500 ISL Dictionary Videos/Yunikee 2/English/Agriculture.mp4
agro_based_industry,agro based industry,3,https://drive.google.com/drive/folders/1U-Pr4r1-cupgNOOq9NH_uTsQnPSVEKco,data/_source/isl_dictionary/A/Agro_based_industry.mp4,23542,ISLRTC,src=A/Agro_based_industry.mp4
ahmedabad,ahmedabad,1,https://drive.google.com/drive/folders/1U-Pr4r1-cupgNOOq9NH_uTsQnPSVEKco,data/_source/isl_dictionary/A/Ahmedabad.mp4,4960,ISLRTC,src=A/Ahmedabad.mp4
air,air,1,https://drive.google.com/drive/folders/1U-Pr4r1-cupgNOOq9NH_uTsQnPSVEKco,data/_source/isl_dictionary/A/Air.mp4,2720,ISLRTC,src=A/Air.mp4; 1 other variant(s)
air_fryer,air fryer,2,https://drive.google.com/drive/folders/1U-Pr4r1-cupgNOOq9NH_uTsQnPSVEKco,data/_source/isl_dictionary/New 2500 ISL Dictionary Videos/BCS/Air Fryer - English.mp4,29060,ISLRTC,src=New 2500 ISL Dictionary Videos/BCS/Air Fryer - English.mp4
airbubble,airbubble,1,https://drive.google.com/drive/folders/1U-Pr4r1-cupgNOOq9NH_uTsQnPSVEKco,data/_source/isl_dictionary/A/Airbubble.mp4,1840,ISLRTC,src=A/Airbubble.mp4
airport,airport,1,https://drive.google.com/drive/folders/1U-Pr4r1-cupgNOOq9NH_uTsQnPSVEKco,data/_source/isl_dictionary/A/Airport.mp4,4400,ISLRTC,src=A/Airport.mp4
albumin,albumin,1,https://drive.google.com/drive/folders/1U-Pr4r1-cupgNOOq9NH_uTsQnPSVEKco,data/_source/isl_dictionary/A/Albumin.mp4,23042,ISLRTC,src=A/Albumin.mp4
alert,alert,1,https://drive.google.com/drive/folders/1U-Pr4r1-cupgNOOq9NH_uTsQnPSVEKco,data/_derived/h264/A/Alert.mp4,5424,ISLRTC,src=A/Alert.mpg; transcoded from mpeg2video
algae,algae,1,https://drive.google.com/drive/folders/1U-Pr4r1-cupgNOOq9NH_uTsQnPSVEKco,data/_source/isl_dictionary/A/Algae.mp4,2600,ISLRTC,src=A/Algae.mp4
alkali_soil,alkali soil,2,https://drive.google.com/drive/folders/1U-Pr4r1-cupgNOOq9NH_uTsQnPSVEKco,data/_source/isl_dictionary/A/Alkali_Soil.mp4,11560,ISLRTC,src=A/Alkali_Soil.mp4
alkaline_soil_weeds,alkaline soil weeds,3,https://drive.google.com/drive/folders/1U-Pr4r1-cupgNOOq9NH_uTsQnPSVEKco,data/_source/isl_dictionary/A/Alkaline_Soil_Weeds.mp4,20240,ISLRTC,src=A/Alkaline_Soil_Weeds.mp4
alkalis,alkalis,1,https://drive.google.com/drive/folders/1U-Pr4r1-cupgNOOq9NH_uTsQnPSVEKco,data/_source/isl_dictionary/A/Alkalis.mp4,12500,ISLRTC,src=A/Alkalis.mp4
all,all,1,https://drive.google.com/drive/folders/1U-Pr4r1-cupgNOOq9NH_uTsQnPSVEKco,data/_source/isl_dictionary/A/All.mp4,3960,ISLRTC,src=A/All.mp4; 1 other variant(s)
all_by_yourself,all by yourself,3,https://drive.google.com/drive/folders/1U-Pr4r1-cupgNOOq9NH_uTsQnPSVEKco,data/_source/isl_dictionary/A/All_by_yourself.mp4,21000,ISLRTC,src=A/All_by_yourself.mp4
all_rounder,all rounder,2,https://drive.google.com/drive/folders/1U-Pr4r1-cupgNOOq9NH_uTsQnPSVEKco,data/_source/isl_dictionary/A/All_rounder.mp4,14920,ISLRTC,src=A/All_rounder.mp4
allegation_and_accusation,allegation and accusation,3,https://drive.google.com/drive/folders/1U-Pr4r1-cupgNOOq9NH_uTsQnPSVEKco,data/_source/isl_dictionary/A/Allegation_&_Accusation.mp4,25728,ISLRTC,src=A/Allegation_&_Accusation.mp4
alley_cropping,alley cropping,2,https://drive.google.com/drive/folders/1U-Pr4r1-cupgNOOq9NH_uTsQnPSVEKco,data/_source/isl_dictionary/A/Alley_Cropping.mp4,23583,ISLRTC,src=A/Alley_Cropping.mp4
allocation_of_resources,allocation of resources,3,https://drive.google.com/drive/folders/1U-Pr4r1-cupgNOOq9NH_uTsQnPSVEKco,data/_source/isl_dictionary/A/Allocation_of_resources.mp4,27833,ISLRTC,src=A/Allocation_of_resources.mp4
allow,allow,1,https://drive.google.com/drive/folders/1U-Pr4r1-cupgNOOq9NH_uTsQnPSVEKco,data/_source/isl_dictionary/A/Allow.mp4,3520,ISLRTC,src=A/Allow.mp4
already,already,1,https://drive.google.com/drive/folders/1U-Pr4r1-cupgNOOq9NH_uTsQnPSVEKco,data/_source/isl_dictionary/A/Already.mp4,3080,ISLRTC,src=A/Already.mp4; 1 other variant(s)
alternate_mating,alternate mating,2,https://drive.google.com/drive/folders/1U-Pr4r1-cupgNOOq9NH_uTsQnPSVEKco,data/_source/isl_dictionary/A/Alternate_Mating.mp4,29750,ISLRTC,src=A/Alternate_Mating.mp4
always,always,1,https://drive.google.com/drive/folders/1U-Pr4r1-cupgNOOq9NH_uTsQnPSVEKco,data/_source/isl_dictionary/A/Always_Every_time.mp4,3520,ISLRTC,alias of 'always every time': dictionary files both phrases under one sign
always_every_time,always every time,3,https://drive.google.com/drive/folders/1U-Pr4r1-cupgNOOq9NH_uTsQnPSVEKco,data/_source/isl_dictionary/A/Always_Every_time.mp4,3520,ISLRTC,src=A/Always_Every_time.mp4
alzheimer_s_disease,alzheimer's disease,2,https://drive.google.com/drive/folders/1U-Pr4r1-cupgNOOq9NH_uTsQnPSVEKco,data/_source/isl_dictionary/MHSL - 259/Alzheimer_s_disease.mp4,27040,ISLRTC,src=MHSL - 259/Alzheimer_s_disease.mp4
amazon,amazon,1,https://drive.google.com/drive/folders/1U-Pr4r1-cupgNOOq9NH_uTsQnPSVEKco,data/_source/isl_dictionary/A/Amazon.mp4,3120,ISLRTC,src=A/Amazon.mp4; 1 other variant(s)
ambience,ambience,1,https://drive.google.com/drive/folders/1U-Pr4r1-cupgNOOq9NH_uTsQnPSVEKco,data/_source/isl_dictionary/New 2500 ISL Dictionary Videos/BCS/Ambience - English.mp4,24980,ISLRTC,src=New 2500 ISL Dictionary Videos/BCS/Ambience - English.mp4
american_option,american option,2,https://drive.google.com/drive/folders/1U-Pr4r1-cupgNOOq9NH_uTsQnPSVEKco,data/_source/isl_dictionary/A/American_option.mp4,21664,ISLRTC,src=A/American_option.mp4
amino_acids,amino acids,2,https://drive.google.com/drive/folders/1U-Pr4r1-cupgNOOq9NH_uTsQnPSVEKco,data/_source/isl_dictionary/A/Amino_Acids.mp4,3480,ISLRTC,src=A/Amino_Acids.mp4
ammonia,ammonia,1,https://drive.google.com/drive/folders/1U-Pr4r1-cupgNOOq9NH_uTsQnPSVEKco,data/_source/isl_dictionary/A/Ammonia.mp4,16625,ISLRTC,src=A/Ammonia.mp4
among,among,1,https://drive.google.com/drive/folders/1U-Pr4r1-cupgNOOq9NH_uTsQnPSVEKco,data/_source/isl_dictionary/A/Among.mp4,3960,ISLRTC,src=A/Among.mp4
amount,amount,1,https://drive.google.com/drive/folders/1U-Pr4r1-cupgNOOq9NH_uTsQnPSVEKco,data/_source/isl_dictionary/A/Amount.mp4,8625,ISLRTC,src=A/Amount.mp4
amritsar,amritsar,1,https://drive.google.com/drive/folders/1U-Pr4r1-cupgNOOq9NH_uTsQnPSVEKco,data/_source/isl_dictionary/A/Amritsar.mp4,3360,ISLRTC,src=A/Amritsar.mp4; 1 other variant(s)
anabolic_agent,anabolic agent,2,https://drive.google.com/drive/folders/1U-Pr4r1-cupgNOOq9NH_uTsQnPSVEKco,data/_source/isl_dictionary/A/Anabolic_agent.mp4,10720,ISLRTC,src=A/Anabolic_agent.mp4
analysis,analysis,1,https://drive.google.com/drive/folders/1U-Pr4r1-cupgNOOq9NH_uTsQnPSVEKco,data/_source/isl_dictionary/A/Analysis.mp4,3680,ISLRTC,src=A/Analysis.mp4
anatomy,anatomy,1,https://drive.google.com/drive/folders/1U-Pr4r1-cupgNOOq9NH_uTsQnPSVEKco,data/_source/isl_dictionary/A/Anatomy.mp4,3080,ISLRTC,src=A/Anatomy.mp4
ancestors,ancestors,1,https://drive.google.com/drive/folders/1U-Pr4r1-cupgNOOq9NH_uTsQnPSVEKco,data/_source/isl_dictionary/A/Ancestors.mp4,3625,ISLRTC,src=A/Ancestors.mp4
ancient_forest,ancient forest,2,https://drive.google.com/drive/folders/1U-Pr4r1-cupgNOOq9NH_uTsQnPSVEKco,data/_source/isl_dictionary/A/Ancient_Forest.mp4,14208,ISLRTC,src=A/Ancient_Forest.mp4
andhra_pradesh,andhra pradesh,2,https://drive.google.com/drive/folders/1U-Pr4r1-cupgNOOq9NH_uTsQnPSVEKco,data/_source/isl_dictionary/A/Andhra_Pradesh.mp4,3920,ISLRTC,src=A/Andhra_Pradesh.mp4
android_tv,android tv,2,https://drive.google.com/drive/folders/1U-Pr4r1-cupgNOOq9NH_uTsQnPSVEKco,data/_source/isl_dictionary/A/Android_TV.mp4,24417,ISLRTC,src=A/Android_TV.mp4
angel,angel,1,https://drive.google.com/drive/folders/1U-Pr4r1-cupgNOOq9NH_uTsQnPSVEKco,data/_source/isl_dictionary/A/Angel.mp4,2647,ISLRTC,src=A/Angel.mp4
angry,angry,1,https://drive.google.com/drive/folders/1U-Pr4r1-cupgNOOq9NH_uTsQnPSVEKco,data/_source/isl_dictionary/A/Angry_Enraged_Furious.mp4,2480,ISLRTC,alias of 'angry enraged furious': dictionary files three synonyms under one sign
angry_enraged_furious,angry enraged furious,3,https://drive.google.com/drive/folders/1U-Pr4r1-cupgNOOq9NH_uTsQnPSVEKco,data/_source/isl_dictionary/A/Angry_Enraged_Furious.mp4,2480,ISLRTC,src=A/Angry_Enraged_Furious.mp4
angular_leat_spot_of_cucumber,angular leat spot of cucumber,5,https://drive.google.com/drive/folders/1U-Pr4r1-cupgNOOq9NH_uTsQnPSVEKco,data/_source/isl_dictionary/A/Angular_Leat_Spot_of_Cucumber.mp4,18640,ISLRTC,src=A/Angular_Leat_Spot_of_Cucumber.mp4
animal_fibres,animal fibres,2,https://drive.google.com/drive/folders/1U-Pr4r1-cupgNOOq9NH_uTsQnPSVEKco,data/_source/isl_dictionary/A/Animal_Fibres.mp4,19708,ISLRTC,src=A/Animal_Fibres.mp4
animal_sources,animal sources,2,https://drive.google.com/drive/folders/1U-Pr4r1-cupgNOOq9NH_uTsQnPSVEKco,data/_source/isl_dictionary/A/Animal_Sources.mp4,28000,ISLRTC,src=A/Animal_Sources.mp4
animals,animals,1,https://drive.google.com/drive/folders/1U-Pr4r1-cupgNOOq9NH_uTsQnPSVEKco,data/_source/isl_dictionary/A/Animals.mp4,5280,ISLRTC,src=A/Animals.mp4; 1 other variant(s)
anion,anion,1,https://drive.google.com/drive/folders/1U-Pr4r1-cupgNOOq9NH_uTsQnPSVEKco,data/_source/isl_dictionary/A/Anion.mp4,2680,ISLRTC,src=A/Anion.mp4
annual_for_foliage_beauty,annual for foliage beauty,4,https://drive.google.com/drive/folders/1U-Pr4r1-cupgNOOq9NH_uTsQnPSVEKco,data/_source/isl_dictionary/A/Annual_For_Foliage_Beauty.mp4,13320,ISLRTC,src=A/Annual_For_Foliage_Beauty.mp4
annual_interest,annual interest,2,https://drive.google.com/drive/folders/1U-Pr4r1-cupgNOOq9NH_uTsQnPSVEKco,data/_source/isl_dictionary/A/Annual_Interest.mp4,24149,ISLRTC,src=A/Annual_Interest.mp4
annual_or_short_range_planning,annual or short range planning,5,https://drive.google.com/drive/folders/1U-Pr4r1-cupgNOOq9NH_uTsQnPSVEKco,data/_source/isl_dictionary/A/Annual_or_Short_Range_Planning.mp4,19208,ISLRTC,src=A/Annual_or_Short_Range_Planning.mp4
annual_payment,annual payment,2,https://drive.google.com/drive/folders/1U-Pr4r1-cupgNOOq9NH_uTsQnPSVEKco,data/_source/isl_dictionary/A/Annual_Payment.mp4,22338,ISLRTC,src=A/Annual_Payment.mp4
annual_plants,annual plants,2,https://drive.google.com/drive/folders/1U-Pr4r1-cupgNOOq9NH_uTsQnPSVEKco,data/_source/isl_dictionary/A/Annual_Plants.mp4,13680,ISLRTC,src=A/Annual_Plants.mp4
annual_report,annual report,2,https://drive.google.com/drive/folders/1U-Pr4r1-cupgNOOq9NH_uTsQnPSVEKco,data/_source/isl_dictionary/A/Annual_Report.mp4,24009,ISLRTC,src=A/Annual_Report.mp4
annualised_return,annualised return,2,https://drive.google.com/drive/folders/1U-Pr4r1-cupgNOOq9NH_uTsQnPSVEKco,data/_source/isl_dictionary/A/Annualised_Return.mp4,20991,ISLRTC,src=A/Annualised_Return.mp4
anode,anode,1,https://drive.google.com/drive/folders/1U-Pr4r1-cupgNOOq9NH_uTsQnPSVEKco,data/_source/isl_dictionary/A/Anode.mp4,3000,ISLRTC,src=A/Anode.mp4
anonymous,anonymous,1,https://drive.google.com/drive/folders/1U-Pr4r1-cupgNOOq9NH_uTsQnPSVEKco,data/_source/isl_dictionary/A/Anonymous.mp4,3120,ISLRTC,src=A/Anonymous.mp4
answer,answer,1,https://drive.google.com/drive/folders/1U-Pr4r1-cupgNOOq9NH_uTsQnPSVEKco,data/_source/isl_dictionary/A/Answer.mp4,2920,ISLRTC,src=A/Answer.mp4
anti_social_element,anti social element,3,https://drive.google.com/drive/folders/1U-Pr4r1-cupgNOOq9NH_uTsQnPSVEKco,data/_source/isl_dictionary/A/Anti_Social_Element.mp4,20320,ISLRTC,src=A/Anti_Social_Element.mp4
any,any,1,https://drive.google.com/drive/folders/1U-Pr4r1-cupgNOOq9NH_uTsQnPSVEKco,data/_source/isl_dictionary/A/Any.mp4,4360,ISLRTC,src=A/Any.mp4
apartment,apartment,1,https://drive.google.com/drive/folders/1U-Pr4r1-cupgNOOq9NH_uTsQnPSVEKco,data/_source/isl_dictionary/A/apartment.mp4,3800,ISLRTC,src=A/apartment.mp4
apiculture_bee_keeping,apiculture bee keeping,3,https://drive.google.com/drive/folders/1U-Pr4r1-cupgNOOq9NH_uTsQnPSVEKco,data/_source/isl_dictionary/A/Apiculture_Bee_Keeping.mp4,14500,ISLRTC,src=A/Apiculture_Bee_Keeping.mp4
apis_indica,apis indica,2,https://drive.google.com/drive/folders/1U-Pr4r1-cupgNOOq9NH_uTsQnPSVEKco,data/_source/isl_dictionary/A/Apis_Indica.mp4,25458,ISLRTC,src=A/Apis_Indica.mp4
apostrophe,apostrophe,1,https://drive.google.com/drive/folders/1U-Pr4r1-cupgNOOq9NH_uTsQnPSVEKco,data/_source/isl_dictionary/A/Apostrophe.mp4,8333,ISLRTC,src=A/Apostrophe.mp4
apple,apple,1,https://drive.google.com/drive/folders/1U-Pr4r1-cupgNOOq9NH_uTsQnPSVEKco,data/_source/isl_dictionary/A/Apple.mp4,3400,ISLRTC,src=A/Apple.mp4
application,application,1,https://drive.google.com/drive/folders/1U-Pr4r1-cupgNOOq9NH_uTsQnPSVEKco,data/_source/isl_dictionary/A/Application_(Sign_2).mp4,11375,ISLRTC,src=A/Application_(Sign_2).mp4
apply,apply,1,https://drive.google.com/drive/folders/1U-Pr4r1-cupgNOOq9NH_uTsQnPSVEKco,data/_source/isl_dictionary/A/Apply.mp4,3920,ISLRTC,src=A/Apply.mp4
approach,approach,1,https://drive.google.com/drive/folders/1U-Pr4r1-cupgNOOq9NH_uTsQnPSVEKco,data/_source/isl_dictionary/A/Approach.mp4,4342,ISLRTC,src=A/Approach.mp4
approval,approval,1,https://drive.google.com/drive/folders/1U-Pr4r1-cupgNOOq9NH_uTsQnPSVEKco,data/_source/isl_dictionary/A/Approval.mp4,15557,ISLRTC,src=A/Approval.mp4
april,april,1,https://drive.google.com/drive/folders/1U-Pr4r1-cupgNOOq9NH_uTsQnPSVEKco,data/_source/isl_dictionary/A/April.mp4,4000,ISLRTC,src=A/April.mp4
apron,apron,1,https://drive.google.com/drive/folders/1U-Pr4r1-cupgNOOq9NH_uTsQnPSVEKco,data/_source/isl_dictionary/A/Apron_(Sign_2).mp4,16800,ISLRTC,src=A/Apron_(Sign_2).mp4
aquaculture,aquaculture,1,https://drive.google.com/drive/folders/1U-Pr4r1-cupgNOOq9NH_uTsQnPSVEKco,data/_source/isl_dictionary/A/Aquaculture.mp4,29750,ISLRTC,src=A/Aquaculture.mp4
aquatic_plants_of_various_colour,aquatic plants of various colour,5,https://drive.google.com/drive/folders/1U-Pr4r1-cupgNOOq9NH_uTsQnPSVEKco,data/_source/isl_dictionary/A/Aquatic_Plants_of_Various_Colour.mp4,12120,ISLRTC,src=A/Aquatic_Plants_of_Various_Colour.mp4
aquifer,aquifer,1,https://drive.google.com/drive/folders/1U-Pr4r1-cupgNOOq9NH_uTsQnPSVEKco,data/_source/isl_dictionary/A/Aquifer.mp4,23500,ISLRTC,src=A/Aquifer.mp4
arable_farming,arable farming,2,https://drive.google.com/drive/folders/1U-Pr4r1-cupgNOOq9NH_uTsQnPSVEKco,data/_source/isl_dictionary/A/Arable_Farming.mp4,27600,ISLRTC,src=A/Arable_Farming.mp4
arbitrageur,arbitrageur,1,https://drive.google.com/drive/folders/1U-Pr4r1-cupgNOOq9NH_uTsQnPSVEKco,data/_source/isl_dictionary/A/Arbitrageur.mp4,29833,ISLRTC,src=A/Arbitrageur.mp4
area,area,1,https://drive.google.com/drive/folders/1U-Pr4r1-cupgNOOq9NH_uTsQnPSVEKco,data/_source/isl_dictionary/A/Area_(Sign_2).mp4,3400,ISLRTC,src=A/Area_(Sign_2).mp4
argument,argument,1,https://drive.google.com/drive/folders/1U-Pr4r1-cupgNOOq9NH_uTsQnPSVEKco,data/_source/isl_dictionary/A/Argument.mp4,23376,ISLRTC,src=A/Argument.mp4
arithmetic_mean,arithmetic mean,2,https://drive.google.com/drive/folders/1U-Pr4r1-cupgNOOq9NH_uTsQnPSVEKco,data/_source/isl_dictionary/A/Arithmetic_mean.mp4,21708,ISLRTC,src=A/Arithmetic_mean.mp4
army,army,1,https://drive.google.com/drive/folders/1U-Pr4r1-cupgNOOq9NH_uTsQnPSVEKco,data/_source/isl_dictionary/A/Army.mp4,3000,ISLRTC,src=A/Army.mp4
army_of_ants_swarm_of_ants,army of ants swarm of ants,6,https://drive.google.com/drive/folders/1U-Pr4r1-cupgNOOq9NH_uTsQnPSVEKco,data/_source/isl_dictionary/A/Army_of_ants_Swarm_of_ants.mp4,8640,ISLRTC,src=A/Army_of_ants_Swarm_of_ants.mp4
around,around,1,https://drive.google.com/drive/folders/1U-Pr4r1-cupgNOOq9NH_uTsQnPSVEKco,data/_source/isl_dictionary/A/Around.mp4,3400,ISLRTC,src=A/Around.mp4; 1 other variant(s)
arranged_marriage,arranged marriage,2,https://drive.google.com/drive/folders/1U-Pr4r1-cupgNOOq9NH_uTsQnPSVEKco,data/_source/isl_dictionary/A/Arranged_Marriage.mp4,10500,ISLRTC,src=A/Arranged_Marriage.mp4
art,art,1,https://drive.google.com/drive/folders/1U-Pr4r1-cupgNOOq9NH_uTsQnPSVEKco,data/_source/isl_dictionary/A/Art_(Sign_2).mp4,3692,ISLRTC,src=A/Art_(Sign_2).mp4
artesian_well,artesian well,2,https://drive.google.com/drive/folders/1U-Pr4r1-cupgNOOq9NH_uTsQnPSVEKco,data/_source/isl_dictionary/A/Artesian_Well.mp4,8833,ISLRTC,src=A/Artesian_Well.mp4
article,article,1,https://drive.google.com/drive/folders/1U-Pr4r1-cupgNOOq9NH_uTsQnPSVEKco,data/_source/isl_dictionary/A/Article.mp4,17458,ISLRTC,src=A/Article.mp4
articulatory_phonetics,articulatory phonetics,2,https://drive.google.com/drive/folders/1U-Pr4r1-cupgNOOq9NH_uTsQnPSVEKco,data/_source/isl_dictionary/A/Articulatory_Phonetics.mp4,11625,ISLRTC,src=A/Articulatory_Phonetics.mp4
artificial_insemination,artificial insemination,2,https://drive.google.com/drive/folders/1U-Pr4r1-cupgNOOq9NH_uTsQnPSVEKco,data/_source/isl_dictionary/A/Artificial_Insemination.mp4,28333,ISLRTC,src=A/Artificial_Insemination.mp4
artist,artist,1,https://drive.google.com/drive/folders/1U-Pr4r1-cupgNOOq9NH_uTsQnPSVEKco,data/_source/isl_dictionary/A/Artist.mp4,5760,ISLRTC,src=A/Artist.mp4; 1 other variant(s)
arunachal_pradesh,arunachal pradesh,2,https://drive.google.com/drive/folders/1U-Pr4r1-cupgNOOq9NH_uTsQnPSVEKco,data/_source/isl_dictionary/A/Arunachal_Pradesh.mp4,3960,ISLRTC,src=A/Arunachal_Pradesh.mp4; 2 other variant(s)
asia,asia,1,https://drive.google.com/drive/folders/1U-Pr4r1-cupgNOOq9NH_uTsQnPSVEKco,data/_source/isl_dictionary/A/Asia.mp4,4600,ISLRTC,src=A/Asia.mp4
ask,ask,1,https://drive.google.com/drive/folders/1U-Pr4r1-cupgNOOq9NH_uTsQnPSVEKco,data/_source/isl_dictionary/A/Ask_Question.mp4,2920,ISLRTC,alias of 'ask question': dictionary files both words under one sign
ask_question,ask question,2,https://drive.google.com/drive/folders/1U-Pr4r1-cupgNOOq9NH_uTsQnPSVEKco,data/_source/isl_dictionary/A/Ask_Question.mp4,2920,ISLRTC,src=A/Ask_Question.mp4
assam,assam,1,https://drive.google.com/drive/folders/1U-Pr4r1-cupgNOOq9NH_uTsQnPSVEKco,data/_source/isl_dictionary/A/Assam.mp4,3960,ISLRTC,src=A/Assam.mp4; 1 other variant(s)
assembly,assembly,1,https://drive.google.com/drive/folders/1U-Pr4r1-cupgNOOq9NH_uTsQnPSVEKco,data/_source/isl_dictionary/A/Assembly.mp4,10120,ISLRTC,src=A/Assembly.mp4
assessment_tool,assessment tool,2,https://drive.google.com/drive/folders/1U-Pr4r1-cupgNOOq9NH_uTsQnPSVEKco,data/_source/isl_dictionary/MHSL - 259/Assessment_tool.mp4,23978,ISLRTC,src=MHSL - 259/Assessment_tool.mp4
assistant,assistant,1,https://drive.google.com/drive/folders/1U-Pr4r1-cupgNOOq9NH_uTsQnPSVEKco,data/_source/isl_dictionary/A/Assistant.mp4,2560,ISLRTC,src=A/Assistant.mp4
association,association,1,https://drive.google.com/drive/folders/1U-Pr4r1-cupgNOOq9NH_uTsQnPSVEKco,data/_source/isl_dictionary/A/Association_(Sign_2).mp4,27833,ISLRTC,src=A/Association_(Sign_2).mp4
asterisk,asterisk,1,https://drive.google.com/drive/folders/1U-Pr4r1-cupgNOOq9NH_uTsQnPSVEKco,data/_source/isl_dictionary/A/Asterisk.mp4,15083,ISLRTC,src=A/Asterisk.mp4
asymmetrical_design,asymmetrical design,2,https://drive.google.com/drive/folders/1U-Pr4r1-cupgNOOq9NH_uTsQnPSVEKco,data/_source/isl_dictionary/A/Asymmetrical_Design_(Sign_2).mp4,7042,ISLRTC,src=A/Asymmetrical_Design_(Sign_2).mp4
at_large_on_the_loose,at large on the loose,5,https://drive.google.com/drive/folders/1U-Pr4r1-cupgNOOq9NH_uTsQnPSVEKco,data/_source/isl_dictionary/A/At_large_On_the_loose.mp4,10292,ISLRTC,src=A/At_large_On_the_loose.mp4
at_the_money,at the money,3,https://drive.google.com/drive/folders/1U-Pr4r1-cupgNOOq9NH_uTsQnPSVEKco,data/_source/isl_dictionary/A/At_the_Money.mp4,19876,ISLRTC,src=A/At_the_Money.mp4
atm,atm,1,https://drive.google.com/drive/folders/1U-Pr4r1-cupgNOOq9NH_uTsQnPSVEKco,data/_source/isl_dictionary/A/ATM.mp4,3560,ISLRTC,src=A/ATM.mp4
atmosphere,atmosphere,1,https://drive.google.com/drive/folders/1U-Pr4r1-cupgNOOq9NH_uTsQnPSVEKco,data/_source/isl_dictionary/A/Atmosphere.mp4,5708,ISLRTC,src=A/Atmosphere.mp4
atom,atom,1,https://drive.google.com/drive/folders/1U-Pr4r1-cupgNOOq9NH_uTsQnPSVEKco,data/_source/isl_dictionary/A/Atom_(Sign_2).mp4,3360,ISLRTC,src=A/Atom_(Sign_2).mp4
atomic_energy,atomic energy,2,https://drive.google.com/drive/folders/1U-Pr4r1-cupgNOOq9NH_uTsQnPSVEKco,data/_source/isl_dictionary/A/Atomic_Energy.mp4,12917,ISLRTC,src=A/Atomic_Energy.mp4
atoms,atoms,1,https://drive.google.com/drive/folders/1U-Pr4r1-cupgNOOq9NH_uTsQnPSVEKco,data/_source/isl_dictionary/A/Atoms.mp4,12458,ISLRTC,src=A/Atoms.mp4
attachments,attachments,1,https://drive.google.com/drive/folders/1U-Pr4r1-cupgNOOq9NH_uTsQnPSVEKco,data/_source/isl_dictionary/A/Attachments.mp4,21362,ISLRTC,src=A/Attachments.mp4
attendance,attendance,1,https://drive.google.com/drive/folders/1U-Pr4r1-cupgNOOq9NH_uTsQnPSVEKco,data/_source/isl_dictionary/New 2500 ISL Dictionary Videos/BCS/Attendance - English.mp4,20260,ISLRTC,src=New 2500 ISL Dictionary Videos/BCS/Attendance - English.mp4
auction,auction,1,https://drive.google.com/drive/folders/1U-Pr4r1-cupgNOOq9NH_uTsQnPSVEKco,data/_source/isl_dictionary/A/Auction.mp4,23638,ISLRTC,src=A/Auction.mp4
audio_editing,audio editing,2,https://drive.google.com/drive/folders/1U-Pr4r1-cupgNOOq9NH_uTsQnPSVEKco,data/_source/isl_dictionary/New 2500 ISL Dictionary Videos/BCS/Audio Editing - English.mp4,20720,ISLRTC,src=New 2500 ISL Dictionary Videos/BCS/Audio Editing - English.mp4
audio_type,audio type,2,https://drive.google.com/drive/folders/1U-Pr4r1-cupgNOOq9NH_uTsQnPSVEKco,data/_source/isl_dictionary/A/Audio_Type.mp4,28320,ISLRTC,src=A/Audio_Type.mp4
audiometer,audiometer,1,https://drive.google.com/drive/folders/1U-Pr4r1-cupgNOOq9NH_uTsQnPSVEKco,data/_source/isl_dictionary/A/Audiometer_(Sign_3).mp4,5736,ISLRTC,src=A/Audiometer_(Sign_3).mp4
auditory_phonetics,auditory phonetics,2,https://drive.google.com/drive/folders/1U-Pr4r1-cupgNOOq9NH_uTsQnPSVEKco,data/_source/isl_dictionary/A/Auditory_Phonetics.mp4,10167,ISLRTC,src=A/Auditory_Phonetics.mp4
august,august,1,https://drive.google.com/drive/folders/1U-Pr4r1-cupgNOOq9NH_uTsQnPSVEKco,data/_source/isl_dictionary/A/August_(Sign_3).mp4,3680,ISLRTC,src=A/August_(Sign_3).mp4
australia,australia,1,https://drive.google.com/drive/folders/1U-Pr4r1-cupgNOOq9NH_uTsQnPSVEKco,data/_source/isl_dictionary/A/Australia_(Sign_2).mp4,4560,ISLRTC,src=A/Australia_(Sign_2).mp4
austria,austria,1,https://drive.google.com/drive/folders/1U-Pr4r1-cupgNOOq9NH_uTsQnPSVEKco,data/_source/isl_dictionary/A/Austria.mp4,2680,ISLRTC,src=A/Austria.mp4
authorised_signature,authorised signature,2,https://drive.google.com/drive/folders/1U-Pr4r1-cupgNOOq9NH_uTsQnPSVEKco,data/_source/isl_dictionary/A/Authorised_Signature.mp4,29396,ISLRTC,src=A/Authorised_Signature.mp4
authority,authority,1,https://drive.google.com/drive/folders/1U-Pr4r1-cupgNOOq9NH_uTsQnPSVEKco,data/_source/isl_dictionary/A/Authority.mp4,7625,ISLRTC,src=A/Authority.mp4
automatic,automatic,1,https://drive.google.com/drive/folders/1U-Pr4r1-cupgNOOq9NH_uTsQnPSVEKco,data/_source/isl_dictionary/A/Automatic.mp4,3720,ISLRTC,src=A/Automatic.mp4
autonomy,autonomy,1,https://drive.google.com/drive/folders/1U-Pr4r1-cupgNOOq9NH_uTsQnPSVEKco,data/_source/isl_dictionary/New 2500 ISL Dictionary Videos/BCS/Autonomy - English.mp4,12120,ISLRTC,src=New 2500 ISL Dictionary Videos/BCS/Autonomy - English.mp4
autotrophic,autotrophic,1,https://drive.google.com/drive/folders/1U-Pr4r1-cupgNOOq9NH_uTsQnPSVEKco,data/_source/isl_dictionary/A/Autotrophic.mp4,26875,ISLRTC,src=A/Autotrophic.mp4
available,available,1,https://drive.google.com/drive/folders/1U-Pr4r1-cupgNOOq9NH_uTsQnPSVEKco,data/_source/isl_dictionary/A/Available.mp4,3960,ISLRTC,src=A/Available.mp4
availble_water,availble water,2,https://drive.google.com/drive/folders/1U-Pr4r1-cupgNOOq9NH_uTsQnPSVEKco,data/_source/isl_dictionary/A/Availble_Water.mp4,26960,ISLRTC,src=A/Availble_Water.mp4
average_measures,average measures,2,https://drive.google.com/drive/folders/1U-Pr4r1-cupgNOOq9NH_uTsQnPSVEKco,data/_source/isl_dictionary/A/Average_Measures.mp4,17333,ISLRTC,src=A/Average_Measures.mp4
average_not_worthy_of_praise,average not worthy of praise,5,https://drive.google.com/drive/folders/1U-Pr4r1-cupgNOOq9NH_uTsQnPSVEKco,data/_source/isl_dictionary/A/Average_Not_Worthy_of_Praise.mp4,26680,ISLRTC,src=A/Average_Not_Worthy_of_Praise.mp4
aware,aware,1,https://drive.google.com/drive/folders/1U-Pr4r1-cupgNOOq9NH_uTsQnPSVEKco,data/_source/isl_dictionary/MHSL - 259/Aware.mp4,24256,ISLRTC,src=MHSL - 259/Aware.mp4
away,away,1,https://drive.google.com/drive/folders/1U-Pr4r1-cupgNOOq9NH_uTsQnPSVEKco,data/_source/isl_dictionary/A/Away.mp4,3600,ISLRTC,src=A/Away.mp4
axiom,axiom,1,https://drive.google.com/drive/folders/1U-Pr4r1-cupgNOOq9NH_uTsQnPSVEKco,data/_source/isl_dictionary/A/Axiom.mp4,12125,ISLRTC,src=A/Axiom.mp4
b_e,b e,2,https://drive.google.com/drive/folders/1U-Pr4r1-cupgNOOq9NH_uTsQnPSVEKco,data/_source/isl_dictionary/B/B_E.mp4,22280,ISLRTC,src=B/B_E.mp4
b_roll,b roll,2,https://drive.google.com/drive/folders/1U-Pr4r1-cupgNOOq9NH_uTsQnPSVEKco,data/_source/isl_dictionary/B/B_Roll.mp4,22000,ISLRTC,src=B/B_Roll.mp4
b_sc,b sc,2,https://drive.google.com/drive/folders/1U-Pr4r1-cupgNOOq9NH_uTsQnPSVEKco,data/_source/isl_dictionary/B/B_Sc.mp4,24800,ISLRTC,src=B/B_Sc.mp4
baby,baby,1,https://drive.google.com/drive/folders/1U-Pr4r1-cupgNOOq9NH_uTsQnPSVEKco,data/_source/isl_dictionary/B/Baby.mp4,3000,ISLRTC,src=B/Baby.mp4
bachelor_of_medicine_and_bachelor_of_surgery,bachelor of medicine and bachelor of surgery,7,https://drive.google.com/drive/folders/1U-Pr4r1-cupgNOOq9NH_uTsQnPSVEKco,data/_source/isl_dictionary/B/Bachelor_of_Medicine_and_Bachelor_of_Surgery_(MBBS).mp4,16333,ISLRTC,src=B/Bachelor_of_Medicine_and_Bachelor_of_Surgery_(MBBS).mp4
bachelor_of_vocational_education,bachelor of vocational education,4,https://drive.google.com/drive/folders/1U-Pr4r1-cupgNOOq9NH_uTsQnPSVEKco,data/_source/isl_dictionary/B/Bachelor_of_Vocational_Education_(B_Voc).mp4,13292,ISLRTC,src=B/Bachelor_of_Vocational_Education_(B_Voc).mp4
back,back,1,https://drive.google.com/drive/folders/1U-Pr4r1-cupgNOOq9NH_uTsQnPSVEKco,data/_source/isl_dictionary/B/Back.mp4,2160,ISLRTC,src=B/Back.mp4; 1 other variant(s)
back_date,back date,2,https://drive.google.com/drive/folders/1U-Pr4r1-cupgNOOq9NH_uTsQnPSVEKco,data/_source/isl_dictionary/B/Back_Date_(Sign_2).mp4,3542,ISLRTC,src=B/Back_Date_(Sign_2).mp4
backdate,backdate,1,https://drive.google.com/drive/folders/1U-Pr4r1-cupgNOOq9NH_uTsQnPSVEKco,data/_source/isl_dictionary/B/Backdate.mp4,3000,ISLRTC,src=B/Backdate.mp4; 1 other variant(s)
backdoor_or_trapdoor,backdoor or trapdoor,3,https://drive.google.com/drive/folders/1U-Pr4r1-cupgNOOq9NH_uTsQnPSVEKco,data/_source/isl_dictionary/B/Backdoor_or_Trapdoor_(Sign_2).mp4,3500,ISLRTC,src=B/Backdoor_or_Trapdoor_(Sign_2).mp4
background,background,1,https://drive.google.com/drive/folders/1U-Pr4r1-cupgNOOq9NH_uTsQnPSVEKco,data/_source/isl_dictionary/B/Background.mp4,3520,ISLRTC,src=B/Background.mp4
backup,backup,1,https://drive.google.com/drive/folders/1U-Pr4r1-cupgNOOq9NH_uTsQnPSVEKco,data/_source/isl_dictionary/B/Backup.mp4,4125,ISLRTC,src=B/Backup.mp4; 1 other variant(s)
backyard_system_of_poultry,backyard system of poultry,4,https://drive.google.com/drive/folders/1U-Pr4r1-cupgNOOq9NH_uTsQnPSVEKco,data/_source/isl_dictionary/B/Backyard_System_of_Poultry.mp4,14875,ISLRTC,src=B/Backyard_System_of_Poultry.mp4
bacteria,bacteria,1,https://drive.google.com/drive/folders/1U-Pr4r1-cupgNOOq9NH_uTsQnPSVEKco,data/_source/isl_dictionary/B/Bacteria_(Sign_3).mp4,2440,ISLRTC,src=B/Bacteria_(Sign_3).mp4
bacterial_diseases_animals,bacterial diseases animals,3,https://drive.google.com/drive/folders/1U-Pr4r1-cupgNOOq9NH_uTsQnPSVEKco,data/_source/isl_dictionary/B/Bacterial_Diseases_Animals.mp4,14417,ISLRTC,src=B/Bacterial_Diseases_Animals.mp4
bad,bad,1,https://drive.google.com/drive/folders/1U-Pr4r1-cupgNOOq9NH_uTsQnPSVEKco,data/_source/isl_dictionary/B/Bad.mp4,2560,ISLRTC,src=B/Bad.mp4
bad_blood,bad blood,2,https://drive.google.com/drive/folders/1U-Pr4r1-cupgNOOq9NH_uTsQnPSVEKco,data/_source/isl_dictionary/B/Bad_Blood.mp4,9792,ISLRTC,src=B/Bad_Blood.mp4
badge,badge,1,https://drive.google.com/drive/folders/1U-Pr4r1-cupgNOOq9NH_uTsQnPSVEKco,data/_source/isl_dictionary/B/Badge.mp4,19240,ISLRTC,src=B/Badge.mp4
baffle,baffle,1,https://drive.google.com/drive/folders/1U-Pr4r1-cupgNOOq9NH_uTsQnPSVEKco,data/_source/isl_dictionary/B/Baffle.mp4,17750,ISLRTC,src=B/Baffle.mp4
bag,bag,1,https://drive.google.com/drive/folders/1U-Pr4r1-cupgNOOq9NH_uTsQnPSVEKco,data/_source/isl_dictionary/B/Bag.mp4,3840,ISLRTC,src=B/Bag.mp4
baggage_reclaim,baggage reclaim,2,https://drive.google.com/drive/folders/1U-Pr4r1-cupgNOOq9NH_uTsQnPSVEKco,data/_source/isl_dictionary/B/Baggage_Reclaim_(Explanation).mp4,5272,ISLRTC,src=B/Baggage_Reclaim_(Explanation).mp4
bahujan_samaj_party,bahujan samaj party,3,https://drive.google.com/drive/folders/1U-Pr4r1-cupgNOOq9NH_uTsQnPSVEKco,data/_source/isl_dictionary/B/Bahujan_Samaj_Party_(BSP).mp4,3458,ISLRTC,src=B/Bahujan_Samaj_Party_(BSP).mp4
bailout,bailout,1,https://drive.google.com/drive/folders/1U-Pr4r1-cupgNOOq9NH_uTsQnPSVEKco,data/_source/isl_dictionary/B/Bailout.m4v,15960,ISLRTC,src=B/Bailout.m4v
bails,bails,1,https://drive.google.com/drive/folders/1U-Pr4r1-cupgNOOq9NH_uTsQnPSVEKco,data/_source/isl_dictionary/B/Bails.mp4,3840,ISLRTC,src=B/Bails.mp4
bakery,bakery,1,https://drive.google.com/drive/folders/1U-Pr4r1-cupgNOOq9NH_uTsQnPSVEKco,data/_source/isl_dictionary/B/Bakery.mp4,18886,ISLRTC,src=B/Bakery.mp4
balance,balance,1,https://drive.google.com/drive/folders/1U-Pr4r1-cupgNOOq9NH_uTsQnPSVEKco,data/_source/isl_dictionary/B/Balance.mp4,3920,ISLRTC,src=B/Balance.mp4
balance_of_international_payments,balance of international payments,4,https://drive.google.com/drive/folders/1U-Pr4r1-cupgNOOq9NH_uTsQnPSVEKco,data/_source/isl_dictionary/B/Balance_of_International_Payments.mp4,29292,ISLRTC,src=B/Balance_of_International_Payments.mp4
balance_sheet,balance sheet,2,https://drive.google.com/drive/folders/1U-Pr4r1-cupgNOOq9NH_uTsQnPSVEKco,data/_source/isl_dictionary/B/Balance_Sheet.mp4,23731,ISLRTC,src=B/Balance_Sheet.mp4
balcony_garden,balcony garden,2,https://drive.google.com/drive/folders/1U-Pr4r1-cupgNOOq9NH_uTsQnPSVEKco,data/_source/isl_dictionary/B/Balcony_Garden.mp4,6920,ISLRTC,src=B/Balcony_Garden.mp4
ball,ball,1,https://drive.google.com/drive/folders/1U-Pr4r1-cupgNOOq9NH_uTsQnPSVEKco,data/_source/isl_dictionary/B/Ball.mp4,3000,ISLRTC,src=B/Ball.mp4
ball_bearing,ball bearing,2,https://drive.google.com/drive/folders/1U-Pr4r1-cupgNOOq9NH_uTsQnPSVEKco,data/_source/isl_dictionary/B/Ball_Bearing_(Sign_2).mp4,21292,ISLRTC,src=B/Ball_Bearing_(Sign_2).mp4
ball_room,ball room,2,https://drive.google.com/drive/folders/1U-Pr4r1-cupgNOOq9NH_uTsQnPSVEKco,data/_source/isl_dictionary/B/Ball_Room_(Sign_2).mp4,24000,ISLRTC,src=B/Ball_Room_(Sign_2).mp4
ballet,ballet,1,https://drive.google.com/drive/folders/1U-Pr4r1-cupgNOOq9NH_uTsQnPSVEKco,data/_source/isl_dictionary/B/Ballet.mp4,5005,ISLRTC,src=B/Ballet.mp4
ballon_pump,ballon pump,2,https://drive.google.com/drive/folders/1U-Pr4r1-cupgNOOq9NH_uTsQnPSVEKco,data/_source/isl_dictionary/B/Ballon_Pump.mp4,5708,ISLRTC,src=B/Ballon_Pump.mp4
bambusa,bambusa,1,https://drive.google.com/drive/folders/1U-Pr4r1-cupgNOOq9NH_uTsQnPSVEKco,data/_source/isl_dictionary/B/Bambusa.mp4,19958,ISLRTC,src=B/Bambusa.mp4
bandh_general_strike,bandh general strike,3,https://drive.google.com/drive/folders/1U-Pr4r1-cupgNOOq9NH_uTsQnPSVEKco,data/_source/isl_dictionary/B/Bandh_General_strike.mp4,4375,ISLRTC,src=B/Bandh_General_strike.mp4
banding_of_ringing_method,banding of ringing method,4,https://drive.google.com/drive/folders/1U-Pr4r1-cupgNOOq9NH_uTsQnPSVEKco,data/_source/isl_dictionary/B/Banding_of_Ringing_Method.mp4,18708,ISLRTC,src=B/Banding_of_Ringing_Method.mp4
bandit,bandit,1,https://drive.google.com/drive/folders/1U-Pr4r1-cupgNOOq9NH_uTsQnPSVEKco,data/_source/isl_dictionary/B/Bandit.mp4,5125,ISLRTC,src=B/Bandit.mp4; 1 other variant(s)
bank,bank,1,https://drive.google.com/drive/folders/1U-Pr4r1-cupgNOOq9NH_uTsQnPSVEKco,data/_source/isl_dictionary/B/Bank.mp4,13050,ISLRTC,src=B/Bank.mp4
bank_account_number,bank account number,3,https://drive.google.com/drive/folders/1U-Pr4r1-cupgNOOq9NH_uTsQnPSVEKco,data/_source/isl_dictionary/B/Bank_Account_Number.mp4,3708,ISLRTC,src=B/Bank_Account_Number.mp4
bank_branch_code,bank branch code,3,https://drive.google.com/drive/folders/1U-Pr4r1-cupgNOOq9NH_uTsQnPSVEKco,data/_source/isl_dictionary/B/Bank_Branch_Code.mp4,6083,ISLRTC,src=B/Bank_Branch_Code.mp4
bank_branch_name,bank branch name,3,https://drive.google.com/drive/folders/1U-Pr4r1-cupgNOOq9NH_uTsQnPSVEKco,data/_source/isl_dictionary/B/Bank_Branch_Name.mp4,5792,ISLRTC,src=B/Bank_Branch_Name.mp4
bank_holiday,bank holiday,2,https://drive.google.com/drive/folders/1U-Pr4r1-cupgNOOq9NH_uTsQnPSVEKco,data/_source/isl_dictionary/B/Bank_Holiday.m4v,19880,ISLRTC,src=B/Bank_Holiday.m4v
bank_of_maharashtra,bank of maharashtra,3,https://drive.google.com/drive/folders/1U-Pr4r1-cupgNOOq9NH_uTsQnPSVEKco,data/_source/isl_dictionary/B/Bank_of_Maharashtra.mp4,3625,ISLRTC,src=B/Bank_of_Maharashtra.mp4
banner,banner,1,https://drive.google.com/drive/folders/1U-Pr4r1-cupgNOOq9NH_uTsQnPSVEKco,data/_source/isl_dictionary/B/Banner_(Sign_2).mp4,13167,ISLRTC,src=B/Banner_(Sign_2).mp4; 2 other variant(s)
bar,bar,1,https://drive.google.com/drive/folders/1U-Pr4r1-cupgNOOq9NH_uTsQnPSVEKco,data/_source/isl_dictionary/B/Bar.mp4,11664,ISLRTC,src=B/Bar.mp4
barleria_cristata,barleria cristata,2,https://drive.google.com/drive/folders/1U-Pr4r1-cupgNOOq9NH_uTsQnPSVEKco,data/_source/isl_dictionary/B/Barleria_Cristata.mp4,14720,ISLRTC,src=B/Barleria_Cristata.mp4
barricade,barricade,1,https://drive.google.com/drive/folders/1U-Pr4r1-cupgNOOq9NH_uTsQnPSVEKco,data/_source/isl_dictionary/B/Barricade_(Gujarat).mp4,4360,ISLRTC,src=B/Barricade_(Gujarat).mp4
barricade_barrier,barricade barrier,2,https://drive.google.com/drive/folders/1U-Pr4r1-cupgNOOq9NH_uTsQnPSVEKco,data/_source/isl_dictionary/B/Barricade_Barrier.mp4,29160,ISLRTC,src=B/Barricade_Barrier.mp4
base_line,base line,2,https://drive.google.com/drive/folders/1U-Pr4r1-cupgNOOq9NH_uTsQnPSVEKco,data/_source/isl_dictionary/B/Base_Line.mp4,15520,ISLRTC,src=B/Base_Line.mp4
baseball,baseball,1,https://drive.google.com/drive/folders/1U-Pr4r1-cupgNOOq9NH_uTsQnPSVEKco,data/_source/isl_dictionary/B/Baseball.mp4,4080,ISLRTC,src=B/Baseball.mp4
baseline,baseline,1,https://drive.google.com/drive/folders/1U-Pr4r1-cupgNOOq9NH_uTsQnPSVEKco,data/_source/isl_dictionary/B/Baseline.mp4,17417,ISLRTC,src=B/Baseline.mp4
basic,basic,1,https://drive.google.com/drive/folders/1U-Pr4r1-cupgNOOq9NH_uTsQnPSVEKco,data/_source/isl_dictionary/B/Basic.mp4,4160,ISLRTC,src=B/Basic.mp4; 1 other variant(s)
basket,basket,1,https://drive.google.com/drive/folders/1U-Pr4r1-cupgNOOq9NH_uTsQnPSVEKco,data/_source/isl_dictionary/B/Basket.mp4,5560,ISLRTC,src=B/Basket.mp4
basketball,basketball,1,https://drive.google.com/drive/folders/1U-Pr4r1-cupgNOOq9NH_uTsQnPSVEKco,data/_source/isl_dictionary/B/Basketball.mp4,4160,ISLRTC,src=B/Basketball.mp4
bat,bat,1,https://drive.google.com/drive/folders/1U-Pr4r1-cupgNOOq9NH_uTsQnPSVEKco,data/_source/isl_dictionary/bat (sports)_2.mp4,3800,ISLRTC,src=bat (sports)_2.mp4
bath,bath,1,https://drive.google.com/drive/folders/1U-Pr4r1-cupgNOOq9NH_uTsQnPSVEKco,data/_source/isl_dictionary/B/Bath.mp4,4280,ISLRTC,src=B/Bath.mp4
batter,batter,1,https://drive.google.com/drive/folders/1U-Pr4r1-cupgNOOq9NH_uTsQnPSVEKco,data/_source/isl_dictionary/B/Batter_(Sign_2).mp4,22080,ISLRTC,src=B/Batter_(Sign_2).mp4
battery,battery,1,https://drive.google.com/drive/folders/1U-Pr4r1-cupgNOOq9NH_uTsQnPSVEKco,data/_source/isl_dictionary/B/Battery_(Sign_2).mp4,3000,ISLRTC,src=B/Battery_(Sign_2).mp4
bauhinia_accuminata,bauhinia accuminata,2,https://drive.google.com/drive/folders/1U-Pr4r1-cupgNOOq9NH_uTsQnPSVEKco,data/_source/isl_dictionary/B/Bauhinia_Accuminata.mp4,10200,ISLRTC,src=B/Bauhinia_Accuminata.mp4
bay,bay,1,https://drive.google.com/drive/folders/1U-Pr4r1-cupgNOOq9NH_uTsQnPSVEKco,data/_source/isl_dictionary/New 2500 ISL Dictionary Videos/Yunikee 2/English/Bay.mp4,24600,ISLRTC,src=New 2500 ISL Dictionary Videos/Yunikee 2/English/Bay.mp4
beach,beach,1,https://drive.google.com/drive/folders/1U-Pr4r1-cupgNOOq9NH_uTsQnPSVEKco,data/_source/isl_dictionary/B/Beach.mp4,6440,ISLRTC,src=B/Beach.mp4
beaker,beaker,1,https://drive.google.com/drive/folders/1U-Pr4r1-cupgNOOq9NH_uTsQnPSVEKco,data/_source/isl_dictionary/B/Beaker_(Sign_2).mp4,3280,ISLRTC,src=B/Beaker_(Sign_2).mp4; 1 other variant(s)
beam,beam,1,https://drive.google.com/drive/folders/1U-Pr4r1-cupgNOOq9NH_uTsQnPSVEKco,data/_source/isl_dictionary/B/Beam_(Sign_2).mp4,15920,ISLRTC,src=B/Beam_(Sign_2).mp4
bear,bear,1,https://drive.google.com/drive/folders/1U-Pr4r1-cupgNOOq9NH_uTsQnPSVEKco,data/_source/isl_dictionary/B/Bear.mp4,5400,ISLRTC,src=B/Bear.mp4
beat,beat,1,https://drive.google.com/drive/folders/1U-Pr4r1-cupgNOOq9NH_uTsQnPSVEKco,data/_source/isl_dictionary/B/Beat.mp4,15000,ISLRTC,src=B/Beat.mp4; 1 other variant(s)
beat_defeat,beat defeat,2,https://drive.google.com/drive/folders/1U-Pr4r1-cupgNOOq9NH_uTsQnPSVEKco,data/_source/isl_dictionary/B/Beat_Defeat.mp4,11400,ISLRTC,src=B/Beat_Defeat.mp4
beautiful,beautiful,1,https://drive.google.com/drive/folders/1U-Pr4r1-cupgNOOq9NH_uTsQnPSVEKco,data/_source/isl_dictionary/B/Beautiful.mp4,2600,ISLRTC,src=B/Beautiful.mp4
bed_rest,bed rest,2,https://drive.google.com/drive/folders/1U-Pr4r1-cupgNOOq9NH_uTsQnPSVEKco,data/_source/isl_dictionary/B/Bed_Rest.mp4,6708,ISLRTC,src=B/Bed_Rest.mp4
bedroom,bedroom,1,https://drive.google.com/drive/folders/1U-Pr4r1-cupgNOOq9NH_uTsQnPSVEKco,data/_source/isl_dictionary/B/Bedroom.mp4,3280,ISLRTC,src=B/Bedroom.mp4
bedwetting,bedwetting,1,https://drive.google.com/drive/folders/1U-Pr4r1-cupgNOOq9NH_uTsQnPSVEKco,data/_source/isl_dictionary/B/Bedwetting.mp4,4000,ISLRTC,src=B/Bedwetting.mp4
before,before,1,https://drive.google.com/drive/folders/1U-Pr4r1-cupgNOOq9NH_uTsQnPSVEKco,data/_source/isl_dictionary/B/Before.mp4,3720,ISLRTC,src=B/Before.mp4; 1 other variant(s)
begin,begin,1,https://drive.google.com/drive/folders/1U-Pr4r1-cupgNOOq9NH_uTsQnPSVEKco,data/_source/isl_dictionary/S/Start_Begin.mp4,3200,ISLRTC,alias of 'start begin': dictionary files both words under one sign
behead,behead,1,https://drive.google.com/drive/folders/1U-Pr4r1-cupgNOOq9NH_uTsQnPSVEKco,data/_source/isl_dictionary/B/Behead.mp4,4708,ISLRTC,src=B/Behead.mp4
behind,behind,1,https://drive.google.com/drive/folders/1U-Pr4r1-cupgNOOq9NH_uTsQnPSVEKco,data/_source/isl_dictionary/B/Behind.mp4,3360,ISLRTC,src=B/Behind.mp4
behind_bars,behind bars,2,https://drive.google.com/drive/folders/1U-Pr4r1-cupgNOOq9NH_uTsQnPSVEKco,data/_source/isl_dictionary/B/Behind_bars.mp4,12000,ISLRTC,src=B/Behind_bars.mp4
believe,believe,1,https://drive.google.com/drive/folders/1U-Pr4r1-cupgNOOq9NH_uTsQnPSVEKco,data/_source/isl_dictionary/B/Believe.mp4,3280,ISLRTC,src=B/Believe.mp4
below,below,1,https://drive.google.com/drive/folders/1U-Pr4r1-cupgNOOq9NH_uTsQnPSVEKco,data/_source/isl_dictionary/B/Below.mp4,4600,ISLRTC,src=B/Below.mp4
bench_mark,bench mark,2,https://drive.google.com/drive/folders/1U-Pr4r1-cupgNOOq9NH_uTsQnPSVEKco,data/_source/isl_dictionary/B/Bench_Mark.mp4,13920,ISLRTC,src=B/Bench_Mark.mp4
benefeciary,benefeciary,1,https://drive.google.com/drive/folders/1U-Pr4r1-cupgNOOq9NH_uTsQnPSVEKco,data/_source/isl_dictionary/B/Benefeciary.mp4,22592,ISLRTC,src=B/Benefeciary.mp4
best,best,1,https://drive.google.com/drive/folders/1U-Pr4r1-cupgNOOq9NH_uTsQnPSVEKco,data/_source/isl_dictionary/B/Best.mp4,3280,ISLRTC,src=B/Best.mp4; 1 other variant(s)
better,better,1,https://drive.google.com/drive/folders/1U-Pr4r1-cupgNOOq9NH_uTsQnPSVEKco,data/_source/isl_dictionary/B/Better.mp4,3640,ISLRTC,src=B/Better.mp4
beverage,beverage,1,https://drive.google.com/drive/folders/1U-Pr4r1-cupgNOOq9NH_uTsQnPSVEKco,data/_source/isl_dictionary/B/Beverage_Drink.mp4,10083,ISLRTC,alias of 'beverage drink': dictionary files both words under one sign
beverage_drink,beverage drink,2,https://drive.google.com/drive/folders/1U-Pr4r1-cupgNOOq9NH_uTsQnPSVEKco,data/_source/isl_dictionary/B/Beverage_Drink.mp4,10083,ISLRTC,src=B/Beverage_Drink.mp4
bharat,bharat,1,https://drive.google.com/drive/folders/1U-Pr4r1-cupgNOOq9NH_uTsQnPSVEKco,data/_source/isl_dictionary/B/Bharat.mp4,2972,ISLRTC,src=B/Bharat.mp4; 4 other variant(s)
bharatiya_janata_party,bharatiya janata party,3,https://drive.google.com/drive/folders/1U-Pr4r1-cupgNOOq9NH_uTsQnPSVEKco,data/_source/isl_dictionary/B/Bharatiya_Janata_Party_(BJP).mp4,2833,ISLRTC,src=B/Bharatiya_Janata_Party_(BJP).mp4; 2 other variant(s)
bhubaneswar,bhubaneswar,1,https://drive.google.com/drive/folders/1U-Pr4r1-cupgNOOq9NH_uTsQnPSVEKco,data/_source/isl_dictionary/B/Bhubaneswar.mp4,3960,ISLRTC,src=B/Bhubaneswar.mp4
bidder,bidder,1,https://drive.google.com/drive/folders/1U-Pr4r1-cupgNOOq9NH_uTsQnPSVEKco,data/_source/isl_dictionary/B/Bidder.mp4,19458,ISLRTC,src=B/Bidder.mp4
biennial_weeds,biennial weeds,2,https://drive.google.com/drive/folders/1U-Pr4r1-cupgNOOq9NH_uTsQnPSVEKco,data/_source/isl_dictionary/B/Biennial_Weeds.mp4,17280,ISLRTC,src=B/Biennial_Weeds.mp4
big,big,1,https://drive.google.com/drive/folders/1U-Pr4r1-cupgNOOq9NH_uTsQnPSVEKco,data/_source/isl_dictionary/B/Big.mp4,2800,ISLRTC,src=B/Big.mp4
bigger_integer,bigger integer,2,https://drive.google.com/drive/folders/1U-Pr4r1-cupgNOOq9NH_uTsQnPSVEKco,data/_source/isl_dictionary/B/Bigger_Integer.mp4,15125,ISLRTC,src=B/Bigger_Integer.mp4
bihar,bihar,1,https://drive.google.com/drive/folders/1U-Pr4r1-cupgNOOq9NH_uTsQnPSVEKco,data/_source/isl_dictionary/B/Bihar.mp4,3960,ISLRTC,src=B/Bihar.mp4
bike_oil_filter,bike oil filter,3,https://drive.google.com/drive/folders/1U-Pr4r1-cupgNOOq9NH_uTsQnPSVEKco,data/_source/isl_dictionary/B/Bike_Oil_Filter_(Sign_2).mp4,14042,ISLRTC,src=B/Bike_Oil_Filter_(Sign_2).mp4
bilateral_trade,bilateral trade,2,https://drive.google.com/drive/folders/1U-Pr4r1-cupgNOOq9NH_uTsQnPSVEKco,data/_source/isl_dictionary/B/Bilateral_Trade.mp4,22583,ISLRTC,src=B/Bilateral_Trade.mp4
bill,bill,1,https://drive.google.com/drive/folders/1U-Pr4r1-cupgNOOq9NH_uTsQnPSVEKco,data/_source/isl_dictionary/B/Bill.mp4,3720,ISLRTC,src=B/Bill.mp4; 1 other variant(s)
billion,billion,1,https://drive.google.com/drive/folders/1U-Pr4r1-cupgNOOq9NH_uTsQnPSVEKco,data/_source/isl_dictionary/New 2500 ISL Dictionary Videos/BCS/Billion - English.mp4,26220,ISLRTC,src=New 2500 ISL Dictionary Videos/BCS/Billion - English.mp4
bimodal,bimodal,1,https://drive.google.com/drive/folders/1U-Pr4r1-cupgNOOq9NH_uTsQnPSVEKco,data/_source/isl_dictionary/B/Bimodal.mp4,20167,ISLRTC,src=B/Bimodal.mp4
bindi,bindi,1,https://drive.google.com/drive/folders/1U-Pr4r1-cupgNOOq9NH_uTsQnPSVEKco,data/_source/isl_dictionary/B/Bindi.mp4,3120,ISLRTC,src=B/Bindi.mp4
biochemistry,biochemistry,1,https://drive.google.com/drive/folders/1U-Pr4r1-cupgNOOq9NH_uTsQnPSVEKco,data/_source/isl_dictionary/B/Biochemistry.mp4,2760,ISLRTC,src=B/Biochemistry.mp4; 1 other variant(s)
biocoenosis_biocoenose_biocenose,biocoenosis biocoenose biocenose,3,https://drive.google.com/drive/folders/1U-Pr4r1-cupgNOOq9NH_uTsQnPSVEKco,data/_source/isl_dictionary/B/Biocoenosis_Biocoenose_Biocenose.mp4,21125,ISLRTC,src=B/Biocoenosis_Biocoenose_Biocenose.mp4
biodegradable,biodegradable,1,https://drive.google.com/drive/folders/1U-Pr4r1-cupgNOOq9NH_uTsQnPSVEKco,data/_source/isl_dictionary/B/Biodegradable.mp4,25458,ISLRTC,src=B/Biodegradable.mp4
bioelement,bioelement,1,https://drive.google.com/drive/folders/1U-Pr4r1-cupgNOOq9NH_uTsQnPSVEKco,data/_source/isl_dictionary/B/Bioelement.mp4,14917,ISLRTC,src=B/Bioelement.mp4
bioinformatics,bioinformatics,1,https://drive.google.com/drive/folders/1U-Pr4r1-cupgNOOq9NH_uTsQnPSVEKco,data/_source/isl_dictionary/B/Bioinformatics.mp4,3040,ISLRTC,src=B/Bioinformatics.mp4
biological_control,biological control,2,https://drive.google.com/drive/folders/1U-Pr4r1-cupgNOOq9NH_uTsQnPSVEKco,data/_source/isl_dictionary/B/Biological_Control.mp4,27375,ISLRTC,src=B/Biological_Control.mp4
biological_oxygen_demand,biological oxygen demand,3,https://drive.google.com/drive/folders/1U-Pr4r1-cupgNOOq9NH_uTsQnPSVEKco,data/_source/isl_dictionary/B/Biological_Oxygen_Demand.mp4,21625,ISLRTC,src=B/Biological_Oxygen_Demand.mp4
biological_weathering,biological weathering,2,https://drive.google.com/drive/folders/1U-Pr4r1-cupgNOOq9NH_uTsQnPSVEKco,data/_source/isl_dictionary/B/Biological_Weathering.mp4,18000,ISLRTC,src=B/Biological_Weathering.mp4
biology,biology,1,https://drive.google.com/drive/folders/1U-Pr4r1-cupgNOOq9NH_uTsQnPSVEKco,data/_source/isl_dictionary/B/Biology_(Sign_2).mp4,2480,ISLRTC,src=B/Biology_(Sign_2).mp4; 1 other variant(s)
biomedical,biomedical,1,https://drive.google.com/drive/folders/1U-Pr4r1-cupgNOOq9NH_uTsQnPSVEKco,data/_source/isl_dictionary/B/Biomedical.mp4,2800,ISLRTC,src=B/Biomedical.mp4
biophysical,biophysical,1,https://drive.google.com/drive/folders/1U-Pr4r1-cupgNOOq9NH_uTsQnPSVEKco,data/_source/isl_dictionary/B/Biophysical.mp4,27375,ISLRTC,src=B/Biophysical.mp4
bioremediation,bioremediation,1,https://drive.google.com/drive/folders/1U-Pr4r1-cupgNOOq9NH_uTsQnPSVEKco,data/_source/isl_dictionary/B/Bioremediation.mp4,13417,ISLRTC,src=B/Bioremediation.mp4
birthday,birthday,1,https://drive.google.com/drive/folders/1U-Pr4r1-cupgNOOq9NH_uTsQnPSVEKco,data/_source/isl_dictionary/B/Birthday.mp4,3840,ISLRTC,src=B/Birthday.mp4
birthmark,birthmark,1,https://drive.google.com/drive/folders/1U-Pr4r1-cupgNOOq9NH_uTsQnPSVEKco,data/_source/isl_dictionary/B/Birthmark.mp4,23000,ISLRTC,src=B/Birthmark.mp4
bisector,bisector,1,https://drive.google.com/drive/folders/1U-Pr4r1-cupgNOOq9NH_uTsQnPSVEKco,data/_source/isl_dictionary/B/Bisector.mp4,10875,ISLRTC,src=B/Bisector.mp4
black,black,1,https://drive.google.com/drive/folders/1U-Pr4r1-cupgNOOq9NH_uTsQnPSVEKco,data/_source/isl_dictionary/B/Black.mp4,4320,ISLRTC,src=B/Black.mp4
black_market,black market,2,https://drive.google.com/drive/folders/1U-Pr4r1-cupgNOOq9NH_uTsQnPSVEKco,data/_source/isl_dictionary/B/Black_Market.mp4,8750,ISLRTC,src=B/Black_Market.mp4
blank,blank,1,https://drive.google.com/drive/folders/1U-Pr4r1-cupgNOOq9NH_uTsQnPSVEKco,data/_source/isl_dictionary/B/Blank.mp4,15360,ISLRTC,src=B/Blank.mp4
bleat_baa,bleat baa,2,https://drive.google.com/drive/folders/1U-Pr4r1-cupgNOOq9NH_uTsQnPSVEKco,data/_source/isl_dictionary/B/Bleat_Baa_(Goat).mp4,4800,ISLRTC,src=B/Bleat_Baa_(Goat).mp4
blend,blend,1,https://drive.google.com/drive/folders/1U-Pr4r1-cupgNOOq9NH_uTsQnPSVEKco,data/_source/isl_dictionary/B/Blend.mp4,12333,ISLRTC,src=B/Blend.mp4
blight,blight,1,https://drive.google.com/drive/folders/1U-Pr4r1-cupgNOOq9NH_uTsQnPSVEKco,data/_source/isl_dictionary/B/Blight.mp4,13520,ISLRTC,src=B/Blight.mp4
blindfold,blindfold,1,https://drive.google.com/drive/folders/1U-Pr4r1-cupgNOOq9NH_uTsQnPSVEKco,data/_source/isl_dictionary/B/Blindfold.mp4,8250,ISLRTC,src=B/Blindfold.mp4
blink,blink,1,https://drive.google.com/drive/folders/1U-Pr4r1-cupgNOOq9NH_uTsQnPSVEKco,data/_source/isl_dictionary/B/Blink.mp4,5880,ISLRTC,src=B/Blink.mp4
block,block,1,https://drive.google.com/drive/folders/1U-Pr4r1-cupgNOOq9NH_uTsQnPSVEKco,data/_source/isl_dictionary/B/Block_(Block_Someone_on_social_Media).mp4,16600,ISLRTC,src=B/Block_(Block_Someone_on_social_Media).mp4; 1 other variant(s)
block_education_officer,block education officer,3,https://drive.google.com/drive/folders/1U-Pr4r1-cupgNOOq9NH_uTsQnPSVEKco,data/_source/isl_dictionary/B/Block_Education_Officer_(BEO).mp4,17500,ISLRTC,src=B/Block_Education_Officer_(BEO).mp4
block_institute_of_teacher_education,block institute of teacher education,5,https://drive.google.com/drive/folders/1U-Pr4r1-cupgNOOq9NH_uTsQnPSVEKco,data/_source/isl_dictionary/B/Block_Institute_of_Teacher_Education_(BITE).mp4,16042,ISLRTC,src=B/Block_Institute_of_Teacher_Education_(BITE).mp4
blocky_structure,blocky structure,2,https://drive.google.com/drive/folders/1U-Pr4r1-cupgNOOq9NH_uTsQnPSVEKco,data/_source/isl_dictionary/B/Blocky_Structure.mp4,17480,ISLRTC,src=B/Blocky_Structure.mp4
blogger,blogger,1,https://drive.google.com/drive/folders/1U-Pr4r1-cupgNOOq9NH_uTsQnPSVEKco,data/_source/isl_dictionary/B/Blogger.mp4,23583,ISLRTC,src=B/Blogger.mp4
blood,blood,1,https://drive.google.com/drive/folders/1U-Pr4r1-cupgNOOq9NH_uTsQnPSVEKco,data/_source/isl_dictionary/B/Blood.mp4,4720,ISLRTC,src=B/Blood.mp4
blow,blow,1,https://drive.google.com/drive/folders/1U-Pr4r1-cupgNOOq9NH_uTsQnPSVEKco,data/_source/isl_dictionary/B/Blow.mp4,27840,ISLRTC,src=B/Blow.mp4
blower_sprayer,blower sprayer,2,https://drive.google.com/drive/folders/1U-Pr4r1-cupgNOOq9NH_uTsQnPSVEKco,data/_source/isl_dictionary/B/Blower_Sprayer.mp4,16542,ISLRTC,src=B/Blower_Sprayer.mp4
blue,blue,1,https://drive.google.com/drive/folders/1U-Pr4r1-cupgNOOq9NH_uTsQnPSVEKco,data/_source/isl_dictionary/B/Blue.mp4,5280,ISLRTC,src=B/Blue.mp4
blue_flowered_plants,blue flowered plants,3,https://drive.google.com/drive/folders/1U-Pr4r1-cupgNOOq9NH_uTsQnPSVEKco,data/_source/isl_dictionary/B/Blue_Flowered_Plants.mp4,10480,ISLRTC,src=B/Blue_Flowered_Plants.mp4
blue_revolution,blue revolution,2,https://drive.google.com/drive/folders/1U-Pr4r1-cupgNOOq9NH_uTsQnPSVEKco,data/_source/isl_dictionary/B/Blue_Revolution.mp4,25458,ISLRTC,src=B/Blue_Revolution.mp4
bluewater,bluewater,1,https://drive.google.com/drive/folders/1U-Pr4r1-cupgNOOq9NH_uTsQnPSVEKco,data/_source/isl_dictionary/B/Bluewater.mp4,10083,ISLRTC,src=B/Bluewater.mp4
blurring,blurring,1,https://drive.google.com/drive/folders/1U-Pr4r1-cupgNOOq9NH_uTsQnPSVEKco,data/_source/isl_dictionary/B/Blurring.mp4,13480,ISLRTC,src=B/Blurring.mp4
board,board,1,https://drive.google.com/drive/folders/1U-Pr4r1-cupgNOOq9NH_uTsQnPSVEKco,data/_source/isl_dictionary/B/Board_(Panel)_(Sign_2).mp4,4708,ISLRTC,src=B/Board_(Panel)_(Sign_2).mp4
board_of_assessment,board of assessment,3,https://drive.google.com/drive/folders/1U-Pr4r1-cupgNOOq9NH_uTsQnPSVEKco,data/_source/isl_dictionary/B/Board_of_Assessment_(BoA).mp4,13625,ISLRTC,src=B/Board_of_Assessment_(BoA).mp4
board_of_governors,board of governors,3,https://drive.google.com/drive/folders/1U-Pr4r1-cupgNOOq9NH_uTsQnPSVEKco,data/_source/isl_dictionary/B/Board_of_Governors_(BoG).mp4,10000,ISLRTC,src=B/Board_of_Governors_(BoG).mp4
boarding_pass,boarding pass,2,https://drive.google.com/drive/folders/1U-Pr4r1-cupgNOOq9NH_uTsQnPSVEKco,data/_source/isl_dictionary/B/Boarding_Pass.mp4,11760,ISLRTC,src=B/Boarding_Pass.mp4
boat,boat,1,https://drive.google.com/drive/folders/1U-Pr4r1-cupgNOOq9NH_uTsQnPSVEKco,data/_source/isl_dictionary/B/Boat.mp4,4720,ISLRTC,src=B/Boat.mp4
body,body,1,https://drive.google.com/drive/folders/1U-Pr4r1-cupgNOOq9NH_uTsQnPSVEKco,data/_source/isl_dictionary/B/Body_(Sign_2).mp4,3600,ISLRTC,src=B/Body_(Sign_2).mp4
body_armour,body armour,2,https://drive.google.com/drive/folders/1U-Pr4r1-cupgNOOq9NH_uTsQnPSVEKco,data/_source/isl_dictionary/B/Body_Armour.mp4,20200,ISLRTC,src=B/Body_Armour.mp4
body_lotion_body_moisturizer,body lotion body moisturizer,4,https://drive.google.com/drive/folders/1U-Pr4r1-cupgNOOq9NH_uTsQnPSVEKco,data/_source/isl_dictionary/B/Body_lotion_Body_moisturizer.mp4,6000,ISLRTC,src=B/Body_lotion_Body_moisturizer.mp4
bombarded,bombarded,1,https://drive.google.com/drive/folders/1U-Pr4r1-cupgNOOq9NH_uTsQnPSVEKco,data/_source/isl_dictionary/B/Bombarded.mp4,8375,ISLRTC,src=B/Bombarded.mp4
bonds,bonds,1,https://drive.google.com/drive/folders/1U-Pr4r1-cupgNOOq9NH_uTsQnPSVEKco,data/_source/isl_dictionary/B/Bonds.mp4,24683,ISLRTC,src=B/Bonds.mp4
bonsai_or_miniculture_or_mini_garden,bonsai or miniculture or mini garden,6,https://drive.google.com/drive/folders/1U-Pr4r1-cupgNOOq9NH_uTsQnPSVEKco,data/_source/isl_dictionary/B/Bonsai_or_Miniculture_or_Mini_Garden.mp4,29880,ISLRTC,src=B/Bonsai_or_Miniculture_or_Mini_Garden.mp4
bonus,bonus,1,https://drive.google.com/drive/folders/1U-Pr4r1-cupgNOOq9NH_uTsQnPSVEKco,data/_source/isl_dictionary/B/Bonus.mp4,25080,ISLRTC,src=B/Bonus.mp4
book,book,1,https://drive.google.com/drive/folders/1U-Pr4r1-cupgNOOq9NH_uTsQnPSVEKco,data/_source/isl_dictionary/B/Book.mp4,3440,ISLRTC,src=B/Book.mp4
bookmark,bookmark,1,https://drive.google.com/drive/folders/1U-Pr4r1-cupgNOOq9NH_uTsQnPSVEKco,data/_source/isl_dictionary/B/Bookmark.mp4,19080,ISLRTC,src=B/Bookmark.mp4
boom,boom,1,https://drive.google.com/drive/folders/1U-Pr4r1-cupgNOOq9NH_uTsQnPSVEKco,data/_source/isl_dictionary/B/Boom.mp4,24583,ISLRTC,src=B/Boom.mp4
border,border,1,https://drive.google.com/drive/folders/1U-Pr4r1-cupgNOOq9NH_uTsQnPSVEKco,data/_source/isl_dictionary/B/Border.mp4,20680,ISLRTC,src=B/Border.mp4
boreal,boreal,1,https://drive.google.com/drive/folders/1U-Pr4r1-cupgNOOq9NH_uTsQnPSVEKco,data/_source/isl_dictionary/B/Boreal.mp4,14875,ISLRTC,src=B/Boreal.mp4
born,born,1,https://drive.google.com/drive/folders/1U-Pr4r1-cupgNOOq9NH_uTsQnPSVEKco,data/_source/isl_dictionary/B/Born.mp4,4480,ISLRTC,src=B/Born.mp4
borrower,borrower,1,https://drive.google.com/drive/folders/1U-Pr4r1-cupgNOOq9NH_uTsQnPSVEKco,data/_source/isl_dictionary/B/Borrower.mp4,20038,ISLRTC,src=B/Borrower.mp4
botanical_classification,botanical classification,2,https://drive.google.com/drive/folders/1U-Pr4r1-cupgNOOq9NH_uTsQnPSVEKco,data/_source/isl_dictionary/B/Botanical_Classification.mp4,15560,ISLRTC,src=B/Botanical_Classification.mp4
bottled_water,bottled water,2,https://drive.google.com/drive/folders/1U-Pr4r1-cupgNOOq9NH_uTsQnPSVEKco,data/_source/isl_dictionary/B/Bottled_water.mp4,2600,ISLRTC,src=B/Bottled_water.mp4
bouquet,bouquet,1,https://drive.google.com/drive/folders/1U-Pr4r1-cupgNOOq9NH_uTsQnPSVEKco,data/_source/isl_dictionary/B/Bouquet.mp4,3320,ISLRTC,src=B/Bouquet.mp4
bowled_out,bowled out,2,https://drive.google.com/drive/folders/1U-Pr4r1-cupgNOOq9NH_uTsQnPSVEKco,data/_source/isl_dictionary/B/Bowled_Out.mp4,3040,ISLRTC,src=B/Bowled_Out.mp4
box,box,1,https://drive.google.com/drive/folders/1U-Pr4r1-cupgNOOq9NH_uTsQnPSVEKco,data/_source/isl_dictionary/B/Box.mp4,4680,ISLRTC,src=B/Box.mp4
boy,boy,1,https://drive.google.com/drive/folders/1U-Pr4r1-cupgNOOq9NH_uTsQnPSVEKco,data/_source/isl_dictionary/B/Boy.mp4,4200,ISLRTC,src=B/Boy.mp4
brackets,brackets,1,https://drive.google.com/drive/folders/1U-Pr4r1-cupgNOOq9NH_uTsQnPSVEKco,data/_source/isl_dictionary/B/Brackets.mp4,2958,ISLRTC,src=B/Brackets.mp4
brain,brain,1,https://drive.google.com/drive/folders/1U-Pr4r1-cupgNOOq9NH_uTsQnPSVEKco,data/_source/isl_dictionary/B/Brain.mp4,6720,ISLRTC,src=B/Brain.mp4
brake_light,brake light,2,https://drive.google.com/drive/folders/1U-Pr4r1-cupgNOOq9NH_uTsQnPSVEKco,data/_source/isl_dictionary/B/Brake_Light.mp4,17458,ISLRTC,src=B/Brake_Light.mp4
brake_lights,brake lights,2,https://drive.google.com/drive/folders/1U-Pr4r1-cupgNOOq9NH_uTsQnPSVEKco,data/_source/isl_dictionary/B/Brake_Lights.mp4,5000,ISLRTC,src=B/Brake_Lights.mp4
brand_manager,brand manager,2,https://drive.google.com/drive/folders/1U-Pr4r1-cupgNOOq9NH_uTsQnPSVEKco,data/_source/isl_dictionary/B/Brand_Manager.mp4,23458,ISLRTC,src=B/Brand_Manager.mp4
brazil,brazil,1,https://drive.google.com/drive/folders/1U-Pr4r1-cupgNOOq9NH_uTsQnPSVEKco,data/_source/isl_dictionary/B/Brazil.mp4,2440,ISLRTC,src=B/Brazil.mp4
bread,bread,1,https://drive.google.com/drive/folders/1U-Pr4r1-cupgNOOq9NH_uTsQnPSVEKco,data/_source/isl_dictionary/B/Bread.mp4,3760,ISLRTC,src=B/Bread.mp4
break,break,1,https://drive.google.com/drive/folders/1U-Pr4r1-cupgNOOq9NH_uTsQnPSVEKco,data/_source/isl_dictionary/New 2500 ISL Dictionary Videos/Yunikee 2/English/Break.mp4,6733,ISLRTC,src=New 2500 ISL Dictionary Videos/Yunikee 2/English/Break.mp4
break_up,break up,2,https://drive.google.com/drive/folders/1U-Pr4r1-cupgNOOq9NH_uTsQnPSVEKco,data/_source/isl_dictionary/B/Break_up.mp4,12840,ISLRTC,src=B/Break_up.mp4
breakfast,breakfast,1,https://drive.google.com/drive/folders/1U-Pr4r1-cupgNOOq9NH_uTsQnPSVEKco,data/_source/isl_dictionary/B/Breakfast.mp4,4200,ISLRTC,src=B/Breakfast.mp4
breast,breast,1,https://drive.google.com/drive/folders/1U-Pr4r1-cupgNOOq9NH_uTsQnPSVEKco,data/_source/isl_dictionary/B/Breast.mp4,2880,ISLRTC,src=B/Breast.mp4
breastfeed,breastfeed,1,https://drive.google.com/drive/folders/1U-Pr4r1-cupgNOOq9NH_uTsQnPSVEKco,data/_source/isl_dictionary/B/Breastfeed.mp4,4000,ISLRTC,src=B/Breastfeed.mp4
breeds_of_poultry,breeds of poultry,3,https://drive.google.com/drive/folders/1U-Pr4r1-cupgNOOq9NH_uTsQnPSVEKco,data/_source/isl_dictionary/B/Breeds_of_Poultry.mp4,10750,ISLRTC,src=B/Breeds_of_Poultry.mp4
brief,brief,1,https://drive.google.com/drive/folders/1U-Pr4r1-cupgNOOq9NH_uTsQnPSVEKco,data/_source/isl_dictionary/B/Brief.mp4,3720,ISLRTC,src=B/Brief.mp4
bright_and_early,bright and early,3,https://drive.google.com/drive/folders/1U-Pr4r1-cupgNOOq9NH_uTsQnPSVEKco,data/_source/isl_dictionary/B/Bright_and_Early.mp4,3833,ISLRTC,src=B/Bright_and_Early.mp4
british_rulers,british rulers,2,https://drive.google.com/drive/folders/1U-Pr4r1-cupgNOOq9NH_uTsQnPSVEKco,data/_source/isl_dictionary/B/British_rulers.mp4,18500,ISLRTC,src=B/British_rulers.mp4
broiler,broiler,1,https://drive.google.com/drive/folders/1U-Pr4r1-cupgNOOq9NH_uTsQnPSVEKco,data/_source/isl_dictionary/B/Broiler.mp4,16292,ISLRTC,src=B/Broiler.mp4
broker,broker,1,https://drive.google.com/drive/folders/1U-Pr4r1-cupgNOOq9NH_uTsQnPSVEKco,data/_source/isl_dictionary/B/Broker_(Sign_2).mp4,26375,ISLRTC,src=B/Broker_(Sign_2).mp4
brother,brother,1,https://drive.google.com/drive/folders/1U-Pr4r1-cupgNOOq9NH_uTsQnPSVEKco,data/_source/isl_dictionary/O/Older_Brother_Elder_Brother.mp4,2720,ISLRTC,alias of 'older brother elder brother': closest dictionary sign for plain 'brother'
brown,brown,1,https://drive.google.com/drive/folders/1U-Pr4r1-cupgNOOq9NH_uTsQnPSVEKco,data/_source/isl_dictionary/B/Brown.mp4,6520,ISLRTC,src=B/Brown.mp4
brownfield,brownfield,1,https://drive.google.com/drive/folders/1U-Pr4r1-cupgNOOq9NH_uTsQnPSVEKco,data/_source/isl_dictionary/B/Brownfield.mp4,28292,ISLRTC,src=B/Brownfield.mp4
browse,browse,1,https://drive.google.com/drive/folders/1U-Pr4r1-cupgNOOq9NH_uTsQnPSVEKco,data/_source/isl_dictionary/B/Browse.mp4,9000,ISLRTC,src=B/Browse.mp4
bubble_chart,bubble chart,2,https://drive.google.com/drive/folders/1U-Pr4r1-cupgNOOq9NH_uTsQnPSVEKco,data/_source/isl_dictionary/B/Bubble_chart.mp4,27600,ISLRTC,src=B/Bubble_chart.mp4
budget,budget,1,https://drive.google.com/drive/folders/1U-Pr4r1-cupgNOOq9NH_uTsQnPSVEKco,data/_source/isl_dictionary/B/Budget.mp4,21502,ISLRTC,src=B/Budget.mp4; 1 other variant(s)
budget_revenues,budget revenues,2,https://drive.google.com/drive/folders/1U-Pr4r1-cupgNOOq9NH_uTsQnPSVEKco,data/_source/isl_dictionary/B/Budget_Revenues.mp4,19667,ISLRTC,src=B/Budget_Revenues.mp4
budget_travelers,budget travelers,2,https://drive.google.com/drive/folders/1U-Pr4r1-cupgNOOq9NH_uTsQnPSVEKco,data/_source/isl_dictionary/B/Budget_Travelers.mp4,13917,ISLRTC,src=B/Budget_Travelers.mp4
building_lifting_technique,building lifting technique,3,https://drive.google.com/drive/folders/1U-Pr4r1-cupgNOOq9NH_uTsQnPSVEKco,data/_source/isl_dictionary/B/Building_Lifting_Technique.mp4,24208,ISLRTC,src=B/Building_Lifting_Technique.mp4
bullet,bullet,1,https://drive.google.com/drive/folders/1U-Pr4r1-cupgNOOq9NH_uTsQnPSVEKco,data/_source/isl_dictionary/B/Bullet.mp4,22583,ISLRTC,src=B/Bullet.mp4; 1 other variant(s)
bullock_cart,bullock cart,2,https://drive.google.com/drive/folders/1U-Pr4r1-cupgNOOq9NH_uTsQnPSVEKco,data/_source/isl_dictionary/B/Bullock_Cart.mp4,2880,ISLRTC,src=B/Bullock_Cart.mp4
bully_calf,bully calf,2,https://drive.google.com/drive/folders/1U-Pr4r1-cupgNOOq9NH_uTsQnPSVEKco,data/_source/isl_dictionary/B/Bully_Calf.mp4,10083,ISLRTC,src=B/Bully_Calf.mp4
bund,bund,1,https://drive.google.com/drive/folders/1U-Pr4r1-cupgNOOq9NH_uTsQnPSVEKco,data/_source/isl_dictionary/B/Bund.mp4,28840,ISLRTC,src=B/Bund.mp4
burden_overload_strain,burden overload strain,3,https://drive.google.com/drive/folders/1U-Pr4r1-cupgNOOq9NH_uTsQnPSVEKco,data/_source/isl_dictionary/B/Burden_Overload_Strain.mp4,3040,ISLRTC,src=B/Burden_Overload_Strain.mp4
burette,burette,1,https://drive.google.com/drive/folders/1U-Pr4r1-cupgNOOq9NH_uTsQnPSVEKco,data/_source/isl_dictionary/B/Burette.mp4,5640,ISLRTC,src=B/Burette.mp4
burner,burner,1,https://drive.google.com/drive/folders/1U-Pr4r1-cupgNOOq9NH_uTsQnPSVEKco,data/_source/isl_dictionary/B/Burner.mp4,11875,ISLRTC,src=B/Burner.mp4
burnout,burnout,1,https://drive.google.com/drive/folders/1U-Pr4r1-cupgNOOq9NH_uTsQnPSVEKco,data/_source/isl_dictionary/MHSL - 259/Burnout.mp4,28096,ISLRTC,src=MHSL - 259/Burnout.mp4
burrow_warren,burrow warren,2,https://drive.google.com/drive/folders/1U-Pr4r1-cupgNOOq9NH_uTsQnPSVEKco,data/_source/isl_dictionary/B/Burrow_Warren.mp4,6667,ISLRTC,src=B/Burrow_Warren.mp4
bury_the_hatchet,bury the hatchet,3,https://drive.google.com/drive/folders/1U-Pr4r1-cupgNOOq9NH_uTsQnPSVEKco,data/_source/isl_dictionary/B/Bury_the_Hatchet.mp4,7542,ISLRTC,src=B/Bury_the_Hatchet.mp4
bus,bus,1,https://drive.google.com/drive/folders/1U-Pr4r1-cupgNOOq9NH_uTsQnPSVEKco,data/_source/isl_dictionary/B/Bus.mp4,4000,ISLRTC,src=B/Bus.mp4
business,business,1,https://drive.google.com/drive/folders/1U-Pr4r1-cupgNOOq9NH_uTsQnPSVEKco,data/_source/isl_dictionary/B/Business.mp4,25403,ISLRTC,src=B/Business.mp4
business_tourism,business tourism,2,https://drive.google.com/drive/folders/1U-Pr4r1-cupgNOOq9NH_uTsQnPSVEKco,data/_source/isl_dictionary/B/Business_Tourism.mp4,26417,ISLRTC,src=B/Business_Tourism.mp4
busy,busy,1,https://drive.google.com/drive/folders/1U-Pr4r1-cupgNOOq9NH_uTsQnPSVEKco,data/_source/isl_dictionary/B/Busy.mp4,5400,ISLRTC,src=B/Busy.mp4
butter,butter,1,https://drive.google.com/drive/folders/1U-Pr4r1-cupgNOOq9NH_uTsQnPSVEKco,data/_source/isl_dictionary/B/Butter_(Sign_2).mp4,5292,ISLRTC,src=B/Butter_(Sign_2).mp4
buy_ins,buy ins,2,https://drive.google.com/drive/folders/1U-Pr4r1-cupgNOOq9NH_uTsQnPSVEKco,data/_source/isl_dictionary/B/Buy_Ins.mp4,19388,ISLRTC,src=B/Buy_Ins.mp4
buzz_whine,buzz whine,2,https://drive.google.com/drive/folders/1U-Pr4r1-cupgNOOq9NH_uTsQnPSVEKco,data/_source/isl_dictionary/B/Buzz_Whine_(Bees_Flies_Etc).mp4,15840,ISLRTC,src=B/Buzz_Whine_(Bees_Flies_Etc).mp4
bye,bye,1,https://drive.google.com/drive/folders/1U-Pr4r1-cupgNOOq9NH_uTsQnPSVEKco,data/_source/isl_dictionary/B/Bye_Goodbye.mp4,4320,ISLRTC,alias of 'bye goodbye': dictionary files both words under one sign
bye_goodbye,bye goodbye,2,https://drive.google.com/drive/folders/1U-Pr4r1-cupgNOOq9NH_uTsQnPSVEKco,data/_source/isl_dictionary/B/Bye_Goodbye.mp4,4320,ISLRTC,src=B/Bye_Goodbye.mp4
c_o_b_test,c o b test,4,https://drive.google.com/drive/folders/1U-Pr4r1-cupgNOOq9NH_uTsQnPSVEKco,data/_source/isl_dictionary/C/C_O_B_Test.mp4,15833,ISLRTC,src=C/C_O_B_Test.mp4
cadon,cadon,1,https://drive.google.com/drive/folders/1U-Pr4r1-cupgNOOq9NH_uTsQnPSVEKco,data/_source/isl_dictionary/C/Cadon.mp4,2960,ISLRTC,src=C/Cadon.mp4
cajanus_inducus,cajanus inducus,2,https://drive.google.com/drive/folders/1U-Pr4r1-cupgNOOq9NH_uTsQnPSVEKco,data/_source/isl_dictionary/C/Cajanus_Inducus.mp4,10200,ISLRTC,src=C/Cajanus_Inducus.mp4
calcium_ca,calcium ca,2,https://drive.google.com/drive/folders/1U-Pr4r1-cupgNOOq9NH_uTsQnPSVEKco,data/_source/isl_dictionary/C/Calcium_Ca.mp4,2320,ISLRTC,src=C/Calcium_Ca.mp4
calcium_fluoride,calcium fluoride,2,https://drive.google.com/drive/folders/1U-Pr4r1-cupgNOOq9NH_uTsQnPSVEKco,data/_source/isl_dictionary/C/Calcium_Fluoride.mp4,2360,ISLRTC,src=C/Calcium_Fluoride.mp4
calendar,calendar,1,https://drive.google.com/drive/folders/1U-Pr4r1-cupgNOOq9NH_uTsQnPSVEKco,data/_source/isl_dictionary/C/Calendar.mp4,4200,ISLRTC,src=C/Calendar.mp4; 1 other variant(s)
call,call,1,https://drive.google.com/drive/folders/1U-Pr4r1-cupgNOOq9NH_uTsQnPSVEKco,data/_source/isl_dictionary/C/Call.mp4,4320,ISLRTC,src=C/Call.mp4
cambium,cambium,1,https://drive.google.com/drive/folders/1U-Pr4r1-cupgNOOq9NH_uTsQnPSVEKco,data/_source/isl_dictionary/C/Cambium.mp4,2960,ISLRTC,src=C/Cambium.mp4
camel_farming,camel farming,2,https://drive.google.com/drive/folders/1U-Pr4r1-cupgNOOq9NH_uTsQnPSVEKco,data/_source/isl_dictionary/C/Camel_Farming.mp4,20167,ISLRTC,src=C/Camel_Farming.mp4
camera,camera,1,https://drive.google.com/drive/folders/1U-Pr4r1-cupgNOOq9NH_uTsQnPSVEKco,data/_source/isl_dictionary/C/Camera.mp4,3160,ISLRTC,src=C/Camera.mp4
can,can,1,https://drive.google.com/drive/folders/1U-Pr4r1-cupgNOOq9NH_uTsQnPSVEKco,data/_source/isl_dictionary/A/Able_Can.mp4,2840,ISLRTC,alias of 'able can': dictionary files both words under one sign
canada,canada,1,https://drive.google.com/drive/folders/1U-Pr4r1-cupgNOOq9NH_uTsQnPSVEKco,data/_source/isl_dictionary/C/Canada.mp4,3000,ISLRTC,src=C/Canada.mp4
cancel,cancel,1,https://drive.google.com/drive/folders/1U-Pr4r1-cupgNOOq9NH_uTsQnPSVEKco,data/_source/isl_dictionary/A/Abort_Cancel.mp4,28520,ISLRTC,alias of 'abort cancel': dictionary files both words under one sign
cancer,cancer,1,https://drive.google.com/drive/folders/1U-Pr4r1-cupgNOOq9NH_uTsQnPSVEKco,data/_source/isl_dictionary/C/Cancer.mp4,5800,ISLRTC,src=C/Cancer.mp4
capital,capital,1,https://drive.google.com/drive/folders/1U-Pr4r1-cupgNOOq9NH_uTsQnPSVEKco,data/_source/isl_dictionary/C/Capital_(Sign_3).mp4,3204,ISLRTC,src=C/Capital_(Sign_3).mp4
capital_output_ratio,capital output ratio,3,https://drive.google.com/drive/folders/1U-Pr4r1-cupgNOOq9NH_uTsQnPSVEKco,data/_source/isl_dictionary/C/Capital_Output_Ratio.mp4,28333,ISLRTC,src=C/Capital_Output_Ratio.mp4
capon,capon,1,https://drive.google.com/drive/folders/1U-Pr4r1-cupgNOOq9NH_uTsQnPSVEKco,data/_source/isl_dictionary/C/Capon.mp4,18708,ISLRTC,src=C/Capon.mp4
car,car,1,https://drive.google.com/drive/folders/1U-Pr4r1-cupgNOOq9NH_uTsQnPSVEKco,data/_source/isl_dictionary/C/Car.mp4,3160,ISLRTC,src=C/Car.mp4
carbon_dioxide,carbon dioxide,2,https://drive.google.com/drive/folders/1U-Pr4r1-cupgNOOq9NH_uTsQnPSVEKco,data/_source/isl_dictionary/C/Carbon_Dioxide_(Sign_2).mp4,2320,ISLRTC,src=C/Carbon_Dioxide_(Sign_2).mp4
card,card,1,https://drive.google.com/drive/folders/1U-Pr4r1-cupgNOOq9NH_uTsQnPSVEKco,data/_source/isl_dictionary/New 2500 ISL Dictionary Videos/Yunikee 2/English/Card.mp4,15920,ISLRTC,src=New 2500 ISL Dictionary Videos/Yunikee 2/English/Card.mp4
cardinal_key_fundamental,cardinal key fundamental,3,https://drive.google.com/drive/folders/1U-Pr4r1-cupgNOOq9NH_uTsQnPSVEKco,data/_source/isl_dictionary/C/Cardinal_Key_Fundamental.mp4,14042,ISLRTC,src=C/Cardinal_Key_Fundamental.mp4
carissa_carandus,carissa carandus,2,https://drive.google.com/drive/folders/1U-Pr4r1-cupgNOOq9NH_uTsQnPSVEKco,data/_source/isl_dictionary/C/Carissa_Carandus.mp4,18520,ISLRTC,src=C/Carissa_Carandus.mp4
carnivorus_fishes,carnivorus fishes,2,https://drive.google.com/drive/folders/1U-Pr4r1-cupgNOOq9NH_uTsQnPSVEKco,data/_source/isl_dictionary/C/Carnivorus_Fishes.mp4,11500,ISLRTC,src=C/Carnivorus_Fishes.mp4
carried,carried,1,https://drive.google.com/drive/folders/1U-Pr4r1-cupgNOOq9NH_uTsQnPSVEKco,data/_source/isl_dictionary/New 2500 ISL Dictionary Videos/Yunikee 1/New English/Carried.mp4,14800,ISLRTC,src=New 2500 ISL Dictionary Videos/Yunikee 1/New English/Carried.mp4
carved_pillars,carved pillars,2,https://drive.google.com/drive/folders/1U-Pr4r1-cupgNOOq9NH_uTsQnPSVEKco,data/_source/isl_dictionary/C/Carved_Pillars.mp4,23000,ISLRTC,src=C/Carved_Pillars.mp4
cash_flow,cash flow,2,https://drive.google.com/drive/folders/1U-Pr4r1-cupgNOOq9NH_uTsQnPSVEKco,data/_source/isl_dictionary/C/Cash_Flow (1).mp4,29582,ISLRTC,src=C/Cash_Flow (1).mp4
casino,casino,1,https://drive.google.com/drive/folders/1U-Pr4r1-cupgNOOq9NH_uTsQnPSVEKco,data/_source/isl_dictionary/C/Casino.mp4,19480,ISLRTC,src=C/Casino.mp4
castration,castration,1,https://drive.google.com/drive/folders/1U-Pr4r1-cupgNOOq9NH_uTsQnPSVEKco,data/_source/isl_dictionary/C/Castration.mp4,21583,ISLRTC,src=C/Castration.mp4
cat,cat,1,https://drive.google.com/drive/folders/1U-Pr4r1-cupgNOOq9NH_uTsQnPSVEKco,data/_source/isl_dictionary/C/Cat.mp4,3800,ISLRTC,src=C/Cat.mp4
cat_fish,cat fish,2,https://drive.google.com/drive/folders/1U-Pr4r1-cupgNOOq9NH_uTsQnPSVEKco,data/_source/isl_dictionary/C/Cat_Fish.mp4,17792,ISLRTC,src=C/Cat_Fish.mp4
catch,catch,1,https://drive.google.com/drive/folders/1U-Pr4r1-cupgNOOq9NH_uTsQnPSVEKco,data/_source/isl_dictionary/C/Catch_(A_Train_Bus_Etc).mp4,18520,ISLRTC,src=C/Catch_(A_Train_Bus_Etc).mp4
cathode,cathode,1,https://drive.google.com/drive/folders/1U-Pr4r1-cupgNOOq9NH_uTsQnPSVEKco,data/_source/isl_dictionary/C/Cathode.mp4,3160,ISLRTC,src=C/Cathode.mp4
cation,cation,1,https://drive.google.com/drive/folders/1U-Pr4r1-cupgNOOq9NH_uTsQnPSVEKco,data/_source/isl_dictionary/C/Cation.mp4,3200,ISLRTC,src=C/Cation.mp4
cd,cd,1,https://drive.google.com/drive/folders/1U-Pr4r1-cupgNOOq9NH_uTsQnPSVEKco,data/_source/isl_dictionary/C/CD.mp4,3480,ISLRTC,src=C/CD.mp4
cell,cell,1,https://drive.google.com/drive/folders/1U-Pr4r1-cupgNOOq9NH_uTsQnPSVEKco,data/_source/isl_dictionary/C/Cell.mp4,12880,ISLRTC,src=C/Cell.mp4; 1 other variant(s)
cellulose_acetate_ca,cellulose acetate ca,3,https://drive.google.com/drive/folders/1U-Pr4r1-cupgNOOq9NH_uTsQnPSVEKco,data/_source/isl_dictionary/C/Cellulose_Acetate_CA.mp4,3800,ISLRTC,src=C/Cellulose_Acetate_CA.mp4
center,center,1,https://drive.google.com/drive/folders/1U-Pr4r1-cupgNOOq9NH_uTsQnPSVEKco,data/_source/isl_dictionary/C/Center.mp4,4720,ISLRTC,src=C/Center.mp4
century,century,1,https://drive.google.com/drive/folders/1U-Pr4r1-cupgNOOq9NH_uTsQnPSVEKco,data/_source/isl_dictionary/C/Century.mp4,3400,ISLRTC,src=C/Century.mp4; 1 other variant(s)
cereal_disease,cereal disease,2,https://drive.google.com/drive/folders/1U-Pr4r1-cupgNOOq9NH_uTsQnPSVEKco,data/_source/isl_dictionary/C/Cereal_Disease.mp4,9000,ISLRTC,src=C/Cereal_Disease.mp4
certainty,certainty,1,https://drive.google.com/drive/folders/1U-Pr4r1-cupgNOOq9NH_uTsQnPSVEKco,data/_source/isl_dictionary/MHSL - 259/Certainty.mp4,26410,ISLRTC,src=MHSL - 259/Certainty.mp4
certificate,certificate,1,https://drive.google.com/drive/folders/1U-Pr4r1-cupgNOOq9NH_uTsQnPSVEKco,data/_source/isl_dictionary/C/Certificate.mp4,3800,ISLRTC,src=C/Certificate.mp4
chain,chain,1,https://drive.google.com/drive/folders/1U-Pr4r1-cupgNOOq9NH_uTsQnPSVEKco,data/_source/isl_dictionary/C/Chain.mp4,9440,ISLRTC,src=C/Chain.mp4
chain_surveying,chain surveying,2,https://drive.google.com/drive/folders/1U-Pr4r1-cupgNOOq9NH_uTsQnPSVEKco,data/_source/isl_dictionary/C/Chain_Surveying.mp4,8833,ISLRTC,src=C/Chain_Surveying.mp4
chair,chair,1,https://drive.google.com/drive/folders/1U-Pr4r1-cupgNOOq9NH_uTsQnPSVEKco,data/_source/isl_dictionary/C/Chair.mp4,3120,ISLRTC,src=C/Chair.mp4
challenge,challenge,1,https://drive.google.com/drive/folders/1U-Pr4r1-cupgNOOq9NH_uTsQnPSVEKco,data/_source/isl_dictionary/C/Challenge.mp4,4167,ISLRTC,src=C/Challenge.mp4
chana,chana,1,https://drive.google.com/drive/folders/1U-Pr4r1-cupgNOOq9NH_uTsQnPSVEKco,data/_source/isl_dictionary/C/Chana.mp4,18250,ISLRTC,src=C/Chana.mp4
chandigarh,chandigarh,1,https://drive.google.com/drive/folders/1U-Pr4r1-cupgNOOq9NH_uTsQnPSVEKco,data/_source/isl_dictionary/C/Chandigarh.mp4,3080,ISLRTC,src=C/Chandigarh.mp4
change,change,1,https://drive.google.com/drive/folders/1U-Pr4r1-cupgNOOq9NH_uTsQnPSVEKco,data/_source/isl_dictionary/C/Change.mp4,3640,ISLRTC,src=C/Change.mp4
chapter,chapter,1,https://drive.google.com/drive/folders/1U-Pr4r1-cupgNOOq9NH_uTsQnPSVEKco,data/_source/isl_dictionary/C/Chapter.mp4,6280,ISLRTC,src=C/Chapter.mp4
charge,charge,1,https://drive.google.com/drive/folders/1U-Pr4r1-cupgNOOq9NH_uTsQnPSVEKco,data/_source/isl_dictionary/New 2500 ISL Dictionary Videos/Yunikee 1/New English/Charge.mp4,15920,ISLRTC,src=New 2500 ISL Dictionary Videos/Yunikee 1/New English/Charge.mp4
charity,charity,1,https://drive.google.com/drive/folders/1U-Pr4r1-cupgNOOq9NH_uTsQnPSVEKco,data/_source/isl_dictionary/C/Charity.mp4,5080,ISLRTC,src=C/Charity.mp4
chart,chart,1,https://drive.google.com/drive/folders/1U-Pr4r1-cupgNOOq9NH_uTsQnPSVEKco,data/_source/isl_dictionary/C/Chart.mp4,5000,ISLRTC,src=C/Chart.mp4
chat,chat,1,https://drive.google.com/drive/folders/1U-Pr4r1-cupgNOOq9NH_uTsQnPSVEKco,data/_source/isl_dictionary/T/Talk_Chat.mp4,3880,ISLRTC,alias of 'talk chat': dictionary files both words under one sign
cheap,cheap,1,https://drive.google.com/drive/folders/1U-Pr4r1-cupgNOOq9NH_uTsQnPSVEKco,data/_source/isl_dictionary/C/Cheap_(Money).mp4,2920,ISLRTC,src=C/Cheap_(Money).mp4; 1 other variant(s)
chemistry,chemistry,1,https://drive.google.com/drive/folders/1U-Pr4r1-cupgNOOq9NH_uTsQnPSVEKco,data/_source/isl_dictionary/C/Chemistry_(Sign_2).mp4,2760,ISLRTC,src=C/Chemistry_(Sign_2).mp4; 1 other variant(s)
chennai,chennai,1,https://drive.google.com/drive/folders/1U-Pr4r1-cupgNOOq9NH_uTsQnPSVEKco,data/_source/isl_dictionary/C/Chennai.mp4,3080,ISLRTC,src=C/Chennai.mp4; 1 other variant(s)
cheque_crossed,cheque crossed,2,https://drive.google.com/drive/folders/1U-Pr4r1-cupgNOOq9NH_uTsQnPSVEKco,data/_source/isl_dictionary/C/Cheque Crossed.mp4,28096,ISLRTC,src=C/Cheque Crossed.mp4
cheque_fraudulent,cheque fraudulent,2,https://drive.google.com/drive/folders/1U-Pr4r1-cupgNOOq9NH_uTsQnPSVEKco,data/_source/isl_dictionary/C/Cheque_Fraudulent.mp4,26656,ISLRTC,src=C/Cheque_Fraudulent.mp4
chewing_and_lapping_type,chewing and lapping type,4,https://drive.google.com/drive/folders/1U-Pr4r1-cupgNOOq9NH_uTsQnPSVEKco,data/_source/isl_dictionary/C/Chewing_and_Lapping_Type.mp4,21960,ISLRTC,src=C/Chewing_and_Lapping_Type.mp4
chhattisgarh,chhattisgarh,1,https://drive.google.com/drive/folders/1U-Pr4r1-cupgNOOq9NH_uTsQnPSVEKco,data/_source/isl_dictionary/C/Chhattisgarh.mp4,3880,ISLRTC,src=C/Chhattisgarh.mp4
chicks,chicks,1,https://drive.google.com/drive/folders/1U-Pr4r1-cupgNOOq9NH_uTsQnPSVEKco,data/_source/isl_dictionary/C/Chicks.mp4,11542,ISLRTC,src=C/Chicks.mp4
child,child,1,https://drive.google.com/drive/folders/1U-Pr4r1-cupgNOOq9NH_uTsQnPSVEKco,data/_source/isl_dictionary/C/Child.mp4,4200,ISLRTC,src=C/Child.mp4
chile,chile,1,https://drive.google.com/drive/folders/1U-Pr4r1-cupgNOOq9NH_uTsQnPSVEKco,data/_source/isl_dictionary/C/Chile.mp4,2440,ISLRTC,src=C/Chile.mp4
china,china,1,https://drive.google.com/drive/folders/1U-Pr4r1-cupgNOOq9NH_uTsQnPSVEKco,data/_source/isl_dictionary/C/China.mp4,5120,ISLRTC,src=C/China.mp4
cholera,cholera,1,https://drive.google.com/drive/folders/1U-Pr4r1-cupgNOOq9NH_uTsQnPSVEKco,data/_source/isl_dictionary/C/Cholera.mp4,5178,ISLRTC,src=C/Cholera.mp4
christmas,christmas,1,https://drive.google.com/drive/folders/1U-Pr4r1-cupgNOOq9NH_uTsQnPSVEKco,data/_source/isl_dictionary/C/Christmas.mp4,3040,ISLRTC,src=C/Christmas.mp4; 1 other variant(s)
chrome_cast,chrome cast,2,https://drive.google.com/drive/folders/1U-Pr4r1-cupgNOOq9NH_uTsQnPSVEKco,data/_source/isl_dictionary/C/Chrome_cast.mp4,26042,ISLRTC,src=C/Chrome_cast.mp4
city,city,1,https://drive.google.com/drive/folders/1U-Pr4r1-cupgNOOq9NH_uTsQnPSVEKco,data/_source/isl_dictionary/C/City.mp4,4360,ISLRTC,src=C/City.mp4
class,class,1,https://drive.google.com/drive/folders/1U-Pr4r1-cupgNOOq9NH_uTsQnPSVEKco,data/_source/isl_dictionary/C/Class.mp4,2960,ISLRTC,src=C/Class.mp4
classification_according_to_parts_used_for_crop,classification according to parts used for crop,7,https://drive.google.com/drive/folders/1U-Pr4r1-cupgNOOq9NH_uTsQnPSVEKco,data/_source/isl_dictionary/C/Classification_According_to_Parts_used_for_Crop.mp4,14720,ISLRTC,src=C/Classification_According_to_Parts_used_for_Crop.mp4
classification_based_on_life_cycle,classification based on life cycle,5,https://drive.google.com/drive/folders/1U-Pr4r1-cupgNOOq9NH_uTsQnPSVEKco,data/_source/isl_dictionary/C/Classification_Based_on_Life_Cycle.mp4,16560,ISLRTC,src=C/Classification_Based_on_Life_Cycle.mp4
classification_based_on_season,classification based on season,4,https://drive.google.com/drive/folders/1U-Pr4r1-cupgNOOq9NH_uTsQnPSVEKco,data/_source/isl_dictionary/C/Classification_Based_on_Season.mp4,13280,ISLRTC,src=C/Classification_Based_on_Season.mp4
classification_based_on_the_transplanting_capacity,classification based on the transplanting capacity,6,https://drive.google.com/drive/folders/1U-Pr4r1-cupgNOOq9NH_uTsQnPSVEKco,data/_source/isl_dictionary/C/Classification_Based_on_the_Transplanting_Capacity.mp4,13200,ISLRTC,src=C/Classification_Based_on_the_Transplanting_Capacity.mp4
classification_of_annuals_flower_plant,classification of annuals flower plant,5,https://drive.google.com/drive/folders/1U-Pr4r1-cupgNOOq9NH_uTsQnPSVEKco,data/_source/isl_dictionary/C/Classification_of_Annuals_Flower_Plant.mp4,16960,ISLRTC,src=C/Classification_of_Annuals_Flower_Plant.mp4
classification_of_fungus,classification of fungus,3,https://drive.google.com/drive/folders/1U-Pr4r1-cupgNOOq9NH_uTsQnPSVEKco,data/_source/isl_dictionary/C/Classification_of_Fungus.mp4,8680,ISLRTC,src=C/Classification_of_Fungus.mp4
classification_of_hedges,classification of hedges,3,https://drive.google.com/drive/folders/1U-Pr4r1-cupgNOOq9NH_uTsQnPSVEKco,data/_source/isl_dictionary/C/Classification_of_Hedges.mp4,10240,ISLRTC,src=C/Classification_of_Hedges.mp4
classification_of_plant_disseases,classification of plant disseases,4,https://drive.google.com/drive/folders/1U-Pr4r1-cupgNOOq9NH_uTsQnPSVEKco,data/_source/isl_dictionary/C/Classification_of_Plant_Disseases.mp4,20960,ISLRTC,src=C/Classification_of_Plant_Disseases.mp4
classification_of_poultry_diseases,classification of poultry diseases,4,https://drive.google.com/drive/folders/1U-Pr4r1-cupgNOOq9NH_uTsQnPSVEKco,data/_source/isl_dictionary/C/Classification_of_Poultry_Diseases.mp4,9583,ISLRTC,src=C/Classification_of_Poultry_Diseases.mp4
classification_of_poultry_feeds,classification of poultry feeds,4,https://drive.google.com/drive/folders/1U-Pr4r1-cupgNOOq9NH_uTsQnPSVEKco,data/_source/isl_dictionary/C/Classification_of_Poultry_Feeds.mp4,14417,ISLRTC,src=C/Classification_of_Poultry_Feeds.mp4
classification_of_shrubs,classification of shrubs,3,https://drive.google.com/drive/folders/1U-Pr4r1-cupgNOOq9NH_uTsQnPSVEKco,data/_source/isl_dictionary/C/Classification_of_Shrubs.mp4,8480,ISLRTC,src=C/Classification_of_Shrubs.mp4
classification_of_vegetables,classification of vegetables,3,https://drive.google.com/drive/folders/1U-Pr4r1-cupgNOOq9NH_uTsQnPSVEKco,data/_source/isl_dictionary/C/Classification_of_Vegetables.mp4,8320,ISLRTC,src=C/Classification_of_Vegetables.mp4
clay_soil_weeds,clay soil weeds,3,https://drive.google.com/drive/folders/1U-Pr4r1-cupgNOOq9NH_uTsQnPSVEKco,data/_source/isl_dictionary/C/Clay_Soil_Weeds.mp4,24417,ISLRTC,src=C/Clay_Soil_Weeds.mp4
clean,clean,1,https://drive.google.com/drive/folders/1U-Pr4r1-cupgNOOq9NH_uTsQnPSVEKco,data/_source/isl_dictionary/C/Clean_Tidy.mp4,4800,ISLRTC,alias of 'clean tidy': dictionary files both words under one sign
clean_tidy,clean tidy,2,https://drive.google.com/drive/folders/1U-Pr4r1-cupgNOOq9NH_uTsQnPSVEKco,data/_source/isl_dictionary/C/Clean_Tidy.mp4,4800,ISLRTC,src=C/Clean_Tidy.mp4
clear,clear,1,https://drive.google.com/drive/folders/1U-Pr4r1-cupgNOOq9NH_uTsQnPSVEKco,data/_source/isl_dictionary/C/Clear.mp4,4320,ISLRTC,src=C/Clear.mp4; 1 other variant(s)
clearing_and_matching,clearing and matching,3,https://drive.google.com/drive/folders/1U-Pr4r1-cupgNOOq9NH_uTsQnPSVEKco,data/_source/isl_dictionary/C/Clearing_and_matching.mp4,25379,ISLRTC,src=C/Clearing_and_matching.mp4
click,click,1,https://drive.google.com/drive/folders/1U-Pr4r1-cupgNOOq9NH_uTsQnPSVEKco,data/_source/isl_dictionary/C/Click_(Dolphin).mp4,9320,ISLRTC,src=C/Click_(Dolphin).mp4
climbers,climbers,1,https://drive.google.com/drive/folders/1U-Pr4r1-cupgNOOq9NH_uTsQnPSVEKco,data/_source/isl_dictionary/C/Climbers.mp4,20120,ISLRTC,src=C/Climbers.mp4
climbing_weeds,climbing weeds,2,https://drive.google.com/drive/folders/1U-Pr4r1-cupgNOOq9NH_uTsQnPSVEKco,data/_source/isl_dictionary/C/Climbing_Weeds.mp4,27208,ISLRTC,src=C/Climbing_Weeds.mp4
clinical_skills,clinical skills,2,https://drive.google.com/drive/folders/1U-Pr4r1-cupgNOOq9NH_uTsQnPSVEKco,data/_source/isl_dictionary/MHSL - 259/Clinical_skills.mp4,22122,ISLRTC,src=MHSL - 259/Clinical_skills.mp4
clock,clock,1,https://drive.google.com/drive/folders/1U-Pr4r1-cupgNOOq9NH_uTsQnPSVEKco,data/_source/isl_dictionary/C/Clock.mp4,4120,ISLRTC,src=C/Clock.mp4
close,close,1,https://drive.google.com/drive/folders/1U-Pr4r1-cupgNOOq9NH_uTsQnPSVEKco,data/_source/isl_dictionary/C/Close.mp4,4640,ISLRTC,src=C/Close.mp4
close_up,close up,2,https://drive.google.com/drive/folders/1U-Pr4r1-cupgNOOq9NH_uTsQnPSVEKco,data/_source/isl_dictionary/C/Close_up.mp4,7583,ISLRTC,src=C/Close_up.mp4
cloud_recording,cloud recording,2,https://drive.google.com/drive/folders/1U-Pr4r1-cupgNOOq9NH_uTsQnPSVEKco,data/_source/isl_dictionary/C/Cloud_Recording.mp4,20480,ISLRTC,src=C/Cloud_Recording.mp4
cloudiness,cloudiness,1,https://drive.google.com/drive/folders/1U-Pr4r1-cupgNOOq9NH_uTsQnPSVEKco,data/_source/isl_dictionary/C/Cloudiness.mp4,11125,ISLRTC,src=C/Cloudiness.mp4
club,club,1,https://drive.google.com/drive/folders/1U-Pr4r1-cupgNOOq9NH_uTsQnPSVEKco,data/_source/isl_dictionary/C/Club.mp4,3920,ISLRTC,src=C/Club.mp4; 1 other variant(s)
clubs,clubs,1,https://drive.google.com/drive/folders/1U-Pr4r1-cupgNOOq9NH_uTsQnPSVEKco,data/_source/isl_dictionary/New 2500 ISL Dictionary Videos/Yunikee 2/English/Clubs.mp4,15667,ISLRTC,src=New 2500 ISL Dictionary Videos/Yunikee 2/English/Clubs.mp4
cock_erels,cock erels,2,https://drive.google.com/drive/folders/1U-Pr4r1-cupgNOOq9NH_uTsQnPSVEKco,data/_source/isl_dictionary/C/Cock_erels.mp4,10083,ISLRTC,src=C/Cock_erels.mp4
coffee,coffee,1,https://drive.google.com/drive/folders/1U-Pr4r1-cupgNOOq9NH_uTsQnPSVEKco,data/_source/isl_dictionary/C/Coffee.mp4,4160,ISLRTC,src=C/Coffee.mp4
coffee_rust,coffee rust,2,https://drive.google.com/drive/folders/1U-Pr4r1-cupgNOOq9NH_uTsQnPSVEKco,data/_source/isl_dictionary/C/Coffee_Rust.mp4,14400,ISLRTC,src=C/Coffee_Rust.mp4
coimbatore,coimbatore,1,https://drive.google.com/drive/folders/1U-Pr4r1-cupgNOOq9NH_uTsQnPSVEKco,data/_source/isl_dictionary/C/Coimbatore.mp4,3320,ISLRTC,src=C/Coimbatore.mp4
cold,cold,1,https://drive.google.com/drive/folders/1U-Pr4r1-cupgNOOq9NH_uTsQnPSVEKco,data/_source/isl_dictionary/C/Cold.mp4,3560,ISLRTC,src=C/Cold.mp4
collect,collect,1,https://drive.google.com/drive/folders/1U-Pr4r1-cupgNOOq9NH_uTsQnPSVEKco,data/_source/isl_dictionary/C/Collect.mp4,5200,ISLRTC,src=C/Collect.mp4
college,college,1,https://drive.google.com/drive/folders/1U-Pr4r1-cupgNOOq9NH_uTsQnPSVEKco,data/_source/isl_dictionary/C/College.mp4,5160,ISLRTC,src=C/College.mp4
colon,colon,1,https://drive.google.com/drive/folders/1U-Pr4r1-cupgNOOq9NH_uTsQnPSVEKco,data/_source/isl_dictionary/C/Colon.mp4,3667,ISLRTC,src=C/Colon.mp4
colony_of_honey_bee,colony of honey bee,4,https://drive.google.com/drive/folders/1U-Pr4r1-cupgNOOq9NH_uTsQnPSVEKco,data/_source/isl_dictionary/C/Colony_of_honey_bee.mp4,19208,ISLRTC,src=C/Colony_of_honey_bee.mp4
colostrum,colostrum,1,https://drive.google.com/drive/folders/1U-Pr4r1-cupgNOOq9NH_uTsQnPSVEKco,data/_source/isl_dictionary/C/Colostrum.mp4,21125,ISLRTC,src=C/Colostrum.mp4
colour,colour,1,https://drive.google.com/drive/folders/1U-Pr4r1-cupgNOOq9NH_uTsQnPSVEKco,data/_source/isl_dictionary/C/Colour.mp4,2763,ISLRTC,src=C/Colour.mp4; 1 other variant(s)
coloured_follage_shrubs,coloured follage shrubs,3,https://drive.google.com/drive/folders/1U-Pr4r1-cupgNOOq9NH_uTsQnPSVEKco,data/_source/isl_dictionary/C/Coloured_Follage_Shrubs.mp4,9040,ISLRTC,src=C/Coloured_Follage_Shrubs.mp4
colours,colours,1,https://drive.google.com/drive/folders/1U-Pr4r1-cupgNOOq9NH_uTsQnPSVEKco,data/_source/isl_dictionary/C/Colours_(Mumbai_Maharashtra).mp4,20410,ISLRTC,src=C/Colours_(Mumbai_Maharashtra).mp4; 1 other variant(s)
column,column,1,https://drive.google.com/drive/folders/1U-Pr4r1-cupgNOOq9NH_uTsQnPSVEKco,data/_source/isl_dictionary/C/Column.mp4,18240,ISLRTC,src=C/Column.mp4
come,come,1,https://drive.google.com/drive/folders/1U-Pr4r1-cupgNOOq9NH_uTsQnPSVEKco,data/_source/isl_dictionary/C/Come_(Sign_2).mp4,2640,ISLRTC,src=C/Come_(Sign_2).mp4
commas,commas,1,https://drive.google.com/drive/folders/1U-Pr4r1-cupgNOOq9NH_uTsQnPSVEKco,data/_source/isl_dictionary/C/Commas.mp4,4542,ISLRTC,src=C/Commas.mp4
commerce,commerce,1,https://drive.google.com/drive/folders/1U-Pr4r1-cupgNOOq9NH_uTsQnPSVEKco,data/_source/isl_dictionary/C/Commerce.mp4,4080,ISLRTC,src=C/Commerce.mp4
commercial,commercial,1,https://drive.google.com/drive/folders/1U-Pr4r1-cupgNOOq9NH_uTsQnPSVEKco,data/_source/isl_dictionary/C/Commercial.mp4,4833,ISLRTC,src=C/Commercial.mp4
commercial_vegetable_gardening,commercial vegetable gardening,3,https://drive.google.com/drive/folders/1U-Pr4r1-cupgNOOq9NH_uTsQnPSVEKco,data/_source/isl_dictionary/C/Commercial_Vegetable_Gardening.mp4,8240,ISLRTC,src=C/Commercial_Vegetable_Gardening.mp4
committee,committee,1,https://drive.google.com/drive/folders/1U-Pr4r1-cupgNOOq9NH_uTsQnPSVEKco,data/_source/isl_dictionary/C/Committee.mp4,3840,ISLRTC,src=C/Committee.mp4
common,common,1,https://drive.google.com/drive/folders/1U-Pr4r1-cupgNOOq9NH_uTsQnPSVEKco,data/_source/isl_dictionary/C/Common.mp4,4280,ISLRTC,src=C/Common.mp4
common_cold,common cold,2,https://drive.google.com/drive/folders/1U-Pr4r1-cupgNOOq9NH_uTsQnPSVEKco,data/_source/isl_dictionary/C/Common_Cold.mp4,2680,ISLRTC,src=C/Common_Cold.mp4
community,community,1,https://drive.google.com/drive/folders/1U-Pr4r1-cupgNOOq9NH_uTsQnPSVEKco,data/_source/isl_dictionary/C/Community.mp4,4880,ISLRTC,src=C/Community.mp4
company,company,1,https://drive.google.com/drive/folders/1U-Pr4r1-cupgNOOq9NH_uTsQnPSVEKco,data/_source/isl_dictionary/C/Company.mp4,4240,ISLRTC,src=C/Company.mp4; 1 other variant(s)
company_secretary,company secretary,2,https://drive.google.com/drive/folders/1U-Pr4r1-cupgNOOq9NH_uTsQnPSVEKco,data/_source/isl_dictionary/C/Company_Secretary.mp4,5808,ISLRTC,src=C/Company_Secretary.mp4
compare,compare,1,https://drive.google.com/drive/folders/1U-Pr4r1-cupgNOOq9NH_uTsQnPSVEKco,data/_source/isl_dictionary/C/Compare.mp4,3480,ISLRTC,src=C/Compare.mp4
compass_surveying,compass surveying,2,https://drive.google.com/drive/folders/1U-Pr4r1-cupgNOOq9NH_uTsQnPSVEKco,data/_source/isl_dictionary/C/Compass_Surveying.mp4,12500,ISLRTC,src=C/Compass_Surveying.mp4
competition,competition,1,https://drive.google.com/drive/folders/1U-Pr4r1-cupgNOOq9NH_uTsQnPSVEKco,data/_source/isl_dictionary/C/Competition.mp4,5400,ISLRTC,src=C/Competition.mp4
compliments,compliments,1,https://drive.google.com/drive/folders/1U-Pr4r1-cupgNOOq9NH_uTsQnPSVEKco,data/_source/isl_dictionary/MHSL - 259/Compliments.mp4,24682,ISLRTC,src=MHSL - 259/Compliments.mp4
composition_of_milk,composition of milk,3,https://drive.google.com/drive/folders/1U-Pr4r1-cupgNOOq9NH_uTsQnPSVEKco,data/_source/isl_dictionary/C/Composition_of_Milk.mp4,5292,ISLRTC,src=C/Composition_of_Milk.mp4
comprehend,comprehend,1,https://drive.google.com/drive/folders/1U-Pr4r1-cupgNOOq9NH_uTsQnPSVEKco,data/_source/isl_dictionary/U/Understand_Comprehend.mp4,3040,ISLRTC,alias of 'understand comprehend': dictionary files both words under one sign
computer,computer,1,https://drive.google.com/drive/folders/1U-Pr4r1-cupgNOOq9NH_uTsQnPSVEKco,data/_source/isl_dictionary/C/Computer.mp4,3720,ISLRTC,src=C/Computer.mp4
computing,computing,1,https://drive.google.com/drive/folders/1U-Pr4r1-cupgNOOq9NH_uTsQnPSVEKco,data/_source/isl_dictionary/C/Computing.mp4,12333,ISLRTC,src=C/Computing.mp4
concept,concept,1,https://drive.google.com/drive/folders/1U-Pr4r1-cupgNOOq9NH_uTsQnPSVEKco,data/_source/isl_dictionary/C/Concept.mp4,3440,ISLRTC,src=C/Concept.mp4
conference,conference,1,https://drive.google.com/drive/folders/1U-Pr4r1-cupgNOOq9NH_uTsQnPSVEKco,data/_source/isl_dictionary/C/Conference.mp4,4160,ISLRTC,src=C/Conference.mp4; 1 other variant(s)
conical_flask,conical flask,2,https://drive.google.com/drive/folders/1U-Pr4r1-cupgNOOq9NH_uTsQnPSVEKco,data/_source/isl_dictionary/C/Conical_Flask.mp4,3240,ISLRTC,src=C/Conical_Flask.mp4
constitution,constitution,1,https://drive.google.com/drive/folders/1U-Pr4r1-cupgNOOq9NH_uTsQnPSVEKco,data/_source/isl_dictionary/C/Constitution_(Sign_2).mp4,28542,ISLRTC,src=C/Constitution_(Sign_2).mp4
construction,construction,1,https://drive.google.com/drive/folders/1U-Pr4r1-cupgNOOq9NH_uTsQnPSVEKco,data/_source/isl_dictionary/C/Construction.mp4,4160,ISLRTC,src=C/Construction.mp4
consultation,consultation,1,https://drive.google.com/drive/folders/1U-Pr4r1-cupgNOOq9NH_uTsQnPSVEKco,data/_source/isl_dictionary/MHSL - 259/Consultation.mp4,19136,ISLRTC,src=MHSL - 259/Consultation.mp4
consumer,consumer,1,https://drive.google.com/drive/folders/1U-Pr4r1-cupgNOOq9NH_uTsQnPSVEKco,data/_source/isl_dictionary/C/Consumer.mp4,11320,ISLRTC,src=C/Consumer.mp4; 1 other variant(s)
contain,contain,1,https://drive.google.com/drive/folders/1U-Pr4r1-cupgNOOq9NH_uTsQnPSVEKco,data/_source/isl_dictionary/New 2500 ISL Dictionary Videos/BCS/Contain - English.mp4,13540,ISLRTC,src=New 2500 ISL Dictionary Videos/BCS/Contain - English.mp4
contemplate,contemplate,1,https://drive.google.com/drive/folders/1U-Pr4r1-cupgNOOq9NH_uTsQnPSVEKco,data/_source/isl_dictionary/T/Think_Contemplate_Ponder.mp4,3400,ISLRTC,alias of 'think contemplate ponder': dictionary files three synonyms under one sign
contour_bund,contour bund,2,https://drive.google.com/drive/folders/1U-Pr4r1-cupgNOOq9NH_uTsQnPSVEKco,data/_source/isl_dictionary/C/Contour_Bund.mp4,15792,ISLRTC,src=C/Contour_Bund.mp4
contour_cropping,contour cropping,2,https://drive.google.com/drive/folders/1U-Pr4r1-cupgNOOq9NH_uTsQnPSVEKco,data/_source/isl_dictionary/C/Contour_Cropping.mp4,18440,ISLRTC,src=C/Contour_Cropping.mp4
contracts,contracts,1,https://drive.google.com/drive/folders/1U-Pr4r1-cupgNOOq9NH_uTsQnPSVEKco,data/_source/isl_dictionary/C/Contracts.mp4,23125,ISLRTC,src=C/Contracts.mp4
convention,convention,1,https://drive.google.com/drive/folders/1U-Pr4r1-cupgNOOq9NH_uTsQnPSVEKco,data/_source/isl_dictionary/New 2500 ISL Dictionary Videos/Yunikee 2/English/Convention.mp4,25920,ISLRTC,src=New 2500 ISL Dictionary Videos/Yunikee 2/English/Convention.mp4
cook,cook,1,https://drive.google.com/drive/folders/1U-Pr4r1-cupgNOOq9NH_uTsQnPSVEKco,data/_source/isl_dictionary/C/Cook.mp4,4960,ISLRTC,src=C/Cook.mp4
cool,cool,1,https://drive.google.com/drive/folders/1U-Pr4r1-cupgNOOq9NH_uTsQnPSVEKco,data/_source/isl_dictionary/C/Cool.mp4,3640,ISLRTC,src=C/Cool.mp4
coopertive_selling,coopertive selling,2,https://drive.google.com/drive/folders/1U-Pr4r1-cupgNOOq9NH_uTsQnPSVEKco,data/_source/isl_dictionary/C/Coopertive_Selling.mp4,19080,ISLRTC,src=C/Coopertive_Selling.mp4
coping,coping,1,https://drive.google.com/drive/folders/1U-Pr4r1-cupgNOOq9NH_uTsQnPSVEKco,data/_source/isl_dictionary/MHSL - 259/Coping.mp4,27093,ISLRTC,src=MHSL - 259/Coping.mp4
copper,copper,1,https://drive.google.com/drive/folders/1U-Pr4r1-cupgNOOq9NH_uTsQnPSVEKco,data/_source/isl_dictionary/C/Copper.mp4,5400,ISLRTC,src=C/Copper.mp4; 1 other variant(s)
copy,copy,1,https://drive.google.com/drive/folders/1U-Pr4r1-cupgNOOq9NH_uTsQnPSVEKco,data/_source/isl_dictionary/C/Copy.mp4,7200,ISLRTC,src=C/Copy.mp4
corner,corner,1,https://drive.google.com/drive/folders/1U-Pr4r1-cupgNOOq9NH_uTsQnPSVEKco,data/_source/isl_dictionary/C/Corner.mp4,3880,ISLRTC,src=C/Corner.mp4
corporate_bond,corporate bond,2,https://drive.google.com/drive/folders/1U-Pr4r1-cupgNOOq9NH_uTsQnPSVEKco,data/_source/isl_dictionary/C/Corporate_Bond.mp4,29489,ISLRTC,src=C/Corporate_Bond.mp4
corporates_corporations,corporates corporations,2,https://drive.google.com/drive/folders/1U-Pr4r1-cupgNOOq9NH_uTsQnPSVEKco,data/_source/isl_dictionary/C/Corporates_Corporations.mp4,28560,ISLRTC,src=C/Corporates_Corporations.mp4
correct,correct,1,https://drive.google.com/drive/folders/1U-Pr4r1-cupgNOOq9NH_uTsQnPSVEKco,data/_source/isl_dictionary/C/Correct.mp4,3880,ISLRTC,src=C/Correct.mp4
cost,cost,1,https://drive.google.com/drive/folders/1U-Pr4r1-cupgNOOq9NH_uTsQnPSVEKco,data/_source/isl_dictionary/C/Cost.mp4,3833,ISLRTC,src=C/Cost.mp4
counselling,counselling,1,https://drive.google.com/drive/folders/1U-Pr4r1-cupgNOOq9NH_uTsQnPSVEKco,data/_source/isl_dictionary/MHSL - 259/Counselling.mp4,13653,ISLRTC,src=MHSL - 259/Counselling.mp4
country,country,1,https://drive.google.com/drive/folders/1U-Pr4r1-cupgNOOq9NH_uTsQnPSVEKco,data/_source/isl_dictionary/C/Country.mp4,6040,ISLRTC,src=C/Country.mp4
coupled,coupled,1,https://drive.google.com/drive/folders/1U-Pr4r1-cupgNOOq9NH_uTsQnPSVEKco,data/_source/isl_dictionary/C/Coupled.mp4,5500,ISLRTC,src=C/Coupled.mp4
coupon_rate,coupon rate,2,https://drive.google.com/drive/folders/1U-Pr4r1-cupgNOOq9NH_uTsQnPSVEKco,data/_source/isl_dictionary/C/Coupon_Rate.mp4,25170,ISLRTC,src=C/Coupon_Rate.mp4
court,court,1,https://drive.google.com/drive/folders/1U-Pr4r1-cupgNOOq9NH_uTsQnPSVEKco,data/_source/isl_dictionary/C/Court.mp4,5200,ISLRTC,src=C/Court.mp4; 1 other variant(s)
cover,cover,1,https://drive.google.com/drive/folders/1U-Pr4r1-cupgNOOq9NH_uTsQnPSVEKco,data/_source/isl_dictionary/New 2500 ISL Dictionary Videos/Yunikee 1/New English/Cover.mp4,13880,ISLRTC,src=New 2500 ISL Dictionary Videos/Yunikee 1/New English/Cover.mp4
coverage,coverage,1,https://drive.google.com/drive/folders/1U-Pr4r1-cupgNOOq9NH_uTsQnPSVEKco,data/_source/isl_dictionary/C/Coverage_(Financial_Term).mp4,29184,ISLRTC,src=C/Coverage_(Financial_Term).mp4
cpr,cpr,1,https://drive.google.com/drive/folders/1U-Pr4r1-cupgNOOq9NH_uTsQnPSVEKco,data/_source/isl_dictionary/New 2500 ISL Dictionary Videos/BCS/CPR (Cardiopulmonary Resuscitation) - English.mp4,23640,ISLRTC,src=New 2500 ISL Dictionary Videos/BCS/CPR (Cardiopulmonary Resuscitation) - English.mp4
cream,cream,1,https://drive.google.com/drive/folders/1U-Pr4r1-cupgNOOq9NH_uTsQnPSVEKco,data/_source/isl_dictionary/C/Cream.mp4,7667,ISLRTC,src=C/Cream.mp4
creche,creche,1,https://drive.google.com/drive/folders/1U-Pr4r1-cupgNOOq9NH_uTsQnPSVEKco,data/_derived/h264/C/Creche_(Academic).mp4,29930,ISLRTC,src=C/Creche_(Academic).mp4; transcoded from hevc
credit_default_swap,credit default swap,3,https://drive.google.com/drive/folders/1U-Pr4r1-cupgNOOq9NH_uTsQnPSVEKco,data/_source/isl_dictionary/C/Credit_default_swap.mp4,28514,ISLRTC,src=C/Credit_default_swap.mp4
creeping_weeds,creeping weeds,2,https://drive.google.com/drive/folders/1U-Pr4r1-cupgNOOq9NH_uTsQnPSVEKco,data/_source/isl_dictionary/C/Creeping_Weeds.mp4,20417,ISLRTC,src=C/Creeping_Weeds.mp4
criminal,criminal,1,https://drive.google.com/drive/folders/1U-Pr4r1-cupgNOOq9NH_uTsQnPSVEKco,data/_source/isl_dictionary/C/Criminal.mp4,12144,ISLRTC,src=C/Criminal.mp4
critical,critical,1,https://drive.google.com/drive/folders/1U-Pr4r1-cupgNOOq9NH_uTsQnPSVEKco,data/_source/isl_dictionary/MHSL - 259/Critical.mp4,29162,ISLRTC,src=MHSL - 259/Critical.mp4
crop_geography,crop geography,2,https://drive.google.com/drive/folders/1U-Pr4r1-cupgNOOq9NH_uTsQnPSVEKco,data/_source/isl_dictionary/C/Crop_Geography.mp4,23920,ISLRTC,src=C/Crop_Geography.mp4
cropping_scheme,cropping scheme,2,https://drive.google.com/drive/folders/1U-Pr4r1-cupgNOOq9NH_uTsQnPSVEKco,data/_source/isl_dictionary/C/Cropping_Scheme.mp4,24640,ISLRTC,src=C/Cropping_Scheme.mp4
cross,cross,1,https://drive.google.com/drive/folders/1U-Pr4r1-cupgNOOq9NH_uTsQnPSVEKco,data/_source/isl_dictionary/C/Cross.mp4,6760,ISLRTC,src=C/Cross.mp4; 1 other variant(s)
crutches,crutches,1,https://drive.google.com/drive/folders/1U-Pr4r1-cupgNOOq9NH_uTsQnPSVEKco,data/_source/isl_dictionary/C/Crutches.mp4,5920,ISLRTC,src=C/Crutches.mp4
cultivated_land_weeds,cultivated land weeds,3,https://drive.google.com/drive/folders/1U-Pr4r1-cupgNOOq9NH_uTsQnPSVEKco,data/_source/isl_dictionary/C/Cultivated_Land_Weeds.mp4,25720,ISLRTC,src=C/Cultivated_Land_Weeds.mp4
cultivators,cultivators,1,https://drive.google.com/drive/folders/1U-Pr4r1-cupgNOOq9NH_uTsQnPSVEKco,data/_source/isl_dictionary/C/Cultivators.mp4,6708,ISLRTC,src=C/Cultivators.mp4
culture,culture,1,https://drive.google.com/drive/folders/1U-Pr4r1-cupgNOOq9NH_uTsQnPSVEKco,data/_source/isl_dictionary/C/Culture_(Sign_2).mp4,15833,ISLRTC,src=C/Culture_(Sign_2).mp4
cum_bonus,cum bonus,2,https://drive.google.com/drive/folders/1U-Pr4r1-cupgNOOq9NH_uTsQnPSVEKco,data/_source/isl_dictionary/C/Cum_Bonus.mp4,28351,ISLRTC,src=C/Cum_Bonus.mp4
cumulative_interest,cumulative interest,2,https://drive.google.com/drive/folders/1U-Pr4r1-cupgNOOq9NH_uTsQnPSVEKco,data/_source/isl_dictionary/C/Cumulative_Interest.mp4,26889,ISLRTC,src=C/Cumulative_Interest.mp4
cup,cup,1,https://drive.google.com/drive/folders/1U-Pr4r1-cupgNOOq9NH_uTsQnPSVEKco,data/_source/isl_dictionary/C/Cup.mp4,3520,ISLRTC,src=C/Cup.mp4
curd,curd,1,https://drive.google.com/drive/folders/1U-Pr4r1-cupgNOOq9NH_uTsQnPSVEKco,data/_source/isl_dictionary/C/Curd.mp4,4133,ISLRTC,src=C/Curd.mp4
cure,cure,1,https://drive.google.com/drive/folders/1U-Pr4r1-cupgNOOq9NH_uTsQnPSVEKco,data/_source/isl_dictionary/C/Cure.mp4,4240,ISLRTC,src=C/Cure.mp4
curious,curious,1,https://drive.google.com/drive/folders/1U-Pr4r1-cupgNOOq9NH_uTsQnPSVEKco,data/_source/isl_dictionary/C/Curious.mp4,8127,ISLRTC,src=C/Curious.mp4
current,current,1,https://drive.google.com/drive/folders/1U-Pr4r1-cupgNOOq9NH_uTsQnPSVEKco,data/_source/isl_dictionary/C/Current.mp4,5360,ISLRTC,src=C/Current.mp4
current_account,current account,2,https://drive.google.com/drive/folders/1U-Pr4r1-cupgNOOq9NH_uTsQnPSVEKco,data/_source/isl_dictionary/C/Current_Account (1).mp4,28282,ISLRTC,src=C/Current_Account (1).mp4
current_assets,current assets,2,https://drive.google.com/drive/folders/1U-Pr4r1-cupgNOOq9NH_uTsQnPSVEKco,data/_source/isl_dictionary/C/Current_Assets.mp4,26417,ISLRTC,src=C/Current_Assets.mp4
current_price,current price,2,https://drive.google.com/drive/folders/1U-Pr4r1-cupgNOOq9NH_uTsQnPSVEKco,data/_source/isl_dictionary/C/Current_price.mp4,23173,ISLRTC,src=C/Current_price.mp4
custody,custody,1,https://drive.google.com/drive/folders/1U-Pr4r1-cupgNOOq9NH_uTsQnPSVEKco,data/_source/isl_dictionary/C/Custody_(Child).mp4,16280,ISLRTC,src=C/Custody_(Child).mp4
customer,customer,1,https://drive.google.com/drive/folders/1U-Pr4r1-cupgNOOq9NH_uTsQnPSVEKco,data/_source/isl_dictionary/C/Customer.mp4,17360,ISLRTC,src=C/Customer.mp4
customer_client,customer client,2,https://drive.google.com/drive/folders/1U-Pr4r1-cupgNOOq9NH_uTsQnPSVEKco,data/_source/isl_dictionary/C/Customer_Client.mp4,13607,ISLRTC,src=C/Customer_Client.mp4
cut,cut,1,https://drive.google.com/drive/folders/1U-Pr4r1-cupgNOOq9NH_uTsQnPSVEKco,data/_source/isl_dictionary/C/Cut.mp4,2800,ISLRTC,src=C/Cut.mp4; 1 other variant(s)
cycle,cycle,1,https://drive.google.com/drive/folders/1U-Pr4r1-cupgNOOq9NH_uTsQnPSVEKco,data/_source/isl_dictionary/C/Cycle.mp4,3880,ISLRTC,src=C/Cycle.mp4
daily_everyday,daily everyday,2,https://drive.google.com/drive/folders/1U-Pr4r1-cupgNOOq9NH_uTsQnPSVEKco,data/_source/isl_dictionary/D/Daily_Everyday.mp4,3924,ISLRTC,src=D/Daily_Everyday.mp4
dairy_farm_record,dairy farm record,3,https://drive.google.com/drive/folders/1U-Pr4r1-cupgNOOq9NH_uTsQnPSVEKco,data/_source/isl_dictionary/D/Dairy_Farm_Record.mp4,9125,ISLRTC,src=D/Dairy_Farm_Record.mp4
dairy_products,dairy products,2,https://drive.google.com/drive/folders/1U-Pr4r1-cupgNOOq9NH_uTsQnPSVEKco,data/_source/isl_dictionary/D/Dairy_Products_(Sign_2).mp4,4840,ISLRTC,src=D/Dairy_Products_(Sign_2).mp4
dak,dak,1,https://drive.google.com/drive/folders/1U-Pr4r1-cupgNOOq9NH_uTsQnPSVEKco,data/_source/isl_dictionary/D/Dak.mp4,23840,ISLRTC,src=D/Dak.mp4
dammer_bee,dammer bee,2,https://drive.google.com/drive/folders/1U-Pr4r1-cupgNOOq9NH_uTsQnPSVEKco,data/_source/isl_dictionary/D/Dammer_Bee_(Melipona_Sp).mp4,22000,ISLRTC,src=D/Dammer_Bee_(Melipona_Sp).mp4
damp,damp,1,https://drive.google.com/drive/folders/1U-Pr4r1-cupgNOOq9NH_uTsQnPSVEKco,data/_source/isl_dictionary/D/Damp.mp4,16125,ISLRTC,src=D/Damp.mp4
damp_proofing_material,damp proofing material,3,https://drive.google.com/drive/folders/1U-Pr4r1-cupgNOOq9NH_uTsQnPSVEKco,data/_source/isl_dictionary/D/Damp_Proofing_Material.mp4,12208,ISLRTC,src=D/Damp_Proofing_Material.mp4
dance,dance,1,https://drive.google.com/drive/folders/1U-Pr4r1-cupgNOOq9NH_uTsQnPSVEKco,data/_source/isl_dictionary/D/Dance.mp4,3520,ISLRTC,src=D/Dance.mp4
dandruff,dandruff,1,https://drive.google.com/drive/folders/1U-Pr4r1-cupgNOOq9NH_uTsQnPSVEKco,data/_source/isl_dictionary/D/Dandruff.mp4,11458,ISLRTC,src=D/Dandruff.mp4; 1 other variant(s)
dare_be_brave_enough_have_courage,dare be brave enough have courage,6,https://drive.google.com/drive/folders/1U-Pr4r1-cupgNOOq9NH_uTsQnPSVEKco,data/_source/isl_dictionary/D/Dare_Be_Brave_Enough_Have_Courage.mp4,4833,ISLRTC,src=D/Dare_Be_Brave_Enough_Have_Courage.mp4
dare_brave,dare brave,2,https://drive.google.com/drive/folders/1U-Pr4r1-cupgNOOq9NH_uTsQnPSVEKco,data/_source/isl_dictionary/D/Dare_Brave.mp4,3160,ISLRTC,src=D/Dare_Brave.mp4
dare_challenge,dare challenge,2,https://drive.google.com/drive/folders/1U-Pr4r1-cupgNOOq9NH_uTsQnPSVEKco,data/_source/isl_dictionary/D/Dare_Challenge.mp4,2542,ISLRTC,src=D/Dare_Challenge.mp4; 2 other variant(s)
dare_challenge_provoke,dare challenge provoke,3,https://drive.google.com/drive/folders/1U-Pr4r1-cupgNOOq9NH_uTsQnPSVEKco,data/_source/isl_dictionary/D/Dare_Challenge_Provoke.mp4,4792,ISLRTC,src=D/Dare_Challenge_Provoke.mp4
dark,dark,1,https://drive.google.com/drive/folders/1U-Pr4r1-cupgNOOq9NH_uTsQnPSVEKco,data/_source/isl_dictionary/D/Dark.mp4,3920,ISLRTC,src=D/Dark.mp4
dartboard,dartboard,1,https://drive.google.com/drive/folders/1U-Pr4r1-cupgNOOq9NH_uTsQnPSVEKco,data/_source/isl_dictionary/D/Dartboard.mp4,5339,ISLRTC,src=D/Dartboard.mp4
darts_munger_bihar,darts munger bihar,3,https://drive.google.com/drive/folders/1U-Pr4r1-cupgNOOq9NH_uTsQnPSVEKco,data/_source/isl_dictionary/D/Darts_Munger_ Bihar.mp4,5689,ISLRTC,src=D/Darts_Munger_ Bihar.mp4
dash,dash,1,https://drive.google.com/drive/folders/1U-Pr4r1-cupgNOOq9NH_uTsQnPSVEKco,data/_source/isl_dictionary/D/Dash_(Sign_2).mp4,6083,ISLRTC,src=D/Dash_(Sign_2).mp4
data,data,1,https://drive.google.com/drive/folders/1U-Pr4r1-cupgNOOq9NH_uTsQnPSVEKco,data/_source/isl_dictionary/D/Data_(Sign_2).mp4,22208,ISLRTC,src=D/Data_(Sign_2).mp4
date,date,1,https://drive.google.com/drive/folders/1U-Pr4r1-cupgNOOq9NH_uTsQnPSVEKco,data/_source/isl_dictionary/D/Date.mp4,5040,ISLRTC,src=D/Date.mp4; 1 other variant(s)
date_of_birth,date of birth,3,https://drive.google.com/drive/folders/1U-Pr4r1-cupgNOOq9NH_uTsQnPSVEKco,data/_source/isl_dictionary/D/Date_of_Birth_(D_O_B).mp4,20833,ISLRTC,src=D/Date_of_Birth_(D_O_B).mp4
datum,datum,1,https://drive.google.com/drive/folders/1U-Pr4r1-cupgNOOq9NH_uTsQnPSVEKco,data/_source/isl_dictionary/D/Datum.mp4,15708,ISLRTC,src=D/Datum.mp4
daughter,daughter,1,https://drive.google.com/drive/folders/1U-Pr4r1-cupgNOOq9NH_uTsQnPSVEKco,data/_source/isl_dictionary/D/Daughter.mp4,4880,ISLRTC,src=D/Daughter.mp4
dawn,dawn,1,https://drive.google.com/drive/folders/1U-Pr4r1-cupgNOOq9NH_uTsQnPSVEKco,data/_source/isl_dictionary/D/Dawn.mp4,7080,ISLRTC,src=D/Dawn.mp4
day,day,1,https://drive.google.com/drive/folders/1U-Pr4r1-cupgNOOq9NH_uTsQnPSVEKco,data/_source/isl_dictionary/D/Day.mp4,3760,ISLRTC,src=D/Day.mp4
daydream,daydream,1,https://drive.google.com/drive/folders/1U-Pr4r1-cupgNOOq9NH_uTsQnPSVEKco,data/_source/isl_dictionary/D/Daydream.mp4,10417,ISLRTC,src=D/Daydream.mp4
dead_load,dead load,2,https://drive.google.com/drive/folders/1U-Pr4r1-cupgNOOq9NH_uTsQnPSVEKco,data/_source/isl_dictionary/D/Dead_Load.mp4,29750,ISLRTC,src=D/Dead_Load.mp4
deadly_weapon,deadly weapon,2,https://drive.google.com/drive/folders/1U-Pr4r1-cupgNOOq9NH_uTsQnPSVEKco,data/_source/isl_dictionary/D/Deadly_Weapon.m4v,14400,ISLRTC,src=D/Deadly_Weapon.m4v
deaf,deaf,1,https://drive.google.com/drive/folders/1U-Pr4r1-cupgNOOq9NH_uTsQnPSVEKco,data/_source/isl_dictionary/D/Deaf.mp4,3360,ISLRTC,src=D/Deaf.mp4
deaf_suppression,deaf suppression,2,https://drive.google.com/drive/folders/1U-Pr4r1-cupgNOOq9NH_uTsQnPSVEKco,data/_source/isl_dictionary/D/Deaf_Suppression.mp4,3125,ISLRTC,src=D/Deaf_Suppression.mp4
deaflympics,deaflympics,1,https://drive.google.com/drive/folders/1U-Pr4r1-cupgNOOq9NH_uTsQnPSVEKco,data/_source/isl_dictionary/D/Deaflympics.mp4,3167,ISLRTC,src=D/Deaflympics.mp4
deal,deal,1,https://drive.google.com/drive/folders/1U-Pr4r1-cupgNOOq9NH_uTsQnPSVEKco,data/_source/isl_dictionary/D/Deal_(Playing_Cards).mp4,5042,ISLRTC,src=D/Deal_(Playing_Cards).mp4
dealers,dealers,1,https://drive.google.com/drive/folders/1U-Pr4r1-cupgNOOq9NH_uTsQnPSVEKco,data/_source/isl_dictionary/D/Dealers.mp4,26688,ISLRTC,src=D/Dealers.mp4
dearness_allowance,dearness allowance,2,https://drive.google.com/drive/folders/1U-Pr4r1-cupgNOOq9NH_uTsQnPSVEKco,data/_source/isl_dictionary/D/Dearness_Allowance_(Da).mp4,22083,ISLRTC,src=D/Dearness_Allowance_(Da).mp4
death_certificate,death certificate,2,https://drive.google.com/drive/folders/1U-Pr4r1-cupgNOOq9NH_uTsQnPSVEKco,data/_source/isl_dictionary/D/Death_Certificate_(Sign_2).mp4,2917,ISLRTC,src=D/Death_Certificate_(Sign_2).mp4; 1 other variant(s)
death_in_service,death in service,3,https://drive.google.com/drive/folders/1U-Pr4r1-cupgNOOq9NH_uTsQnPSVEKco,data/_source/isl_dictionary/D/Death_in_Service.m4v,12920,ISLRTC,src=D/Death_in_Service.m4v
decapitate,decapitate,1,https://drive.google.com/drive/folders/1U-Pr4r1-cupgNOOq9NH_uTsQnPSVEKco,data/_source/isl_dictionary/D/Decapitate.mp4,14708,ISLRTC,src=D/Decapitate.mp4
deceive,deceive,1,https://drive.google.com/drive/folders/1U-Pr4r1-cupgNOOq9NH_uTsQnPSVEKco,data/_source/isl_dictionary/D/Deceive.mp4,5619,ISLRTC,src=D/Deceive.mp4
december,december,1,https://drive.google.com/drive/folders/1U-Pr4r1-cupgNOOq9NH_uTsQnPSVEKco,data/_source/isl_dictionary/D/December.mp4,4000,ISLRTC,src=D/December.mp4
decide,decide,1,https://drive.google.com/drive/folders/1U-Pr4r1-cupgNOOq9NH_uTsQnPSVEKco,data/_source/isl_dictionary/D/Decide.mp4,3640,ISLRTC,src=D/Decide.mp4
decimal,decimal,1,https://drive.google.com/drive/folders/1U-Pr4r1-cupgNOOq9NH_uTsQnPSVEKco,data/_source/isl_dictionary/D/Decimal.mp4,19167,ISLRTC,src=D/Decimal.mp4
deck_pack,deck pack,2,https://drive.google.com/drive/folders/1U-Pr4r1-cupgNOOq9NH_uTsQnPSVEKco,data/_source/isl_dictionary/D/Deck_Pack.mp4,6958,ISLRTC,src=D/Deck_Pack.mp4
decline,decline,1,https://drive.google.com/drive/folders/1U-Pr4r1-cupgNOOq9NH_uTsQnPSVEKco,data/_source/isl_dictionary/D/Decline.mp4,17452,ISLRTC,src=D/Decline.mp4
decline_and_dies_back,decline and dies back,4,https://drive.google.com/drive/folders/1U-Pr4r1-cupgNOOq9NH_uTsQnPSVEKco,data/_source/isl_dictionary/D/Decline_and_Dies_Back.mp4,27440,ISLRTC,src=D/Decline_and_Dies_Back.mp4
deep_breaths,deep breaths,2,https://drive.google.com/drive/folders/1U-Pr4r1-cupgNOOq9NH_uTsQnPSVEKco,data/_source/isl_dictionary/MHSL - 259/Deep_breaths.mp4,20522,ISLRTC,src=MHSL - 259/Deep_breaths.mp4
deep_rooted,deep rooted,2,https://drive.google.com/drive/folders/1U-Pr4r1-cupgNOOq9NH_uTsQnPSVEKco,data/_source/isl_dictionary/D/Deep_Rooted.mp4,12833,ISLRTC,src=D/Deep_Rooted.mp4
deep_sea_fish,deep sea fish,3,https://drive.google.com/drive/folders/1U-Pr4r1-cupgNOOq9NH_uTsQnPSVEKco,data/_source/isl_dictionary/D/Deep_Sea_Fish.mp4,20625,ISLRTC,src=D/Deep_Sea_Fish.mp4
defalcation,defalcation,1,https://drive.google.com/drive/folders/1U-Pr4r1-cupgNOOq9NH_uTsQnPSVEKco,data/_source/isl_dictionary/D/Defalcation.m4v,18280,ISLRTC,src=D/Defalcation.m4v
defend_protect,defend protect,2,https://drive.google.com/drive/folders/1U-Pr4r1-cupgNOOq9NH_uTsQnPSVEKco,data/_source/isl_dictionary/D/Defend_Protect.mp4,4680,ISLRTC,src=D/Defend_Protect.mp4
defraud,defraud,1,https://drive.google.com/drive/folders/1U-Pr4r1-cupgNOOq9NH_uTsQnPSVEKco,data/_source/isl_dictionary/D/Defraud_(Sign_2).mp4,4125,ISLRTC,src=D/Defraud_(Sign_2).mp4
degree,degree,1,https://drive.google.com/drive/folders/1U-Pr4r1-cupgNOOq9NH_uTsQnPSVEKco,data/_source/isl_dictionary/D/Degree_(Sign_2).mp4,4520,ISLRTC,src=D/Degree_(Sign_2).mp4; 1 other variant(s)
degree_celsius,degree celsius,2,https://drive.google.com/drive/folders/1U-Pr4r1-cupgNOOq9NH_uTsQnPSVEKco,data/_source/isl_dictionary/D/Degree_Celsius_(°C).mp4,18917,ISLRTC,src=D/Degree_Celsius_(°C).mp4
dehorning_of_animals,dehorning of animals,3,https://drive.google.com/drive/folders/1U-Pr4r1-cupgNOOq9NH_uTsQnPSVEKco,data/_source/isl_dictionary/D/Dehorning_of_Animals.mp4,15333,ISLRTC,src=D/Dehorning_of_Animals.mp4
dehradun,dehradun,1,https://drive.google.com/drive/folders/1U-Pr4r1-cupgNOOq9NH_uTsQnPSVEKco,data/_source/isl_dictionary/D/Dehradun.mp4,3960,ISLRTC,src=D/Dehradun.mp4
delay,delay,1,https://drive.google.com/drive/folders/1U-Pr4r1-cupgNOOq9NH_uTsQnPSVEKco,data/_source/isl_dictionary/D/Delay.mp4,19042,ISLRTC,src=D/Delay.mp4
delegate,delegate,1,https://drive.google.com/drive/folders/1U-Pr4r1-cupgNOOq9NH_uTsQnPSVEKco,data/_source/isl_dictionary/D/Delegate.mp4,2875,ISLRTC,src=D/Delegate.mp4
delegation,delegation,1,https://drive.google.com/drive/folders/1U-Pr4r1-cupgNOOq9NH_uTsQnPSVEKco,data/_source/isl_dictionary/D/Delegation.mp4,21375,ISLRTC,src=D/Delegation.mp4; 1 other variant(s)
delhi,delhi,1,https://drive.google.com/drive/folders/1U-Pr4r1-cupgNOOq9NH_uTsQnPSVEKco,data/_source/isl_dictionary/D/Delhi.mp4,3960,ISLRTC,src=D/Delhi.mp4
delicious,delicious,1,https://drive.google.com/drive/folders/1U-Pr4r1-cupgNOOq9NH_uTsQnPSVEKco,data/_source/isl_dictionary/D/Delicious_(Sign_2).mp4,16880,ISLRTC,src=D/Delicious_(Sign_2).mp4
delighted_glad_joyful_pleased,delighted glad joyful pleased,4,https://drive.google.com/drive/folders/1U-Pr4r1-cupgNOOq9NH_uTsQnPSVEKco,data/_source/isl_dictionary/D/Delighted_Glad_Joyful_Pleased.mp4,3458,ISLRTC,src=D/Delighted_Glad_Joyful_Pleased.mp4
demand,demand,1,https://drive.google.com/drive/folders/1U-Pr4r1-cupgNOOq9NH_uTsQnPSVEKco,data/_source/isl_dictionary/D/Demand.mp4,4240,ISLRTC,src=D/Demand.mp4
demand_draft,demand draft,2,https://drive.google.com/drive/folders/1U-Pr4r1-cupgNOOq9NH_uTsQnPSVEKco,data/_source/isl_dictionary/D/Demand_Draft_(DD).mp4,5292,ISLRTC,src=D/Demand_Draft_(DD).mp4
demarcation,demarcation,1,https://drive.google.com/drive/folders/1U-Pr4r1-cupgNOOq9NH_uTsQnPSVEKco,data/_source/isl_dictionary/D/Demarcation_(West_Bengal).mp4,9833,ISLRTC,src=D/Demarcation_(West_Bengal).mp4
demise_expiry_passing_away,demise expiry passing away,4,https://drive.google.com/drive/folders/1U-Pr4r1-cupgNOOq9NH_uTsQnPSVEKco,data/_source/isl_dictionary/D/Demise_Expiry_Passing_Away.mp4,3917,ISLRTC,src=D/Demise_Expiry_Passing_Away.mp4
den_lair,den lair,2,https://drive.google.com/drive/folders/1U-Pr4r1-cupgNOOq9NH_uTsQnPSVEKco,data/_source/isl_dictionary/D/Den_Lair.mp4,6625,ISLRTC,src=D/Den_Lair.mp4
denitrification,denitrification,1,https://drive.google.com/drive/folders/1U-Pr4r1-cupgNOOq9NH_uTsQnPSVEKco,data/_source/isl_dictionary/D/Denitrification.mp4,24500,ISLRTC,src=D/Denitrification.mp4
department_of_science_and_technology,department of science and technology,5,https://drive.google.com/drive/folders/1U-Pr4r1-cupgNOOq9NH_uTsQnPSVEKco,data/_source/isl_dictionary/D/Department_of_Science_and_Technology_(DST).mp4,26875,ISLRTC,src=D/Department_of_Science_and_Technology_(DST).mp4
deploy,deploy,1,https://drive.google.com/drive/folders/1U-Pr4r1-cupgNOOq9NH_uTsQnPSVEKco,data/_source/isl_dictionary/D/Deploy.mp4,19333,ISLRTC,src=D/Deploy.mp4; 1 other variant(s)
deposit,deposit,1,https://drive.google.com/drive/folders/1U-Pr4r1-cupgNOOq9NH_uTsQnPSVEKco,data/_source/isl_dictionary/D/Deposit_(Financial_Term).mp4,15650,ISLRTC,src=D/Deposit_(Financial_Term).mp4; 1 other variant(s)
deposit_slip,deposit slip,2,https://drive.google.com/drive/folders/1U-Pr4r1-cupgNOOq9NH_uTsQnPSVEKco,data/_source/isl_dictionary/D/Deposit_Slip.mp4,7208,ISLRTC,src=D/Deposit_Slip.mp4
deposories,deposories,1,https://drive.google.com/drive/folders/1U-Pr4r1-cupgNOOq9NH_uTsQnPSVEKco,data/_source/isl_dictionary/D/Deposories.mp4,21687,ISLRTC,src=D/Deposories.mp4
depth,depth,1,https://drive.google.com/drive/folders/1U-Pr4r1-cupgNOOq9NH_uTsQnPSVEKco,data/_source/isl_dictionary/D/Depth.mp4,4640,ISLRTC,src=D/Depth.mp4
depth_of_roots,depth of roots,3,https://drive.google.com/drive/folders/1U-Pr4r1-cupgNOOq9NH_uTsQnPSVEKco,data/_source/isl_dictionary/D/Depth_of_Roots.mp4,10917,ISLRTC,src=D/Depth_of_Roots.mp4
derail_go_off_the_rails,derail go off the rails,5,https://drive.google.com/drive/folders/1U-Pr4r1-cupgNOOq9NH_uTsQnPSVEKco,data/_source/isl_dictionary/D/Derail_Go_Off_the_Rails.mp4,7750,ISLRTC,src=D/Derail_Go_Off_the_Rails.mp4
derivatives,derivatives,1,https://drive.google.com/drive/folders/1U-Pr4r1-cupgNOOq9NH_uTsQnPSVEKco,data/_source/isl_dictionary/D/Derivatives.mp4,26819,ISLRTC,src=D/Derivatives.mp4
designation,designation,1,https://drive.google.com/drive/folders/1U-Pr4r1-cupgNOOq9NH_uTsQnPSVEKco,data/_source/isl_dictionary/D/Designation.mp4,5458,ISLRTC,src=D/Designation.mp4
desire,desire,1,https://drive.google.com/drive/folders/1U-Pr4r1-cupgNOOq9NH_uTsQnPSVEKco,data/_source/isl_dictionary/W/Want_Desire_Wish_For.mp4,3240,ISLRTC,alias of 'want desire wish for': dictionary files these synonyms under one sign
desk,desk,1,https://drive.google.com/drive/folders/1U-Pr4r1-cupgNOOq9NH_uTsQnPSVEKco,data/_source/isl_dictionary/T/Table_Desk.mp4,3600,ISLRTC,alias of 'table desk': dictionary files both words under one sign
desktop_cleanup_wizard,desktop cleanup wizard,3,https://drive.google.com/drive/folders/1U-Pr4r1-cupgNOOq9NH_uTsQnPSVEKco,data/_source/isl_dictionary/D/Desktop_Cleanup_Wizard.mp4,7500,ISLRTC,src=D/Desktop_Cleanup_Wizard.mp4
despair,despair,1,https://drive.google.com/drive/folders/1U-Pr4r1-cupgNOOq9NH_uTsQnPSVEKco,data/_source/isl_dictionary/MHSL - 259/Despair.mp4,26320,ISLRTC,src=MHSL - 259/Despair.mp4
despatch,despatch,1,https://drive.google.com/drive/folders/1U-Pr4r1-cupgNOOq9NH_uTsQnPSVEKco,data/_source/isl_dictionary/D/Despatch.mp4,19923,ISLRTC,src=D/Despatch.mp4
destination,destination,1,https://drive.google.com/drive/folders/1U-Pr4r1-cupgNOOq9NH_uTsQnPSVEKco,data/_source/isl_dictionary/D/Destination.mp4,21125,ISLRTC,src=D/Destination.mp4
detached_house,detached house,2,https://drive.google.com/drive/folders/1U-Pr4r1-cupgNOOq9NH_uTsQnPSVEKco,data/_source/isl_dictionary/D/Detached_House.mp4,22583,ISLRTC,src=D/Detached_House.mp4
detective,detective,1,https://drive.google.com/drive/folders/1U-Pr4r1-cupgNOOq9NH_uTsQnPSVEKco,data/_source/isl_dictionary/D/Detective.mp4,11958,ISLRTC,src=D/Detective.mp4
determined,determined,1,https://drive.google.com/drive/folders/1U-Pr4r1-cupgNOOq9NH_uTsQnPSVEKco,data/_source/isl_dictionary/D/Determined.mp4,11720,ISLRTC,src=D/Determined.mp4
dettached_grafting,dettached grafting,2,https://drive.google.com/drive/folders/1U-Pr4r1-cupgNOOq9NH_uTsQnPSVEKco,data/_source/isl_dictionary/D/Dettached_Grafting.mp4,27560,ISLRTC,src=D/Dettached_Grafting.mp4
devaluation,devaluation,1,https://drive.google.com/drive/folders/1U-Pr4r1-cupgNOOq9NH_uTsQnPSVEKco,data/_source/isl_dictionary/D/Devaluation.mp4,26125,ISLRTC,src=D/Devaluation.mp4
device_setting,device setting,2,https://drive.google.com/drive/folders/1U-Pr4r1-cupgNOOq9NH_uTsQnPSVEKco,data/_source/isl_dictionary/D/Device_Setting.mp4,8042,ISLRTC,src=D/Device_Setting.mp4
devil,devil,1,https://drive.google.com/drive/folders/1U-Pr4r1-cupgNOOq9NH_uTsQnPSVEKco,data/_source/isl_dictionary/D/Devil.mp4,3640,ISLRTC,src=D/Devil.mp4
dhirubhai_ambani,dhirubhai ambani,2,https://drive.google.com/drive/folders/1U-Pr4r1-cupgNOOq9NH_uTsQnPSVEKco,data/_source/isl_dictionary/D/Dhirubhai_Ambani.mp4,3120,ISLRTC,src=D/Dhirubhai_Ambani.mp4
diamond_heart_club_spade,diamond heart club spade,4,https://drive.google.com/drive/folders/1U-Pr4r1-cupgNOOq9NH_uTsQnPSVEKco,data/_source/isl_dictionary/D/Diamond_Heart_Club_Spade_(Playing_Cards).mp4,15960,ISLRTC,src=D/Diamond_Heart_Club_Spade_(Playing_Cards).mp4
dice,dice,1,https://drive.google.com/drive/folders/1U-Pr4r1-cupgNOOq9NH_uTsQnPSVEKco,data/_source/isl_dictionary/D/Dice_(Sign_2).mp4,14520,ISLRTC,src=D/Dice_(Sign_2).mp4; 1 other variant(s)
dicot_weeds,dicot weeds,2,https://drive.google.com/drive/folders/1U-Pr4r1-cupgNOOq9NH_uTsQnPSVEKco,data/_source/isl_dictionary/D/Dicot_Weeds.mp4,16083,ISLRTC,src=D/Dicot_Weeds.mp4
dicoty_ledoneae,dicoty ledoneae,2,https://drive.google.com/drive/folders/1U-Pr4r1-cupgNOOq9NH_uTsQnPSVEKco,data/_source/isl_dictionary/D/Dicoty_Ledoneae.mp4,10400,ISLRTC,src=D/Dicoty_Ledoneae.mp4
die,die,1,https://drive.google.com/drive/folders/1U-Pr4r1-cupgNOOq9NH_uTsQnPSVEKco,data/_source/isl_dictionary/D/Die.mp4,3738,ISLRTC,src=D/Die.mp4
die_death,die death,2,https://drive.google.com/drive/folders/1U-Pr4r1-cupgNOOq9NH_uTsQnPSVEKco,data/_source/isl_dictionary/D/Die_Death.mp4,3240,ISLRTC,src=D/Die_Death.mp4
dieback,dieback,1,https://drive.google.com/drive/folders/1U-Pr4r1-cupgNOOq9NH_uTsQnPSVEKco,data/_source/isl_dictionary/D/Die-Back.mp4,21760,ISLRTC,src=D/Die-Back.mp4
diet,diet,1,https://drive.google.com/drive/folders/1U-Pr4r1-cupgNOOq9NH_uTsQnPSVEKco,data/_source/isl_dictionary/D/Diet.mp4,10440,ISLRTC,src=D/Diet.mp4
different,different,1,https://drive.google.com/drive/folders/1U-Pr4r1-cupgNOOq9NH_uTsQnPSVEKco,data/_source/isl_dictionary/D/Different.mp4,4800,ISLRTC,src=D/Different.mp4
different_style_of_water_garden,different style of water garden,5,https://drive.google.com/drive/folders/1U-Pr4r1-cupgNOOq9NH_uTsQnPSVEKco,data/_source/isl_dictionary/D/Different_Style_of_Water_Garden.mp4,15160,ISLRTC,src=D/Different_Style_of_Water_Garden.mp4
differential_rate_of_interest,differential rate of interest,4,https://drive.google.com/drive/folders/1U-Pr4r1-cupgNOOq9NH_uTsQnPSVEKco,data/_source/isl_dictionary/D/Differential_Rate_of_Interest.mp4,27492,ISLRTC,src=D/Differential_Rate_of_Interest.mp4
difficult,difficult,1,https://drive.google.com/drive/folders/1U-Pr4r1-cupgNOOq9NH_uTsQnPSVEKco,data/_derived/h264/H/Hard_Difficult.mp4,3744,ISLRTC,alias of 'hard difficult': dictionary files both words under one sign
diffusion,diffusion,1,https://drive.google.com/drive/folders/1U-Pr4r1-cupgNOOq9NH_uTsQnPSVEKco,data/_source/isl_dictionary/D/Diffusion.mp4,15375,ISLRTC,src=D/Diffusion.mp4
digestive_system,digestive system,2,https://drive.google.com/drive/folders/1U-Pr4r1-cupgNOOq9NH_uTsQnPSVEKco,data/_source/isl_dictionary/D/Digestive_System.mp4,9504,ISLRTC,src=D/Digestive_System.mp4
digital_infrastructure_for_knowledge_sharing,digital infrastructure for knowledge sharing,5,https://drive.google.com/drive/folders/1U-Pr4r1-cupgNOOq9NH_uTsQnPSVEKco,data/_source/isl_dictionary/D/Digital_Infrastructure_for_Knowledge_Sharing_(Diksha).mp4,27542,ISLRTC,src=D/Digital_Infrastructure_for_Knowledge_Sharing_(Diksha).mp4
digital_signature,digital signature,2,https://drive.google.com/drive/folders/1U-Pr4r1-cupgNOOq9NH_uTsQnPSVEKco,data/_source/isl_dictionary/D/Digital_Signature.mp4,28667,ISLRTC,src=D/Digital_Signature.mp4
dilution,dilution,1,https://drive.google.com/drive/folders/1U-Pr4r1-cupgNOOq9NH_uTsQnPSVEKco,data/_source/isl_dictionary/D/Dilution.mp4,7750,ISLRTC,src=D/Dilution.mp4
dinkus,dinkus,1,https://drive.google.com/drive/folders/1U-Pr4r1-cupgNOOq9NH_uTsQnPSVEKco,data/_source/isl_dictionary/D/Dinkus.mp4,11875,ISLRTC,src=D/Dinkus.mp4
dinner,dinner,1,https://drive.google.com/drive/folders/1U-Pr4r1-cupgNOOq9NH_uTsQnPSVEKco,data/_source/isl_dictionary/D/Dinner.mp4,3480,ISLRTC,src=D/Dinner.mp4
direct_government_purchase,direct government purchase,3,https://drive.google.com/drive/folders/1U-Pr4r1-cupgNOOq9NH_uTsQnPSVEKco,data/_source/isl_dictionary/D/Direct_Government_Purchase.mp4,13875,ISLRTC,src=D/Direct_Government_Purchase.mp4
director,director,1,https://drive.google.com/drive/folders/1U-Pr4r1-cupgNOOq9NH_uTsQnPSVEKco,data/_source/isl_dictionary/D/Director.mp4,5120,ISLRTC,src=D/Director.mp4; 1 other variant(s)
directorate_of_school_education,directorate of school education,4,https://drive.google.com/drive/folders/1U-Pr4r1-cupgNOOq9NH_uTsQnPSVEKco,data/_source/isl_dictionary/D/Directorate_of_School_Education(DSE).mp4,24000,ISLRTC,src=D/Directorate_of_School_Education(DSE).mp4
disability_studies,disability studies,2,https://drive.google.com/drive/folders/1U-Pr4r1-cupgNOOq9NH_uTsQnPSVEKco,data/_source/isl_dictionary/D/Disability_Studies.mp4,28968,ISLRTC,src=D/Disability_Studies.mp4
disappear_with_the_arrival_of_someone,disappear with the arrival of someone,6,https://drive.google.com/drive/folders/1U-Pr4r1-cupgNOOq9NH_uTsQnPSVEKco,data/_source/isl_dictionary/D/Disappear_With_the_Arrival_of_Someone.mp4,3080,ISLRTC,src=D/Disappear_With_the_Arrival_of_Someone.mp4; 2 other variant(s)
disaster,disaster,1,https://drive.google.com/drive/folders/1U-Pr4r1-cupgNOOq9NH_uTsQnPSVEKco,data/_source/isl_dictionary/D/Disaster.mp4,27480,ISLRTC,src=D/Disaster.mp4
discount,discount,1,https://drive.google.com/drive/folders/1U-Pr4r1-cupgNOOq9NH_uTsQnPSVEKco,data/_source/isl_dictionary/D/Discount.mp4,5560,ISLRTC,src=D/Discount.mp4; 1 other variant(s)
discount_rate,discount rate,2,https://drive.google.com/drive/folders/1U-Pr4r1-cupgNOOq9NH_uTsQnPSVEKco,data/_source/isl_dictionary/D/Discount_Rate.mp4,26375,ISLRTC,src=D/Discount_Rate.mp4
discrimination_against_animals,discrimination against animals,3,https://drive.google.com/drive/folders/1U-Pr4r1-cupgNOOq9NH_uTsQnPSVEKco,data/_source/isl_dictionary/D/Discrimination_Against_Animals.mp4,3042,ISLRTC,src=D/Discrimination_Against_Animals.mp4
discrimination_against_divyangjans,discrimination against divyangjans,3,https://drive.google.com/drive/folders/1U-Pr4r1-cupgNOOq9NH_uTsQnPSVEKco,data/_source/isl_dictionary/D/Discrimination_Against_Divyangjans.mp4,3542,ISLRTC,src=D/Discrimination_Against_Divyangjans.mp4
disease,disease,1,https://drive.google.com/drive/folders/1U-Pr4r1-cupgNOOq9NH_uTsQnPSVEKco,data/_source/isl_dictionary/D/Disease.mp4,6360,ISLRTC,src=D/Disease.mp4; 1 other variant(s)
disease_control_of_plant,disease control of plant,4,https://drive.google.com/drive/folders/1U-Pr4r1-cupgNOOq9NH_uTsQnPSVEKco,data/_source/isl_dictionary/D/Disease_Control_of_Plant.mp4,12160,ISLRTC,src=D/Disease_Control_of_Plant.mp4
disease_resistant,disease resistant,2,https://drive.google.com/drive/folders/1U-Pr4r1-cupgNOOq9NH_uTsQnPSVEKco,data/_source/isl_dictionary/D/Disease_Resistant.mp4,15480,ISLRTC,src=D/Disease_Resistant.mp4
diseases_and_enemies_of_fish,diseases and enemies of fish,5,https://drive.google.com/drive/folders/1U-Pr4r1-cupgNOOq9NH_uTsQnPSVEKco,data/_source/isl_dictionary/D/Diseases_and_Enemies_of_Fish.mp4,14875,ISLRTC,src=D/Diseases_and_Enemies_of_Fish.mp4
diseases_of_animals,diseases of animals,3,https://drive.google.com/drive/folders/1U-Pr4r1-cupgNOOq9NH_uTsQnPSVEKco,data/_source/isl_dictionary/D/Diseases_of_Animals.mp4,7208,ISLRTC,src=D/Diseases_of_Animals.mp4
diseases_of_annuals_flower_plants,diseases of annuals flower plants,5,https://drive.google.com/drive/folders/1U-Pr4r1-cupgNOOq9NH_uTsQnPSVEKco,data/_source/isl_dictionary/D/Diseases_of_Annuals_Flower_Plants.mp4,18040,ISLRTC,src=D/Diseases_of_Annuals_Flower_Plants.mp4
disgusted,disgusted,1,https://drive.google.com/drive/folders/1U-Pr4r1-cupgNOOq9NH_uTsQnPSVEKco,data/_source/isl_dictionary/MHSL - 259/Disgusted.mp4,26400,ISLRTC,src=MHSL - 259/Disgusted.mp4
dish_container_gardening,dish container gardening,3,https://drive.google.com/drive/folders/1U-Pr4r1-cupgNOOq9NH_uTsQnPSVEKco,data/_source/isl_dictionary/D/Dish___Container_Gardening.mp4,21520,ISLRTC,src=D/Dish___Container_Gardening.mp4
disorganized_behaviour,disorganized behaviour,2,https://drive.google.com/drive/folders/1U-Pr4r1-cupgNOOq9NH_uTsQnPSVEKco,data/_source/isl_dictionary/MHSL - 259/Disorganized_behaviour.mp4,26880,ISLRTC,src=MHSL - 259/Disorganized_behaviour.mp4
disorganized_disordered_thinking,disorganized disordered thinking,3,https://drive.google.com/drive/folders/1U-Pr4r1-cupgNOOq9NH_uTsQnPSVEKco,data/_source/isl_dictionary/MHSL - 259/Disorganized_disordered_thinking.mp4,21162,ISLRTC,src=MHSL - 259/Disorganized_disordered_thinking.mp4
disparity,disparity,1,https://drive.google.com/drive/folders/1U-Pr4r1-cupgNOOq9NH_uTsQnPSVEKco,data/_source/isl_dictionary/D/Disparity_(Sign_2).mp4,16000,ISLRTC,src=D/Disparity_(Sign_2).mp4; 1 other variant(s)
dispersion,dispersion,1,https://drive.google.com/drive/folders/1U-Pr4r1-cupgNOOq9NH_uTsQnPSVEKco,data/_source/isl_dictionary/D/Dispersion_(Of_White_Light_by_the_Glass_Prism).mp4,20667,ISLRTC,src=D/Dispersion_(Of_White_Light_by_the_Glass_Prism).mp4
disposable_cup,disposable cup,2,https://drive.google.com/drive/folders/1U-Pr4r1-cupgNOOq9NH_uTsQnPSVEKco,data/_source/isl_dictionary/D/Disposable_Cup.mp4,4000,ISLRTC,src=D/Disposable_Cup.mp4
distance,distance,1,https://drive.google.com/drive/folders/1U-Pr4r1-cupgNOOq9NH_uTsQnPSVEKco,data/_source/isl_dictionary/D/Distance.mp4,6160,ISLRTC,src=D/Distance.mp4
distilled_water,distilled water,2,https://drive.google.com/drive/folders/1U-Pr4r1-cupgNOOq9NH_uTsQnPSVEKco,data/_source/isl_dictionary/D/Distilled_Water.mp4,3320,ISLRTC,src=D/Distilled_Water.mp4
distinct_point,distinct point,2,https://drive.google.com/drive/folders/1U-Pr4r1-cupgNOOq9NH_uTsQnPSVEKco,data/_source/isl_dictionary/D/Distinct_Point.mp4,18083,ISLRTC,src=D/Distinct_Point.mp4
distinguish,distinguish,1,https://drive.google.com/drive/folders/1U-Pr4r1-cupgNOOq9NH_uTsQnPSVEKco,data/_source/isl_dictionary/D/Distinguish.mp4,1880,ISLRTC,src=D/Distinguish.mp4
district,district,1,https://drive.google.com/drive/folders/1U-Pr4r1-cupgNOOq9NH_uTsQnPSVEKco,data/_source/isl_dictionary/D/District.mp4,4320,ISLRTC,src=D/District.mp4
district_education_officer,district education officer,3,https://drive.google.com/drive/folders/1U-Pr4r1-cupgNOOq9NH_uTsQnPSVEKco,data/_source/isl_dictionary/D/District_Education_Officer_(DEO).mp4,7292,ISLRTC,src=D/District_Education_Officer_(DEO).mp4
district_institute_of_education_and_training,district institute of education and training,6,https://drive.google.com/drive/folders/1U-Pr4r1-cupgNOOq9NH_uTsQnPSVEKco,data/_source/isl_dictionary/D/District_Institute_of_Education_and_Training_(Diet).mp4,11500,ISLRTC,src=D/District_Institute_of_Education_and_Training_(Diet).mp4
dithering,dithering,1,https://drive.google.com/drive/folders/1U-Pr4r1-cupgNOOq9NH_uTsQnPSVEKco,data/_source/isl_dictionary/D/Dithering.mp4,11458,ISLRTC,src=D/Dithering.mp4
ditylenchus,ditylenchus,1,https://drive.google.com/drive/folders/1U-Pr4r1-cupgNOOq9NH_uTsQnPSVEKco,data/_source/isl_dictionary/D/Ditylenchus.mp4,22560,ISLRTC,src=D/Ditylenchus.mp4
divide,divide,1,https://drive.google.com/drive/folders/1U-Pr4r1-cupgNOOq9NH_uTsQnPSVEKco,data/_source/isl_dictionary/D/Divide.mp4,4087,ISLRTC,src=D/Divide.mp4
division,division,1,https://drive.google.com/drive/folders/1U-Pr4r1-cupgNOOq9NH_uTsQnPSVEKco,data/_source/isl_dictionary/D/Division_(Admin).mp4,2917,ISLRTC,src=D/Division_(Admin).mp4
divorce,divorce,1,https://drive.google.com/drive/folders/1U-Pr4r1-cupgNOOq9NH_uTsQnPSVEKco,data/_source/isl_dictionary/D/Divorce.mp4,5120,ISLRTC,src=D/Divorce.mp4; 1 other variant(s)
divorcee,divorcee,1,https://drive.google.com/drive/folders/1U-Pr4r1-cupgNOOq9NH_uTsQnPSVEKco,data/_source/isl_dictionary/D/Divorcee_(Sign_2).mp4,6083,ISLRTC,src=D/Divorcee_(Sign_2).mp4
diwali,diwali,1,https://drive.google.com/drive/folders/1U-Pr4r1-cupgNOOq9NH_uTsQnPSVEKco,data/_source/isl_dictionary/D/Diwali_(Sign_4).mp4,3360,ISLRTC,src=D/Diwali_(Sign_4).mp4
dna,dna,1,https://drive.google.com/drive/folders/1U-Pr4r1-cupgNOOq9NH_uTsQnPSVEKco,data/_source/isl_dictionary/D/DNA_(Sign).mp4,4368,ISLRTC,src=D/DNA_(Sign).mp4
do,do,1,https://drive.google.com/drive/folders/1U-Pr4r1-cupgNOOq9NH_uTsQnPSVEKco,data/_source/isl_dictionary/D/Do.mp4,2960,ISLRTC,src=D/Do.mp4
doctor,doctor,1,https://drive.google.com/drive/folders/1U-Pr4r1-cupgNOOq9NH_uTsQnPSVEKco,data/_source/isl_dictionary/D/Doctor.mp4,4800,ISLRTC,src=D/Doctor.mp4
doctor_of_philosophy,doctor of philosophy,3,https://drive.google.com/drive/folders/1U-Pr4r1-cupgNOOq9NH_uTsQnPSVEKco,data/_source/isl_dictionary/D/Doctor_of_Philosophy_(Ph_D).mp4,17292,ISLRTC,src=D/Doctor_of_Philosophy_(Ph_D).mp4
document,document,1,https://drive.google.com/drive/folders/1U-Pr4r1-cupgNOOq9NH_uTsQnPSVEKco,data/_source/isl_dictionary/D/Document.mp4,4160,ISLRTC,src=D/Document.mp4; 1 other variant(s)
doe,doe,1,https://drive.google.com/drive/folders/1U-Pr4r1-cupgNOOq9NH_uTsQnPSVEKco,data/_source/isl_dictionary/D/Doe.mp4,9625,ISLRTC,src=D/Doe.mp4
dog,dog,1,https://drive.google.com/drive/folders/1U-Pr4r1-cupgNOOq9NH_uTsQnPSVEKco,data/_source/isl_dictionary/D/Dog.mp4,3600,ISLRTC,src=D/Dog.mp4; 1 other variant(s)
doli_in_capax,doli in capax,3,https://drive.google.com/drive/folders/1U-Pr4r1-cupgNOOq9NH_uTsQnPSVEKco,data/_source/isl_dictionary/D/Doli_in_Capax.m4v,13400,ISLRTC,src=D/Doli_in_Capax.m4v
dolly,dolly,1,https://drive.google.com/drive/folders/1U-Pr4r1-cupgNOOq9NH_uTsQnPSVEKco,data/_source/isl_dictionary/D/Dolly.mp4,11250,ISLRTC,src=D/Dolly.mp4
doner,doner,1,https://drive.google.com/drive/folders/1U-Pr4r1-cupgNOOq9NH_uTsQnPSVEKco,data/_source/isl_dictionary/D/Doner.mp4,9125,ISLRTC,src=D/Doner.mp4
doodle,doodle,1,https://drive.google.com/drive/folders/1U-Pr4r1-cupgNOOq9NH_uTsQnPSVEKco,data/_source/isl_dictionary/D/Doodle.mp4,30000,ISLRTC,src=D/Doodle.mp4
door,door,1,https://drive.google.com/drive/folders/1U-Pr4r1-cupgNOOq9NH_uTsQnPSVEKco,data/_source/isl_dictionary/D/Door.mp4,3600,ISLRTC,src=D/Door.mp4
dot,dot,1,https://drive.google.com/drive/folders/1U-Pr4r1-cupgNOOq9NH_uTsQnPSVEKco,data/_source/isl_dictionary/D/Dot.mp4,4120,ISLRTC,src=D/Dot.mp4
dot_punch,dot punch,2,https://drive.google.com/drive/folders/1U-Pr4r1-cupgNOOq9NH_uTsQnPSVEKco,data/_source/isl_dictionary/D/Dot_Punch.mp4,25680,ISLRTC,src=D/Dot_Punch.mp4
double,double,1,https://drive.google.com/drive/folders/1U-Pr4r1-cupgNOOq9NH_uTsQnPSVEKco,data/_source/isl_dictionary/D/Double.mp4,3720,ISLRTC,src=D/Double.mp4
double_bar_graph,double bar graph,3,https://drive.google.com/drive/folders/1U-Pr4r1-cupgNOOq9NH_uTsQnPSVEKco,data/_source/isl_dictionary/D/Double_Bar_Graph.mp4,21792,ISLRTC,src=D/Double_Bar_Graph.mp4
double_cropping,double cropping,2,https://drive.google.com/drive/folders/1U-Pr4r1-cupgNOOq9NH_uTsQnPSVEKco,data/_source/isl_dictionary/D/Double_Cropping.mp4,20833,ISLRTC,src=D/Double_Cropping.mp4
double_taxation,double taxation,2,https://drive.google.com/drive/folders/1U-Pr4r1-cupgNOOq9NH_uTsQnPSVEKco,data/_source/isl_dictionary/D/Double_Taxation.mp4,18875,ISLRTC,src=D/Double_Taxation.mp4
down,down,1,https://drive.google.com/drive/folders/1U-Pr4r1-cupgNOOq9NH_uTsQnPSVEKco,data/_source/isl_dictionary/New 2500 ISL Dictionary Videos/BCS/Down - English.mp4,13840,ISLRTC,src=New 2500 ISL Dictionary Videos/BCS/Down - English.mp4
download,download,1,https://drive.google.com/drive/folders/1U-Pr4r1-cupgNOOq9NH_uTsQnPSVEKco,data/_source/isl_dictionary/D/Download.mp4,7200,ISLRTC,src=D/Download.mp4
draft,draft,1,https://drive.google.com/drive/folders/1U-Pr4r1-cupgNOOq9NH_uTsQnPSVEKco,data/_source/isl_dictionary/D/Draft.mp4,3088,ISLRTC,src=D/Draft.mp4
draft_for_approval,draft for approval,3,https://drive.google.com/drive/folders/1U-Pr4r1-cupgNOOq9NH_uTsQnPSVEKco,data/_source/isl_dictionary/D/Draft_for_Approval.mp4,24042,ISLRTC,src=D/Draft_for_Approval.mp4
drafting,drafting,1,https://drive.google.com/drive/folders/1U-Pr4r1-cupgNOOq9NH_uTsQnPSVEKco,data/_source/isl_dictionary/D/Drafting.mp4,25208,ISLRTC,src=D/Drafting.mp4
drainge,drainge,1,https://drive.google.com/drive/folders/1U-Pr4r1-cupgNOOq9NH_uTsQnPSVEKco,data/_source/isl_dictionary/D/Drainge.mp4,14000,ISLRTC,src=D/Drainge.mp4
draw,draw,1,https://drive.google.com/drive/folders/1U-Pr4r1-cupgNOOq9NH_uTsQnPSVEKco,data/_source/isl_dictionary/D/Draw.mp4,3808,ISLRTC,src=D/Draw.mp4
dream,dream,1,https://drive.google.com/drive/folders/1U-Pr4r1-cupgNOOq9NH_uTsQnPSVEKco,data/_source/isl_dictionary/D/Dream.mp4,3320,ISLRTC,src=D/Dream.mp4
dress,dress,1,https://drive.google.com/drive/folders/1U-Pr4r1-cupgNOOq9NH_uTsQnPSVEKco,data/_source/isl_dictionary/D/Dress.mp4,2640,ISLRTC,src=D/Dress.mp4
drink,drink,1,https://drive.google.com/drive/folders/1U-Pr4r1-cupgNOOq9NH_uTsQnPSVEKco,data/_source/isl_dictionary/B/Beverage_Drink.mp4,10083,ISLRTC,alias of 'beverage drink': dictionary files both words under one sign
drip_irrigation,drip irrigation,2,https://drive.google.com/drive/folders/1U-Pr4r1-cupgNOOq9NH_uTsQnPSVEKco,data/_source/isl_dictionary/D/Drip_Irrigation(1).mp4,13833,ISLRTC,src=D/Drip_Irrigation(1).mp4
drive,drive,1,https://drive.google.com/drive/folders/1U-Pr4r1-cupgNOOq9NH_uTsQnPSVEKco,data/_source/isl_dictionary/D/Drive.mp4,3760,ISLRTC,src=D/Drive.mp4; 1 other variant(s)
driver,driver,1,https://drive.google.com/drive/folders/1U-Pr4r1-cupgNOOq9NH_uTsQnPSVEKco,data/_source/isl_dictionary/D/Driver.mp4,6240,ISLRTC,src=D/Driver.mp4
driving_devices,driving devices,2,https://drive.google.com/drive/folders/1U-Pr4r1-cupgNOOq9NH_uTsQnPSVEKco,data/_source/isl_dictionary/D/Driving_Devices.mp4,16800,ISLRTC,src=D/Driving_Devices.mp4
drop,drop,1,https://drive.google.com/drive/folders/1U-Pr4r1-cupgNOOq9NH_uTsQnPSVEKco,data/_source/isl_dictionary/New 2500 ISL Dictionary Videos/Yunikee 1/New English/Drop.mp4,12920,ISLRTC,src=New 2500 ISL Dictionary Videos/Yunikee 1/New English/Drop.mp4
drop_cap,drop cap,2,https://drive.google.com/drive/folders/1U-Pr4r1-cupgNOOq9NH_uTsQnPSVEKco,data/_source/isl_dictionary/D/Drop_Cap.mp4,13667,ISLRTC,src=D/Drop_Cap.mp4
drought,drought,1,https://drive.google.com/drive/folders/1U-Pr4r1-cupgNOOq9NH_uTsQnPSVEKco,data/_source/isl_dictionary/D/Drought_(Sign_2).mp4,27120,ISLRTC,src=D/Drought_(Sign_2).mp4
droupadi_murmu,droupadi murmu,2,https://drive.google.com/drive/folders/1U-Pr4r1-cupgNOOq9NH_uTsQnPSVEKco,data/_source/isl_dictionary/D/Droupadi_Murmu_(President).mp4,4249,ISLRTC,src=D/Droupadi_Murmu_(President).mp4
drown,drown,1,https://drive.google.com/drive/folders/1U-Pr4r1-cupgNOOq9NH_uTsQnPSVEKco,data/_source/isl_dictionary/D/Drown.mp4,7792,ISLRTC,src=D/Drown.mp4
drug,drug,1,https://drive.google.com/drive/folders/1U-Pr4r1-cupgNOOq9NH_uTsQnPSVEKco,data/_source/isl_dictionary/D/Drug.mp4,3080,ISLRTC,src=D/Drug.mp4; 1 other variant(s)
dry,dry,1,https://drive.google.com/drive/folders/1U-Pr4r1-cupgNOOq9NH_uTsQnPSVEKco,data/_source/isl_dictionary/D/Dry.mp4,2800,ISLRTC,src=D/Dry.mp4
dry_areas_weeds,dry areas weeds,3,https://drive.google.com/drive/folders/1U-Pr4r1-cupgNOOq9NH_uTsQnPSVEKco,data/_source/isl_dictionary/D/Dry_Areas_Weeds.mp4,17680,ISLRTC,src=D/Dry_Areas_Weeds.mp4
dry_days,dry days,2,https://drive.google.com/drive/folders/1U-Pr4r1-cupgNOOq9NH_uTsQnPSVEKco,data/_source/isl_dictionary/D/Dry_Days.mp4,22200,ISLRTC,src=D/Dry_Days.mp4
dumbell,dumbell,1,https://drive.google.com/drive/folders/1U-Pr4r1-cupgNOOq9NH_uTsQnPSVEKco,data/_source/isl_dictionary/D/Dumbell.mp4,5560,ISLRTC,src=D/Dumbell.mp4
duranta_spinosa,duranta spinosa,2,https://drive.google.com/drive/folders/1U-Pr4r1-cupgNOOq9NH_uTsQnPSVEKco,data/_source/isl_dictionary/D/Duranta_Spinosa.mp4,5960,ISLRTC,src=D/Duranta_Spinosa.mp4
during,during,1,https://drive.google.com/drive/folders/1U-Pr4r1-cupgNOOq9NH_uTsQnPSVEKco,data/_source/isl_dictionary/D/During.mp4,5120,ISLRTC,src=D/During.mp4
dvd,dvd,1,https://drive.google.com/drive/folders/1U-Pr4r1-cupgNOOq9NH_uTsQnPSVEKco,data/_source/isl_dictionary/D/DVD.mp4,5520,ISLRTC,src=D/DVD.mp4
dvp,dvp,1,https://drive.google.com/drive/folders/1U-Pr4r1-cupgNOOq9NH_uTsQnPSVEKco,data/_source/isl_dictionary/D/DVP.mp4,25867,ISLRTC,src=D/DVP.mp4
dwarf_ornamental_hedges,dwarf ornamental hedges,3,https://drive.google.com/drive/folders/1U-Pr4r1-cupgNOOq9NH_uTsQnPSVEKco,data/_source/isl_dictionary/D/Dwarf_Ornamental_Hedges.mp4,13880,ISLRTC,src=D/Dwarf_Ornamental_Hedges.mp4
dysregulated,dysregulated,1,https://drive.google.com/drive/folders/1U-Pr4r1-cupgNOOq9NH_uTsQnPSVEKco,data/_source/isl_dictionary/MHSL - 259/Dysregulated.mp4,28416,ISLRTC,src=MHSL - 259/Dysregulated.mp4
e_beat_book_system,e beat book system,4,https://drive.google.com/drive/folders/1U-Pr4r1-cupgNOOq9NH_uTsQnPSVEKco,data/_source/isl_dictionary/E/E-_Beat_Book_System.mp4,18040,ISLRTC,src=E/E-_Beat_Book_System.mp4
e_office,e office,2,https://drive.google.com/drive/folders/1U-Pr4r1-cupgNOOq9NH_uTsQnPSVEKco,data/_source/isl_dictionary/E/E_Office.mp4,28833,ISLRTC,src=E/E_Office.mp4
each,each,1,https://drive.google.com/drive/folders/1U-Pr4r1-cupgNOOq9NH_uTsQnPSVEKco,data/_source/isl_dictionary/E/Each.mp4,4720,ISLRTC,src=E/Each.mp4; 1 other variant(s)
ear_canal,ear canal,2,https://drive.google.com/drive/folders/1U-Pr4r1-cupgNOOq9NH_uTsQnPSVEKco,data/_source/isl_dictionary/E/Ear_Canal.mp4,7728,ISLRTC,src=E/Ear_Canal.mp4
ear_drum,ear drum,2,https://drive.google.com/drive/folders/1U-Pr4r1-cupgNOOq9NH_uTsQnPSVEKco,data/_source/isl_dictionary/E/Ear_Drum.mp4,21408,ISLRTC,src=E/Ear_Drum.mp4
ear_witness,ear witness,2,https://drive.google.com/drive/folders/1U-Pr4r1-cupgNOOq9NH_uTsQnPSVEKco,data/_source/isl_dictionary/E/Ear_Witness.mp4,18520,ISLRTC,src=E/Ear_Witness.mp4
earbuds_earphones_headphones,earbuds earphones headphones,3,https://drive.google.com/drive/folders/1U-Pr4r1-cupgNOOq9NH_uTsQnPSVEKco,data/_source/isl_dictionary/E/Earbuds_Earphones_Headphones.mp4,3792,ISLRTC,src=E/Earbuds_Earphones_Headphones.mp4
early,early,1,https://drive.google.com/drive/folders/1U-Pr4r1-cupgNOOq9NH_uTsQnPSVEKco,data/_source/isl_dictionary/E/Early.mp4,5640,ISLRTC,src=E/Early.mp4
early_death,early death,2,https://drive.google.com/drive/folders/1U-Pr4r1-cupgNOOq9NH_uTsQnPSVEKco,data/_source/isl_dictionary/MHSL - 259/Early_death.mp4,19925,ISLRTC,src=MHSL - 259/Early_death.mp4
earrings,earrings,1,https://drive.google.com/drive/folders/1U-Pr4r1-cupgNOOq9NH_uTsQnPSVEKco,data/_source/isl_dictionary/E/Earrings.mp4,4500,ISLRTC,src=E/Earrings.mp4
earth,earth,1,https://drive.google.com/drive/folders/1U-Pr4r1-cupgNOOq9NH_uTsQnPSVEKco,data/_source/isl_dictionary/E/Earth_(Sign_2).mp4,20583,ISLRTC,src=E/Earth_(Sign_2).mp4
earthen_water_pot_matka,earthen water pot matka,4,https://drive.google.com/drive/folders/1U-Pr4r1-cupgNOOq9NH_uTsQnPSVEKco,data/_source/isl_dictionary/E/Earthen_Water_Pot_Matka.mp4,6320,ISLRTC,src=E/Earthen_Water_Pot_Matka.mp4; 1 other variant(s)
earthquake_load,earthquake load,2,https://drive.google.com/drive/folders/1U-Pr4r1-cupgNOOq9NH_uTsQnPSVEKco,data/_source/isl_dictionary/E/Earthquake_Load.mp4,28042,ISLRTC,src=E/Earthquake_Load.mp4
ease_in,ease in,2,https://drive.google.com/drive/folders/1U-Pr4r1-cupgNOOq9NH_uTsQnPSVEKco,data/_source/isl_dictionary/E/Ease_In.mp4,23083,ISLRTC,src=E/Ease_In.mp4
ease_out,ease out,2,https://drive.google.com/drive/folders/1U-Pr4r1-cupgNOOq9NH_uTsQnPSVEKco,data/_source/isl_dictionary/E/Ease_Out.mp4,20708,ISLRTC,src=E/Ease_Out.mp4
east,east,1,https://drive.google.com/drive/folders/1U-Pr4r1-cupgNOOq9NH_uTsQnPSVEKco,data/_source/isl_dictionary/E/East_(Sign_2).mp4,2160,ISLRTC,src=E/East_(Sign_2).mp4
easy,easy,1,https://drive.google.com/drive/folders/1U-Pr4r1-cupgNOOq9NH_uTsQnPSVEKco,data/_source/isl_dictionary/E/Easy.mp4,4880,ISLRTC,src=E/Easy.mp4
eat,eat,1,https://drive.google.com/drive/folders/1U-Pr4r1-cupgNOOq9NH_uTsQnPSVEKco,data/_source/isl_dictionary/E/Eat.mp4,3520,ISLRTC,src=E/Eat.mp4
eco,eco,1,https://drive.google.com/drive/folders/1U-Pr4r1-cupgNOOq9NH_uTsQnPSVEKco,data/_source/isl_dictionary/E/Eco.mp4,17760,ISLRTC,src=E/Eco.mp4
ecologist,ecologist,1,https://drive.google.com/drive/folders/1U-Pr4r1-cupgNOOq9NH_uTsQnPSVEKco,data/_source/isl_dictionary/E/Ecologist.mp4,4120,ISLRTC,src=E/Ecologist.mp4
ecology,ecology,1,https://drive.google.com/drive/folders/1U-Pr4r1-cupgNOOq9NH_uTsQnPSVEKco,data/_source/isl_dictionary/E/Ecology.mp4,2480,ISLRTC,src=E/Ecology.mp4
econnect,econnect,1,https://drive.google.com/drive/folders/1U-Pr4r1-cupgNOOq9NH_uTsQnPSVEKco,data/_source/isl_dictionary/E/Econnect.mp4,28417,ISLRTC,src=E/Econnect.mp4
economic_development,economic development,2,https://drive.google.com/drive/folders/1U-Pr4r1-cupgNOOq9NH_uTsQnPSVEKco,data/_source/isl_dictionary/E/Economic_Development.mp4,17792,ISLRTC,src=E/Economic_Development.mp4
economic_goods,economic goods,2,https://drive.google.com/drive/folders/1U-Pr4r1-cupgNOOq9NH_uTsQnPSVEKco,data/_source/isl_dictionary/E/Economic_Goods.mp4,15833,ISLRTC,src=E/Economic_Goods.mp4
economic_importance_of_fish_in_india,economic importance of fish in india,6,https://drive.google.com/drive/folders/1U-Pr4r1-cupgNOOq9NH_uTsQnPSVEKco,data/_source/isl_dictionary/E/Economic_Importance_of_Fish_In_India.mp4,11042,ISLRTC,src=E/Economic_Importance_of_Fish_In_India.mp4
economics,economics,1,https://drive.google.com/drive/folders/1U-Pr4r1-cupgNOOq9NH_uTsQnPSVEKco,data/_source/isl_dictionary/E/Economics.mp4,5560,ISLRTC,src=E/Economics.mp4
economy,economy,1,https://drive.google.com/drive/folders/1U-Pr4r1-cupgNOOq9NH_uTsQnPSVEKco,data/_source/isl_dictionary/E/Economy.mp4,4120,ISLRTC,src=E/Economy.mp4
ecotoursim,ecotoursim,1,https://drive.google.com/drive/folders/1U-Pr4r1-cupgNOOq9NH_uTsQnPSVEKco,data/_source/isl_dictionary/E/Ecotoursim.mp4,22083,ISLRTC,src=E/Ecotoursim.mp4
ecycling,ecycling,1,https://drive.google.com/drive/folders/1U-Pr4r1-cupgNOOq9NH_uTsQnPSVEKco,data/_source/isl_dictionary/E/E-Cycling.mp4,27360,ISLRTC,src=E/E-Cycling.mp4
edge,edge,1,https://drive.google.com/drive/folders/1U-Pr4r1-cupgNOOq9NH_uTsQnPSVEKco,data/_source/isl_dictionary/E/Edge(1).mp4,7920,ISLRTC,src=E/Edge(1).mp4
edit,edit,1,https://drive.google.com/drive/folders/1U-Pr4r1-cupgNOOq9NH_uTsQnPSVEKco,data/_source/isl_dictionary/E/Edit.mp4,3320,ISLRTC,src=E/Edit.mp4; 1 other variant(s)
education,education,1,https://drive.google.com/drive/folders/1U-Pr4r1-cupgNOOq9NH_uTsQnPSVEKco,data/_source/isl_dictionary/E/Education.mp4,4203,ISLRTC,src=E/Education.mp4
effluent,effluent,1,https://drive.google.com/drive/folders/1U-Pr4r1-cupgNOOq9NH_uTsQnPSVEKco,data/_source/isl_dictionary/E/Effluent.mp4,23042,ISLRTC,src=E/Effluent.mp4
effort,effort,1,https://drive.google.com/drive/folders/1U-Pr4r1-cupgNOOq9NH_uTsQnPSVEKco,data/_source/isl_dictionary/E/Effort.mp4,24760,ISLRTC,src=E/Effort.mp4
efile_mis,efile mis,2,https://drive.google.com/drive/folders/1U-Pr4r1-cupgNOOq9NH_uTsQnPSVEKco,data/_source/isl_dictionary/E/Efile_Mis_(Management_Information_System).mp4,21083,ISLRTC,src=E/Efile_Mis_(Management_Information_System).mp4
egg,egg,1,https://drive.google.com/drive/folders/1U-Pr4r1-cupgNOOq9NH_uTsQnPSVEKco,data/_source/isl_dictionary/E/Egg.mp4,3200,ISLRTC,src=E/Egg.mp4; 1 other variant(s)
eggshells,eggshells,1,https://drive.google.com/drive/folders/1U-Pr4r1-cupgNOOq9NH_uTsQnPSVEKco,data/_source/isl_dictionary/E/Egg-Shells.mp4,9875,ISLRTC,src=E/Egg-Shells.mp4
egyptian_civilization,egyptian civilization,2,https://drive.google.com/drive/folders/1U-Pr4r1-cupgNOOq9NH_uTsQnPSVEKco,data/_source/isl_dictionary/E/Egyptian_Civilization_(Sign_2).mp4,27250,ISLRTC,src=E/Egyptian_Civilization_(Sign_2).mp4
eight,eight,1,https://drive.google.com/drive/folders/1U-Pr4r1-cupgNOOq9NH_uTsQnPSVEKco,data/_source/isl_dictionary/Numbers/8_Eight.mp4,3800,ISLRTC,src=Numbers/8_Eight.mp4
eighteen,eighteen,1,https://drive.google.com/drive/folders/1U-Pr4r1-cupgNOOq9NH_uTsQnPSVEKco,data/_source/isl_dictionary/Numbers/18_Eighteen.mp4,4400,ISLRTC,src=Numbers/18_Eighteen.mp4
elder_brother,elder brother,2,https://drive.google.com/drive/folders/1U-Pr4r1-cupgNOOq9NH_uTsQnPSVEKco,data/_source/isl_dictionary/O/Older_Brother_Elder_Brother.mp4,2720,ISLRTC,alias of 'older brother elder brother': dictionary files both phrases under one sign
election,election,1,https://drive.google.com/drive/folders/1U-Pr4r1-cupgNOOq9NH_uTsQnPSVEKco,data/_source/isl_dictionary/E/Election.mp4,4080,ISLRTC,src=E/Election.mp4
electric_bicycle,electric bicycle,2,https://drive.google.com/drive/folders/1U-Pr4r1-cupgNOOq9NH_uTsQnPSVEKco,data/_source/isl_dictionary/E/Electric_Bicycle.mp4,16333,ISLRTC,src=E/Electric_Bicycle.mp4
electric_bike,electric bike,2,https://drive.google.com/drive/folders/1U-Pr4r1-cupgNOOq9NH_uTsQnPSVEKco,data/_source/isl_dictionary/E/Electric_Bike.mp4,9958,ISLRTC,src=E/Electric_Bike.mp4
electric_bus,electric bus,2,https://drive.google.com/drive/folders/1U-Pr4r1-cupgNOOq9NH_uTsQnPSVEKco,data/_source/isl_dictionary/E/Electric_Bus.mp4,12958,ISLRTC,src=E/Electric_Bus.mp4
electric_car,electric car,2,https://drive.google.com/drive/folders/1U-Pr4r1-cupgNOOq9NH_uTsQnPSVEKco,data/_source/isl_dictionary/E/Electric_Car.mp4,9625,ISLRTC,src=E/Electric_Car.mp4
electric_charge,electric charge,2,https://drive.google.com/drive/folders/1U-Pr4r1-cupgNOOq9NH_uTsQnPSVEKco,data/_source/isl_dictionary/E/Electric_Charge.mp4,25760,ISLRTC,src=E/Electric_Charge.mp4
electric_vehicle,electric vehicle,2,https://drive.google.com/drive/folders/1U-Pr4r1-cupgNOOq9NH_uTsQnPSVEKco,data/_source/isl_dictionary/E/Electric_Vehicle.mp4,25917,ISLRTC,src=E/Electric_Vehicle.mp4
electrolyte,electrolyte,1,https://drive.google.com/drive/folders/1U-Pr4r1-cupgNOOq9NH_uTsQnPSVEKco,data/_source/isl_dictionary/E/Electrolyte_(Sign_2).mp4,2360,ISLRTC,src=E/Electrolyte_(Sign_2).mp4
electron,electron,1,https://drive.google.com/drive/folders/1U-Pr4r1-cupgNOOq9NH_uTsQnPSVEKco,data/_source/isl_dictionary/E/Electron.mp4,3920,ISLRTC,src=E/Electron.mp4
electronic_signature,electronic signature,2,https://drive.google.com/drive/folders/1U-Pr4r1-cupgNOOq9NH_uTsQnPSVEKco,data/_source/isl_dictionary/E/Electronic_Signature.m4v,18880,ISLRTC,src=E/Electronic_Signature.m4v
electroplating,electroplating,1,https://drive.google.com/drive/folders/1U-Pr4r1-cupgNOOq9NH_uTsQnPSVEKco,data/_source/isl_dictionary/E/Electroplating.mp4,27600,ISLRTC,src=E/Electroplating.mp4
electroscope,electroscope,1,https://drive.google.com/drive/folders/1U-Pr4r1-cupgNOOq9NH_uTsQnPSVEKco,data/_source/isl_dictionary/E/Electroscope.mp4,29200,ISLRTC,src=E/Electroscope.mp4
elevated_mood,elevated mood,2,https://drive.google.com/drive/folders/1U-Pr4r1-cupgNOOq9NH_uTsQnPSVEKco,data/_source/isl_dictionary/MHSL - 259/Elevated_mood.mp4,24600,ISLRTC,src=MHSL - 259/Elevated_mood.mp4
elevated_plot,elevated plot,2,https://drive.google.com/drive/folders/1U-Pr4r1-cupgNOOq9NH_uTsQnPSVEKco,data/_source/isl_dictionary/E/Elevated_Plot.mp4,10083,ISLRTC,src=E/Elevated_Plot.mp4
elevation,elevation,1,https://drive.google.com/drive/folders/1U-Pr4r1-cupgNOOq9NH_uTsQnPSVEKco,data/_source/isl_dictionary/E/Elevation_(Sign_2).mp4,14640,ISLRTC,src=E/Elevation_(Sign_2).mp4
eleven,eleven,1,https://drive.google.com/drive/folders/1U-Pr4r1-cupgNOOq9NH_uTsQnPSVEKco,data/_source/isl_dictionary/Numbers/11_Eleven.mp4,3360,ISLRTC,src=Numbers/11_Eleven.mp4
ellipse_tool,ellipse tool,2,https://drive.google.com/drive/folders/1U-Pr4r1-cupgNOOq9NH_uTsQnPSVEKco,data/_source/isl_dictionary/E/Ellipse_Tool.mp4,9417,ISLRTC,src=E/Ellipse_Tool.mp4
email,email,1,https://drive.google.com/drive/folders/1U-Pr4r1-cupgNOOq9NH_uTsQnPSVEKco,data/_source/isl_dictionary/E/Email.mp4,3880,ISLRTC,src=E/Email.mp4
email_counselling,email counselling,2,https://drive.google.com/drive/folders/1U-Pr4r1-cupgNOOq9NH_uTsQnPSVEKco,data/_source/isl_dictionary/MHSL - 259/Email_counselling.mp4,20608,ISLRTC,src=MHSL - 259/Email_counselling.mp4
email_notification,email notification,2,https://drive.google.com/drive/folders/1U-Pr4r1-cupgNOOq9NH_uTsQnPSVEKco,data/_source/isl_dictionary/E/Email_Notification.mp4,13040,ISLRTC,src=E/Email_Notification.mp4
embarrassing_yourself,embarrassing yourself,2,https://drive.google.com/drive/folders/1U-Pr4r1-cupgNOOq9NH_uTsQnPSVEKco,data/_source/isl_dictionary/MHSL - 259/Embarrassing_yourself.mp4,24200,ISLRTC,src=MHSL - 259/Embarrassing_yourself.mp4
embryonic_development,embryonic development,2,https://drive.google.com/drive/folders/1U-Pr4r1-cupgNOOq9NH_uTsQnPSVEKco,data/_source/isl_dictionary/E/Embryonic_Development.mp4,14880,ISLRTC,src=E/Embryonic_Development.mp4
emd_template,emd template,2,https://drive.google.com/drive/folders/1U-Pr4r1-cupgNOOq9NH_uTsQnPSVEKco,data/_source/isl_dictionary/E/Emd_Template.mp4,23458,ISLRTC,src=E/Emd_Template.mp4
emergency,emergency,1,https://drive.google.com/drive/folders/1U-Pr4r1-cupgNOOq9NH_uTsQnPSVEKco,data/_source/isl_dictionary/E/Emergency.mp4,4320,ISLRTC,src=E/Emergency.mp4
emergency_medical_services,emergency medical services,3,https://drive.google.com/drive/folders/1U-Pr4r1-cupgNOOq9NH_uTsQnPSVEKco,data/_source/isl_dictionary/MHSL - 259/Emergency_Medical_Services.mp4,23978,ISLRTC,src=MHSL - 259/Emergency_Medical_Services.mp4
eminent_expert_committee,eminent expert committee,3,https://drive.google.com/drive/folders/1U-Pr4r1-cupgNOOq9NH_uTsQnPSVEKco,data/_source/isl_dictionary/E/Eminent_Expert_Committee_(EEC).mp4,30000,ISLRTC,src=E/Eminent_Expert_Committee_(EEC).mp4
emotional_management,emotional management,2,https://drive.google.com/drive/folders/1U-Pr4r1-cupgNOOq9NH_uTsQnPSVEKco,data/_source/isl_dictionary/MHSL - 259/Emotional_management.mp4,29568,ISLRTC,src=MHSL - 259/Emotional_management.mp4
emotional_numbness,emotional numbness,2,https://drive.google.com/drive/folders/1U-Pr4r1-cupgNOOq9NH_uTsQnPSVEKco,data/_source/isl_dictionary/MHSL - 259/Emotional_numbness.mp4,29720,ISLRTC,src=MHSL - 259/Emotional_numbness.mp4
emotional_support,emotional support,2,https://drive.google.com/drive/folders/1U-Pr4r1-cupgNOOq9NH_uTsQnPSVEKco,data/_source/isl_dictionary/MHSL - 259/Emotional_Support.mp4,20885,ISLRTC,src=MHSL - 259/Emotional_Support.mp4
emotionally_vulnerable,emotionally vulnerable,2,https://drive.google.com/drive/folders/1U-Pr4r1-cupgNOOq9NH_uTsQnPSVEKco,data/_source/isl_dictionary/MHSL - 259/Emotionally_vulnerable.mp4,24000,ISLRTC,src=MHSL - 259/Emotionally_vulnerable.mp4
emotions,emotions,1,https://drive.google.com/drive/folders/1U-Pr4r1-cupgNOOq9NH_uTsQnPSVEKco,data/_source/isl_dictionary/MHSL - 259/Emotions.mp4,18440,ISLRTC,src=MHSL - 259/Emotions.mp4
employee_worker,employee worker,2,https://drive.google.com/drive/folders/1U-Pr4r1-cupgNOOq9NH_uTsQnPSVEKco,data/_source/isl_dictionary/E/Employee_Worker.mp4,3960,ISLRTC,src=E/Employee_Worker.mp4
empty,empty,1,https://drive.google.com/drive/folders/1U-Pr4r1-cupgNOOq9NH_uTsQnPSVEKco,data/_source/isl_dictionary/N/None_Nothing_Empty.mp4,3960,ISLRTC,alias of 'none nothing empty': dictionary files three synonyms under one sign
encapsulated_postscript,encapsulated postscript,2,https://drive.google.com/drive/folders/1U-Pr4r1-cupgNOOq9NH_uTsQnPSVEKco,data/_source/isl_dictionary/E/Encapsulated_Postscript.mp4,15708,ISLRTC,src=E/Encapsulated_Postscript.mp4
endangered_species,endangered species,2,https://drive.google.com/drive/folders/1U-Pr4r1-cupgNOOq9NH_uTsQnPSVEKco,data/_source/isl_dictionary/E/Endangered_Species.mp4,21600,ISLRTC,src=E/Endangered_Species.mp4
energy,energy,1,https://drive.google.com/drive/folders/1U-Pr4r1-cupgNOOq9NH_uTsQnPSVEKco,data/_source/isl_dictionary/E/Energy_(Sign).mp4,3360,ISLRTC,src=E/Energy_(Sign).mp4; 1 other variant(s)
energy_management,energy management,2,https://drive.google.com/drive/folders/1U-Pr4r1-cupgNOOq9NH_uTsQnPSVEKco,data/_source/isl_dictionary/E/Energy_Management.mp4,25375,ISLRTC,src=E/Energy_Management.mp4
engine,engine,1,https://drive.google.com/drive/folders/1U-Pr4r1-cupgNOOq9NH_uTsQnPSVEKco,data/_source/isl_dictionary/E/Engine_(Sign_2).mp4,10875,ISLRTC,src=E/Engine_(Sign_2).mp4
england,england,1,https://drive.google.com/drive/folders/1U-Pr4r1-cupgNOOq9NH_uTsQnPSVEKco,data/_source/isl_dictionary/E/England.mp4,2680,ISLRTC,src=E/England.mp4; 1 other variant(s)
english,english,1,https://drive.google.com/drive/folders/1U-Pr4r1-cupgNOOq9NH_uTsQnPSVEKco,data/_source/isl_dictionary/E/English.mp4,2480,ISLRTC,src=E/English.mp4
english_bond,english bond,2,https://drive.google.com/drive/folders/1U-Pr4r1-cupgNOOq9NH_uTsQnPSVEKco,data/_source/isl_dictionary/E/English_Bond.mp4,21625,ISLRTC,src=E/English_Bond.mp4
english_mumbai,english mumbai,2,https://drive.google.com/drive/folders/1U-Pr4r1-cupgNOOq9NH_uTsQnPSVEKco,data/_source/isl_dictionary/E/English_Mumbai.mp4,3715,ISLRTC,src=E/English_Mumbai.mp4
enjoy,enjoy,1,https://drive.google.com/drive/folders/1U-Pr4r1-cupgNOOq9NH_uTsQnPSVEKco,data/_source/isl_dictionary/E/Enjoy.mp4,3560,ISLRTC,src=E/Enjoy.mp4
enough,enough,1,https://drive.google.com/drive/folders/1U-Pr4r1-cupgNOOq9NH_uTsQnPSVEKco,data/_source/isl_dictionary/E/Enough.mp4,3560,ISLRTC,src=E/Enough.mp4
enraged,enraged,1,https://drive.google.com/drive/folders/1U-Pr4r1-cupgNOOq9NH_uTsQnPSVEKco,data/_source/isl_dictionary/A/Angry_Enraged_Furious.mp4,2480,ISLRTC,alias of 'angry enraged furious': dictionary files three synonyms under one sign
entepot_trade,entepot trade,2,https://drive.google.com/drive/folders/1U-Pr4r1-cupgNOOq9NH_uTsQnPSVEKco,data/_source/isl_dictionary/E/Entepot_Trade.mp4,29292,ISLRTC,src=E/Entepot_Trade.mp4
enter,enter,1,https://drive.google.com/drive/folders/1U-Pr4r1-cupgNOOq9NH_uTsQnPSVEKco,data/_source/isl_dictionary/E/Enter.mp4,8840,ISLRTC,src=E/Enter.mp4
entire,entire,1,https://drive.google.com/drive/folders/1U-Pr4r1-cupgNOOq9NH_uTsQnPSVEKco,data/_source/isl_dictionary/New 2500 ISL Dictionary Videos/BCS/Entire - English.mp4,14780,ISLRTC,src=New 2500 ISL Dictionary Videos/BCS/Entire - English.mp4
entire_identity,entire identity,2,https://drive.google.com/drive/folders/1U-Pr4r1-cupgNOOq9NH_uTsQnPSVEKco,data/_source/isl_dictionary/MHSL - 259/Entire_Identity.mp4,24682,ISLRTC,src=MHSL - 259/Entire_Identity.mp4
entrepreneur_and_entrepreneurship,entrepreneur and entrepreneurship,3,https://drive.google.com/drive/folders/1U-Pr4r1-cupgNOOq9NH_uTsQnPSVEKco,data/_source/isl_dictionary/E/Entrepreneur_And_Entrepreneurship.mp4,18080,ISLRTC,src=E/Entrepreneur_And_Entrepreneurship.mp4
entry,entry,1,https://drive.google.com/drive/folders/1U-Pr4r1-cupgNOOq9NH_uTsQnPSVEKco,data/_source/isl_dictionary/E/Entry.mp4,16080,ISLRTC,src=E/Entry.mp4
environment,environment,1,https://drive.google.com/drive/folders/1U-Pr4r1-cupgNOOq9NH_uTsQnPSVEKco,data/_source/isl_dictionary/E/Environment.mp4,3360,ISLRTC,src=E/Environment.mp4; 1 other variant(s)
enzyme,enzyme,1,https://drive.google.com/drive/folders/1U-Pr4r1-cupgNOOq9NH_uTsQnPSVEKco,data/_source/isl_dictionary/E/Enzyme.mp4,3360,ISLRTC,src=E/Enzyme.mp4
eoffice_portal,eoffice portal,2,https://drive.google.com/drive/folders/1U-Pr4r1-cupgNOOq9NH_uTsQnPSVEKco,data/_source/isl_dictionary/E/Eoffice_Portal.mp4,8375,ISLRTC,src=E/Eoffice_Portal.mp4
epidermal_hair,epidermal hair,2,https://drive.google.com/drive/folders/1U-Pr4r1-cupgNOOq9NH_uTsQnPSVEKco,data/_source/isl_dictionary/E/Epidermal_Hair.mp4,4080,ISLRTC,src=E/Epidermal_Hair.mp4
eprisons,eprisons,1,https://drive.google.com/drive/folders/1U-Pr4r1-cupgNOOq9NH_uTsQnPSVEKco,data/_source/isl_dictionary/E/E-Prisons.mp4,26280,ISLRTC,src=E/E-Prisons.mp4
equal,equal,1,https://drive.google.com/drive/folders/1U-Pr4r1-cupgNOOq9NH_uTsQnPSVEKco,data/_source/isl_dictionary/E/Equal.mp4,3680,ISLRTC,src=E/Equal.mp4
equator,equator,1,https://drive.google.com/drive/folders/1U-Pr4r1-cupgNOOq9NH_uTsQnPSVEKco,data/_source/isl_dictionary/E/Equator.mp4,27024,ISLRTC,src=E/Equator.mp4
equilibrium_level_of_gnp,equilibrium level of gnp,4,https://drive.google.com/drive/folders/1U-Pr4r1-cupgNOOq9NH_uTsQnPSVEKco,data/_source/isl_dictionary/E/Equilibrium_Level_Of_Gnp.mp4,28708,ISLRTC,src=E/Equilibrium_Level_Of_Gnp.mp4
equipment,equipment,1,https://drive.google.com/drive/folders/1U-Pr4r1-cupgNOOq9NH_uTsQnPSVEKco,data/_source/isl_dictionary/E/Equipment.mp4,4800,ISLRTC,src=E/Equipment.mp4
erect_weeds,erect weeds,2,https://drive.google.com/drive/folders/1U-Pr4r1-cupgNOOq9NH_uTsQnPSVEKco,data/_source/isl_dictionary/E/Erect_Weeds.mp4,15125,ISLRTC,src=E/Erect_Weeds.mp4
escalator,escalator,1,https://drive.google.com/drive/folders/1U-Pr4r1-cupgNOOq9NH_uTsQnPSVEKco,data/_source/isl_dictionary/E/Escalator.mp4,7320,ISLRTC,src=E/Escalator.mp4
estate_tax,estate tax,2,https://drive.google.com/drive/folders/1U-Pr4r1-cupgNOOq9NH_uTsQnPSVEKco,data/_source/isl_dictionary/E/Estate_Tax.mp4,20625,ISLRTC,src=E/Estate_Tax.mp4
estuary,estuary,1,https://drive.google.com/drive/folders/1U-Pr4r1-cupgNOOq9NH_uTsQnPSVEKco,data/_source/isl_dictionary/E/Estuary.mp4,17280,ISLRTC,src=E/Estuary.mp4
euphorbia_roylleana,euphorbia roylleana,2,https://drive.google.com/drive/folders/1U-Pr4r1-cupgNOOq9NH_uTsQnPSVEKco,data/_source/isl_dictionary/E/Euphorbia_Roylleana.mp4,17000,ISLRTC,src=E/Euphorbia_Roylleana.mp4
europe,europe,1,https://drive.google.com/drive/folders/1U-Pr4r1-cupgNOOq9NH_uTsQnPSVEKco,data/_source/isl_dictionary/E/Europe.mp4,3080,ISLRTC,src=E/Europe.mp4
european_honey_bee,european honey bee,3,https://drive.google.com/drive/folders/1U-Pr4r1-cupgNOOq9NH_uTsQnPSVEKco,data/_source/isl_dictionary/E/European_Honey_Bee.mp4,21125,ISLRTC,src=E/European_Honey_Bee.mp4
european_option,european option,2,https://drive.google.com/drive/folders/1U-Pr4r1-cupgNOOq9NH_uTsQnPSVEKco,data/_source/isl_dictionary/E/European_option.mp4,23429,ISLRTC,src=E/European_option.mp4
evaluation,evaluation,1,https://drive.google.com/drive/folders/1U-Pr4r1-cupgNOOq9NH_uTsQnPSVEKco,data/_source/isl_dictionary/E/Evaluation.mp4,21333,ISLRTC,src=E/Evaluation.mp4
evaporate,evaporate,1,https://drive.google.com/drive/folders/1U-Pr4r1-cupgNOOq9NH_uTsQnPSVEKco,data/_source/isl_dictionary/E/Evaporate.mp4,3280,ISLRTC,src=E/Evaporate.mp4
evapotranspiration,evapotranspiration,1,https://drive.google.com/drive/folders/1U-Pr4r1-cupgNOOq9NH_uTsQnPSVEKco,data/_source/isl_dictionary/E/Evapotranspiration.mp4,18720,ISLRTC,src=E/Evapotranspiration.mp4; 1 other variant(s)
evening,evening,1,https://drive.google.com/drive/folders/1U-Pr4r1-cupgNOOq9NH_uTsQnPSVEKco,data/_source/isl_dictionary/E/Evening.mp4,2560,ISLRTC,src=E/Evening.mp4
event,event,1,https://drive.google.com/drive/folders/1U-Pr4r1-cupgNOOq9NH_uTsQnPSVEKco,data/_source/isl_dictionary/E/Event.mp4,4080,ISLRTC,src=E/Event.mp4
every_time,every time,2,https://drive.google.com/drive/folders/1U-Pr4r1-cupgNOOq9NH_uTsQnPSVEKco,data/_source/isl_dictionary/A/Always_Every_time.mp4,3520,ISLRTC,alias of 'always every time': dictionary files both phrases under one sign
everything,everything,1,https://drive.google.com/drive/folders/1U-Pr4r1-cupgNOOq9NH_uTsQnPSVEKco,data/_source/isl_dictionary/E/Everything.mp4,4040,ISLRTC,src=E/Everything.mp4
evil,evil,1,https://drive.google.com/drive/folders/1U-Pr4r1-cupgNOOq9NH_uTsQnPSVEKco,data/_source/isl_dictionary/E/Evil.mp4,3920,ISLRTC,src=E/Evil.mp4
ewaste,ewaste,1,https://drive.google.com/drive/folders/1U-Pr4r1-cupgNOOq9NH_uTsQnPSVEKco,data/_source/isl_dictionary/E/E-Waste.mp4,12520,ISLRTC,src=E/E-Waste.mp4
ewe,ewe,1,https://drive.google.com/drive/folders/1U-Pr4r1-cupgNOOq9NH_uTsQnPSVEKco,data/_source/isl_dictionary/E/Ewe.mp4,9125,ISLRTC,src=E/Ewe.mp4
ex_ante_distribution,ex ante distribution,3,https://drive.google.com/drive/folders/1U-Pr4r1-cupgNOOq9NH_uTsQnPSVEKco,data/_source/isl_dictionary/E/Ex_Ante_Distribution.mp4,21125,ISLRTC,src=E/Ex_Ante_Distribution.mp4
ex_bonus,ex bonus,2,https://drive.google.com/drive/folders/1U-Pr4r1-cupgNOOq9NH_uTsQnPSVEKco,data/_source/isl_dictionary/E/Ex_Bonus.mp4,27678,ISLRTC,src=E/Ex_Bonus.mp4
ex_dividend,ex dividend,2,https://drive.google.com/drive/folders/1U-Pr4r1-cupgNOOq9NH_uTsQnPSVEKco,data/_source/isl_dictionary/E/Ex_Dividend.mp4,24497,ISLRTC,src=E/Ex_Dividend.mp4
ex_parte_order,ex parte order,3,https://drive.google.com/drive/folders/1U-Pr4r1-cupgNOOq9NH_uTsQnPSVEKco,data/_source/isl_dictionary/E/Ex-_Parte_Order.m4v,27560,ISLRTC,src=E/Ex-_Parte_Order.m4v
example,example,1,https://drive.google.com/drive/folders/1U-Pr4r1-cupgNOOq9NH_uTsQnPSVEKco,data/_source/isl_dictionary/E/Example.mp4,3880,ISLRTC,src=E/Example.mp4
excessive_crying,excessive crying,2,https://drive.google.com/drive/folders/1U-Pr4r1-cupgNOOq9NH_uTsQnPSVEKco,data/_source/isl_dictionary/MHSL - 259/Excessive_crying.mp4,24960,ISLRTC,src=MHSL - 259/Excessive_crying.mp4
exchange_traded,exchange traded,2,https://drive.google.com/drive/folders/1U-Pr4r1-cupgNOOq9NH_uTsQnPSVEKco,data/_source/isl_dictionary/E/Exchange_Traded.mp4,25217,ISLRTC,src=E/Exchange_Traded.mp4
excise_tax,excise tax,2,https://drive.google.com/drive/folders/1U-Pr4r1-cupgNOOq9NH_uTsQnPSVEKco,data/_source/isl_dictionary/E/Excise_Tax.mp4,17750,ISLRTC,src=E/Excise_Tax.mp4
exclamation_mark,exclamation mark,2,https://drive.google.com/drive/folders/1U-Pr4r1-cupgNOOq9NH_uTsQnPSVEKco,data/_source/isl_dictionary/E/Exclamation_Mark.mp4,4042,ISLRTC,src=E/Exclamation_Mark.mp4
excrement_faeces_potty,excrement faeces potty,3,https://drive.google.com/drive/folders/1U-Pr4r1-cupgNOOq9NH_uTsQnPSVEKco,data/_source/isl_dictionary/E/Excrement_Faeces_Potty.mp4,3320,ISLRTC,src=E/Excrement_Faeces_Potty.mp4
excursioinist,excursioinist,1,https://drive.google.com/drive/folders/1U-Pr4r1-cupgNOOq9NH_uTsQnPSVEKco,data/_source/isl_dictionary/E/Excursioinist.mp4,12000,ISLRTC,src=E/Excursioinist.mp4
excuse,excuse,1,https://drive.google.com/drive/folders/1U-Pr4r1-cupgNOOq9NH_uTsQnPSVEKco,data/_source/isl_dictionary/E/Excuse.mp4,5080,ISLRTC,src=E/Excuse.mp4
excuse_me,excuse me,2,https://drive.google.com/drive/folders/1U-Pr4r1-cupgNOOq9NH_uTsQnPSVEKco,data/_source/isl_dictionary/E/Excuse_Me.mp4,3600,ISLRTC,src=E/Excuse_Me.mp4
execute,execute,1,https://drive.google.com/drive/folders/1U-Pr4r1-cupgNOOq9NH_uTsQnPSVEKco,data/_source/isl_dictionary/New 2500 ISL Dictionary Videos/BCS/Execute - English.mp4,16100,ISLRTC,src=New 2500 ISL Dictionary Videos/BCS/Execute - English.mp4
exercise,exercise,1,https://drive.google.com/drive/folders/1U-Pr4r1-cupgNOOq9NH_uTsQnPSVEKco,data/_source/isl_dictionary/E/Exercise.mp4,3240,ISLRTC,src=E/Exercise.mp4
exercise_of_option,exercise of option,3,https://drive.google.com/drive/folders/1U-Pr4r1-cupgNOOq9NH_uTsQnPSVEKco,data/_source/isl_dictionary/E/Exercise_of_Option.mp4,28816,ISLRTC,src=E/Exercise_of_Option.mp4
exhausted,exhausted,1,https://drive.google.com/drive/folders/1U-Pr4r1-cupgNOOq9NH_uTsQnPSVEKco,data/_source/isl_dictionary/E/Exhausted.mp4,22200,ISLRTC,src=E/Exhausted.mp4
exist,exist,1,https://drive.google.com/drive/folders/1U-Pr4r1-cupgNOOq9NH_uTsQnPSVEKco,data/_source/isl_dictionary/MHSL - 259/Exist.mp4,21056,ISLRTC,src=MHSL - 259/Exist.mp4
exit,exit,1,https://drive.google.com/drive/folders/1U-Pr4r1-cupgNOOq9NH_uTsQnPSVEKco,data/_source/isl_dictionary/E/Exit.mp4,15080,ISLRTC,src=E/Exit.mp4
exotic_breeds_of_poultry,exotic breeds of poultry,4,https://drive.google.com/drive/folders/1U-Pr4r1-cupgNOOq9NH_uTsQnPSVEKco,data/_source/isl_dictionary/E/Exotic_Breeds_Of_Poultry.mp4,27375,ISLRTC,src=E/Exotic_Breeds_Of_Poultry.mp4
exotic_goat,exotic goat,2,https://drive.google.com/drive/folders/1U-Pr4r1-cupgNOOq9NH_uTsQnPSVEKco,data/_source/isl_dictionary/E/Exotic_Goat.mp4,17292,ISLRTC,src=E/Exotic_Goat.mp4
exotic_sheep,exotic sheep,2,https://drive.google.com/drive/folders/1U-Pr4r1-cupgNOOq9NH_uTsQnPSVEKco,data/_source/isl_dictionary/E/Exotic_Sheep.mp4,14833,ISLRTC,src=E/Exotic_Sheep.mp4
expense,expense,1,https://drive.google.com/drive/folders/1U-Pr4r1-cupgNOOq9NH_uTsQnPSVEKco,data/_source/isl_dictionary/E/Expense.mp4,2625,ISLRTC,src=E/Expense.mp4
expensive,expensive,1,https://drive.google.com/drive/folders/1U-Pr4r1-cupgNOOq9NH_uTsQnPSVEKco,data/_source/isl_dictionary/E/Expensive_(Sign_2).mp4,4542,ISLRTC,src=E/Expensive_(Sign_2).mp4
experience,experience,1,https://drive.google.com/drive/folders/1U-Pr4r1-cupgNOOq9NH_uTsQnPSVEKco,data/_source/isl_dictionary/E/Experience.mp4,3480,ISLRTC,src=E/Experience.mp4
expiration_date,expiration date,2,https://drive.google.com/drive/folders/1U-Pr4r1-cupgNOOq9NH_uTsQnPSVEKco,data/_source/isl_dictionary/E/Expiration_date.mp4,16370,ISLRTC,src=E/Expiration_date.mp4
exploitation,exploitation,1,https://drive.google.com/drive/folders/1U-Pr4r1-cupgNOOq9NH_uTsQnPSVEKco,data/_source/isl_dictionary/E/Exploitation.mp4,4208,ISLRTC,src=E/Exploitation.mp4
export_licence,export licence,2,https://drive.google.com/drive/folders/1U-Pr4r1-cupgNOOq9NH_uTsQnPSVEKco,data/_source/isl_dictionary/E/Export_Licence.mp4,24917,ISLRTC,src=E/Export_Licence.mp4
exporting_graphics,exporting graphics,2,https://drive.google.com/drive/folders/1U-Pr4r1-cupgNOOq9NH_uTsQnPSVEKco,data/_source/isl_dictionary/E/Exporting_Graphics.mp4,14583,ISLRTC,src=E/Exporting_Graphics.mp4
exposed,exposed,1,https://drive.google.com/drive/folders/1U-Pr4r1-cupgNOOq9NH_uTsQnPSVEKco,data/_source/isl_dictionary/MHSL - 259/Exposed.mp4,26133,ISLRTC,src=MHSL - 259/Exposed.mp4
express,express,1,https://drive.google.com/drive/folders/1U-Pr4r1-cupgNOOq9NH_uTsQnPSVEKco,data/_source/isl_dictionary/E/Express.mp4,3738,ISLRTC,src=E/Express.mp4
express_train,express train,2,https://drive.google.com/drive/folders/1U-Pr4r1-cupgNOOq9NH_uTsQnPSVEKco,data/_source/isl_dictionary/E/Express_Train.mp4,5760,ISLRTC,src=E/Express_Train.mp4
exterior_angle,exterior angle,2,https://drive.google.com/drive/folders/1U-Pr4r1-cupgNOOq9NH_uTsQnPSVEKco,data/_source/isl_dictionary/E/Exterior_Angle.mp4,23875,ISLRTC,src=E/Exterior_Angle.mp4
external_appearance,external appearance,2,https://drive.google.com/drive/folders/1U-Pr4r1-cupgNOOq9NH_uTsQnPSVEKco,data/_source/isl_dictionary/E/External_Appearance.mp4,26375,ISLRTC,src=E/External_Appearance.mp4
external_costs,external costs,2,https://drive.google.com/drive/folders/1U-Pr4r1-cupgNOOq9NH_uTsQnPSVEKco,data/_source/isl_dictionary/E/External_Costs.mp4,26375,ISLRTC,src=E/External_Costs.mp4
external_parasite,external parasite,2,https://drive.google.com/drive/folders/1U-Pr4r1-cupgNOOq9NH_uTsQnPSVEKco,data/_source/isl_dictionary/E/External_Parasite.mp4,10625,ISLRTC,src=E/External_Parasite.mp4
externality,externality,1,https://drive.google.com/drive/folders/1U-Pr4r1-cupgNOOq9NH_uTsQnPSVEKco,data/_source/isl_dictionary/E/Externality.mp4,28833,ISLRTC,src=E/Externality.mp4
extinction,extinction,1,https://drive.google.com/drive/folders/1U-Pr4r1-cupgNOOq9NH_uTsQnPSVEKco,data/_source/isl_dictionary/E/Extinction.mp4,26400,ISLRTC,src=E/Extinction.mp4
extra,extra,1,https://drive.google.com/drive/folders/1U-Pr4r1-cupgNOOq9NH_uTsQnPSVEKco,data/_source/isl_dictionary/E/Extra.mp4,4160,ISLRTC,src=E/Extra.mp4
extrinsic_tourists,extrinsic tourists,2,https://drive.google.com/drive/folders/1U-Pr4r1-cupgNOOq9NH_uTsQnPSVEKco,data/_source/isl_dictionary/E/Extrinsic_Tourists.mp4,24958,ISLRTC,src=E/Extrinsic_Tourists.mp4
eye,eye,1,https://drive.google.com/drive/folders/1U-Pr4r1-cupgNOOq9NH_uTsQnPSVEKco,data/_source/isl_dictionary/E/Eye.mp4,2600,ISLRTC,src=E/Eye.mp4
eye_donors,eye donors,2,https://drive.google.com/drive/folders/1U-Pr4r1-cupgNOOq9NH_uTsQnPSVEKco,data/_source/isl_dictionary/E/Eye_Donors.mp4,13167,ISLRTC,src=E/Eye_Donors.mp4
eye_lens,eye lens,2,https://drive.google.com/drive/folders/1U-Pr4r1-cupgNOOq9NH_uTsQnPSVEKco,data/_source/isl_dictionary/E/Eye_Lens.mp4,11000,ISLRTC,src=E/Eye_Lens.mp4
face,face,1,https://drive.google.com/drive/folders/1U-Pr4r1-cupgNOOq9NH_uTsQnPSVEKco,data/_source/isl_dictionary/F/Face.mp4,5440,ISLRTC,src=F/Face.mp4; 1 other variant(s)
facewash,facewash,1,https://drive.google.com/drive/folders/1U-Pr4r1-cupgNOOq9NH_uTsQnPSVEKco,data/_source/isl_dictionary/F/Facewash_(Liquid_Gel).mp4,4458,ISLRTC,src=F/Facewash_(Liquid_Gel).mp4
facial_composite,facial composite,2,https://drive.google.com/drive/folders/1U-Pr4r1-cupgNOOq9NH_uTsQnPSVEKco,data/_source/isl_dictionary/F/Facial_Composite.mp4,25400,ISLRTC,src=F/Facial_Composite.mp4
fact,fact,1,https://drive.google.com/drive/folders/1U-Pr4r1-cupgNOOq9NH_uTsQnPSVEKco,data/_source/isl_dictionary/F/Fact.mp4,2880,ISLRTC,src=F/Fact.mp4; 1 other variant(s)
factitious,factitious,1,https://drive.google.com/drive/folders/1U-Pr4r1-cupgNOOq9NH_uTsQnPSVEKco,data/_source/isl_dictionary/MHSL - 259/Factitious.mp4,24000,ISLRTC,src=MHSL - 259/Factitious.mp4
factorisation,factorisation,1,https://drive.google.com/drive/folders/1U-Pr4r1-cupgNOOq9NH_uTsQnPSVEKco,data/_source/isl_dictionary/F/Factorisation_(Sign_2).mp4,18833,ISLRTC,src=F/Factorisation_(Sign_2).mp4
factors,factors,1,https://drive.google.com/drive/folders/1U-Pr4r1-cupgNOOq9NH_uTsQnPSVEKco,data/_source/isl_dictionary/F/Factors.mp4,4708,ISLRTC,src=F/Factors.mp4
factory,factory,1,https://drive.google.com/drive/folders/1U-Pr4r1-cupgNOOq9NH_uTsQnPSVEKco,data/_source/isl_dictionary/F/Factory.mp4,4080,ISLRTC,src=F/Factory.mp4
faint_pass_out_lose_consciousness,faint pass out lose consciousness,5,https://drive.google.com/drive/folders/1U-Pr4r1-cupgNOOq9NH_uTsQnPSVEKco,data/_source/isl_dictionary/F/Faint_Pass_Out_Lose_Consciousness.mp4,4417,ISLRTC,src=F/Faint_Pass_Out_Lose_Consciousness.mp4
fair,fair,1,https://drive.google.com/drive/folders/1U-Pr4r1-cupgNOOq9NH_uTsQnPSVEKco,data/_source/isl_dictionary/F/Fair.mp4,4160,ISLRTC,src=F/Fair.mp4
faith,faith,1,https://drive.google.com/drive/folders/1U-Pr4r1-cupgNOOq9NH_uTsQnPSVEKco,data/_source/isl_dictionary/F/Faith.mp4,3320,ISLRTC,src=F/Faith.mp4
fake,fake,1,https://drive.google.com/drive/folders/1U-Pr4r1-cupgNOOq9NH_uTsQnPSVEKco,data/_source/isl_dictionary/F/Fake.mp4,4600,ISLRTC,src=F/Fake.mp4
fall,fall,1,https://drive.google.com/drive/folders/1U-Pr4r1-cupgNOOq9NH_uTsQnPSVEKco,data/_source/isl_dictionary/F/Fall.mp4,3680,ISLRTC,src=F/Fall.mp4; 1 other variant(s)
false,false,1,https://drive.google.com/drive/folders/1U-Pr4r1-cupgNOOq9NH_uTsQnPSVEKco,data/_source/isl_dictionary/F/False.mp4,3880,ISLRTC,src=F/False.mp4
false_evidence_or_fabricated_evidence_or_tainted_evidence,false evidence or fabricated evidence or tainted evidence,8,https://drive.google.com/drive/folders/1U-Pr4r1-cupgNOOq9NH_uTsQnPSVEKco,data/_source/isl_dictionary/F/False_Evidence_Or_Fabricated_Evidence_Or_Tainted_Evidence.mp4,25760,ISLRTC,src=F/False_Evidence_Or_Fabricated_Evidence_Or_Tainted_Evidence.mp4
family,family,1,https://drive.google.com/drive/folders/1U-Pr4r1-cupgNOOq9NH_uTsQnPSVEKco,data/_source/isl_dictionary/F/Family.mp4,5840,ISLRTC,src=F/Family.mp4
family_problems,family problems,2,https://drive.google.com/drive/folders/1U-Pr4r1-cupgNOOq9NH_uTsQnPSVEKco,data/_source/isl_dictionary/MHSL - 259/Family_problems.mp4,19776,ISLRTC,src=MHSL - 259/Family_problems.mp4
famous,famous,1,https://drive.google.com/drive/folders/1U-Pr4r1-cupgNOOq9NH_uTsQnPSVEKco,data/_source/isl_dictionary/F/Famous.mp4,4080,ISLRTC,src=F/Famous.mp4
fan,fan,1,https://drive.google.com/drive/folders/1U-Pr4r1-cupgNOOq9NH_uTsQnPSVEKco,data/_source/isl_dictionary/F/Fan.mp4,3440,ISLRTC,src=F/Fan.mp4
far,far,1,https://drive.google.com/drive/folders/1U-Pr4r1-cupgNOOq9NH_uTsQnPSVEKco,data/_source/isl_dictionary/F/Far.mp4,2360,ISLRTC,src=F/Far.mp4
farewell_address,farewell address,2,https://drive.google.com/drive/folders/1U-Pr4r1-cupgNOOq9NH_uTsQnPSVEKco,data/_source/isl_dictionary/F/Farewell_Address.mp4,17520,ISLRTC,src=F/Farewell_Address.mp4
farm,farm,1,https://drive.google.com/drive/folders/1U-Pr4r1-cupgNOOq9NH_uTsQnPSVEKco,data/_source/isl_dictionary/F/Farm.mp4,4040,ISLRTC,src=F/Farm.mp4
farm_budgeting,farm budgeting,2,https://drive.google.com/drive/folders/1U-Pr4r1-cupgNOOq9NH_uTsQnPSVEKco,data/_source/isl_dictionary/F/Farm_Budgeting.mp4,23500,ISLRTC,src=F/Farm_Budgeting.mp4
farmer,farmer,1,https://drive.google.com/drive/folders/1U-Pr4r1-cupgNOOq9NH_uTsQnPSVEKco,data/_source/isl_dictionary/F/Farmer_(Sign_2).mp4,5240,ISLRTC,src=F/Farmer_(Sign_2).mp4
fart_pass_gas,fart pass gas,3,https://drive.google.com/drive/folders/1U-Pr4r1-cupgNOOq9NH_uTsQnPSVEKco,data/_source/isl_dictionary/F/Fart_Pass_Gas.mp4,3040,ISLRTC,src=F/Fart_Pass_Gas.mp4
fashion_style,fashion style,2,https://drive.google.com/drive/folders/1U-Pr4r1-cupgNOOq9NH_uTsQnPSVEKco,data/_source/isl_dictionary/F/Fashion_Style.mp4,2206,ISLRTC,src=F/Fashion_Style.mp4
fast,fast,1,https://drive.google.com/drive/folders/1U-Pr4r1-cupgNOOq9NH_uTsQnPSVEKco,data/_source/isl_dictionary/F/Fast.mp4,3360,ISLRTC,src=F/Fast.mp4; 1 other variant(s)
fast_growing_temporary_hedges,fast growing temporary hedges,4,https://drive.google.com/drive/folders/1U-Pr4r1-cupgNOOq9NH_uTsQnPSVEKco,data/_source/isl_dictionary/F/Fast_Growing_Temporary_Hedges.mp4,11640,ISLRTC,src=F/Fast_Growing_Temporary_Hedges.mp4
fat,fat,1,https://drive.google.com/drive/folders/1U-Pr4r1-cupgNOOq9NH_uTsQnPSVEKco,data/_source/isl_dictionary/F/Fat.mp4,2920,ISLRTC,src=F/Fat.mp4
fat_test_of_milk,fat test of milk,4,https://drive.google.com/drive/folders/1U-Pr4r1-cupgNOOq9NH_uTsQnPSVEKco,data/_source/isl_dictionary/F/Fat_Test_Of_Milk.mp4,11750,ISLRTC,src=F/Fat_Test_Of_Milk.mp4
father,father,1,https://drive.google.com/drive/folders/1U-Pr4r1-cupgNOOq9NH_uTsQnPSVEKco,data/_source/isl_dictionary/F/Father.mp4,5040,ISLRTC,src=F/Father.mp4
fatherinlaw,fatherinlaw,1,https://drive.google.com/drive/folders/1U-Pr4r1-cupgNOOq9NH_uTsQnPSVEKco,data/_source/isl_dictionary/F/Father-In-Law_(Husband_s_Father).mp4,4000,ISLRTC,src=F/Father-In-Law_(Husband_s_Father).mp4; 1 other variant(s)
fatigued,fatigued,1,https://drive.google.com/drive/folders/1U-Pr4r1-cupgNOOq9NH_uTsQnPSVEKco,data/_source/isl_dictionary/T/Tired_Exhausted_Fatigued.mp4,4080,ISLRTC,alias of 'tired exhausted fatigued': dictionary files three synonyms under one sign
fawn,fawn,1,https://drive.google.com/drive/folders/1U-Pr4r1-cupgNOOq9NH_uTsQnPSVEKco,data/_source/isl_dictionary/F/Fawn.mp4,4583,ISLRTC,src=F/Fawn.mp4
fax,fax,1,https://drive.google.com/drive/folders/1U-Pr4r1-cupgNOOq9NH_uTsQnPSVEKco,data/_source/isl_dictionary/F/Fax.mp4,4280,ISLRTC,src=F/Fax.mp4
fear,fear,1,https://drive.google.com/drive/folders/1U-Pr4r1-cupgNOOq9NH_uTsQnPSVEKco,data/_source/isl_dictionary/F/Fear.mp4,4280,ISLRTC,src=F/Fear.mp4
fearful,fearful,1,https://drive.google.com/drive/folders/1U-Pr4r1-cupgNOOq9NH_uTsQnPSVEKco,data/_source/isl_dictionary/MHSL - 259/Fearful.mp4,17840,ISLRTC,src=MHSL - 259/Fearful.mp4
february,february,1,https://drive.google.com/drive/folders/1U-Pr4r1-cupgNOOq9NH_uTsQnPSVEKco,data/_source/isl_dictionary/F/February.mp4,3920,ISLRTC,src=F/February.mp4
fed_up,fed up,2,https://drive.google.com/drive/folders/1U-Pr4r1-cupgNOOq9NH_uTsQnPSVEKco,data/_source/isl_dictionary/F/Fed_Up.mp4,2960,ISLRTC,src=F/Fed_Up.mp4
fee,fee,1,https://drive.google.com/drive/folders/1U-Pr4r1-cupgNOOq9NH_uTsQnPSVEKco,data/_source/isl_dictionary/New 2500 ISL Dictionary Videos/Yunikee 2/English/Fee.mp4,10240,ISLRTC,src=New 2500 ISL Dictionary Videos/Yunikee 2/English/Fee.mp4
feed,feed,1,https://drive.google.com/drive/folders/1U-Pr4r1-cupgNOOq9NH_uTsQnPSVEKco,data/_source/isl_dictionary/F/Feed.mp4,24680,ISLRTC,src=F/Feed.mp4
feeling,feeling,1,https://drive.google.com/drive/folders/1U-Pr4r1-cupgNOOq9NH_uTsQnPSVEKco,data/_source/isl_dictionary/F/Feeling.mp4,2920,ISLRTC,src=F/Feeling.mp4
female,female,1,https://drive.google.com/drive/folders/1U-Pr4r1-cupgNOOq9NH_uTsQnPSVEKco,data/_source/isl_dictionary/F/Female.mp4,3320,ISLRTC,src=F/Female.mp4
ferrocement,ferrocement,1,https://drive.google.com/drive/folders/1U-Pr4r1-cupgNOOq9NH_uTsQnPSVEKco,data/_source/isl_dictionary/F/Ferrocement.mp4,29292,ISLRTC,src=F/Ferrocement.mp4
fertilization,fertilization,1,https://drive.google.com/drive/folders/1U-Pr4r1-cupgNOOq9NH_uTsQnPSVEKco,data/_source/isl_dictionary/F/Fertilization.mp4,21880,ISLRTC,src=F/Fertilization.mp4
festival,festival,1,https://drive.google.com/drive/folders/1U-Pr4r1-cupgNOOq9NH_uTsQnPSVEKco,data/_source/isl_dictionary/F/Festival.mp4,3560,ISLRTC,src=F/Festival.mp4
few,few,1,https://drive.google.com/drive/folders/1U-Pr4r1-cupgNOOq9NH_uTsQnPSVEKco,data/_source/isl_dictionary/L/Less_Few.mp4,3080,ISLRTC,alias of 'less few': dictionary files both words under one sign
fiance,fiance,1,https://drive.google.com/drive/folders/1U-Pr4r1-cupgNOOq9NH_uTsQnPSVEKco,data/_source/isl_dictionary/F/Fiance_(Sign_2).mp4,3080,ISLRTC,src=F/Fiance_(Sign_2).mp4
fiber_crops,fiber crops,2,https://drive.google.com/drive/folders/1U-Pr4r1-cupgNOOq9NH_uTsQnPSVEKco,data/_source/isl_dictionary/F/Fiber_Crops.mp4,26400,ISLRTC,src=F/Fiber_Crops.mp4
fibre_reinforced_concrete,fibre reinforced concrete,3,https://drive.google.com/drive/folders/1U-Pr4r1-cupgNOOq9NH_uTsQnPSVEKco,data/_source/isl_dictionary/F/Fibre_Reinforced_Concrete.mp4,28333,ISLRTC,src=F/Fibre_Reinforced_Concrete.mp4
field_capacity,field capacity,2,https://drive.google.com/drive/folders/1U-Pr4r1-cupgNOOq9NH_uTsQnPSVEKco,data/_source/isl_dictionary/F/Field_Capacity.mp4,23583,ISLRTC,src=F/Field_Capacity.mp4
fielder,fielder,1,https://drive.google.com/drive/folders/1U-Pr4r1-cupgNOOq9NH_uTsQnPSVEKco,data/_source/isl_dictionary/F/Fielder.mp4,6240,ISLRTC,src=F/Fielder.mp4
fifteen,fifteen,1,https://drive.google.com/drive/folders/1U-Pr4r1-cupgNOOq9NH_uTsQnPSVEKco,data/_source/isl_dictionary/Numbers/15_Fifteen.mp4,4320,ISLRTC,src=Numbers/15_Fifteen.mp4
fifty,fifty,1,https://drive.google.com/drive/folders/1U-Pr4r1-cupgNOOq9NH_uTsQnPSVEKco,data/_source/isl_dictionary/Numbers/50_Fifty.mp4,3960,ISLRTC,src=Numbers/50_Fifty.mp4
fifty_halfcentury,fifty halfcentury,2,https://drive.google.com/drive/folders/1U-Pr4r1-cupgNOOq9NH_uTsQnPSVEKco,data/_source/isl_dictionary/F/Fifty_Half-Century.mp4,4583,ISLRTC,src=F/Fifty_Half-Century.mp4; 1 other variant(s)
fight,fight,1,https://drive.google.com/drive/folders/1U-Pr4r1-cupgNOOq9NH_uTsQnPSVEKco,data/_source/isl_dictionary/F/Fight_(Sign_2).mp4,3160,ISLRTC,src=F/Fight_(Sign_2).mp4
figure,figure,1,https://drive.google.com/drive/folders/1U-Pr4r1-cupgNOOq9NH_uTsQnPSVEKco,data/_source/isl_dictionary/F/Figure.mp4,19792,ISLRTC,src=F/Figure.mp4
file,file,1,https://drive.google.com/drive/folders/1U-Pr4r1-cupgNOOq9NH_uTsQnPSVEKco,data/_source/isl_dictionary/F/File_(Sign_2).mp4,19960,ISLRTC,src=F/File_(Sign_2).mp4
filling,filling,1,https://drive.google.com/drive/folders/1U-Pr4r1-cupgNOOq9NH_uTsQnPSVEKco,data/_source/isl_dictionary/F/Filling.mp4,24120,ISLRTC,src=F/Filling.mp4
film_city,film city,2,https://drive.google.com/drive/folders/1U-Pr4r1-cupgNOOq9NH_uTsQnPSVEKco,data/_source/isl_dictionary/F/Film_City.mp4,4040,ISLRTC,src=F/Film_City.mp4
final,final,1,https://drive.google.com/drive/folders/1U-Pr4r1-cupgNOOq9NH_uTsQnPSVEKco,data/_source/isl_dictionary/F/Final.mp4,3480,ISLRTC,src=F/Final.mp4
finance,finance,1,https://drive.google.com/drive/folders/1U-Pr4r1-cupgNOOq9NH_uTsQnPSVEKco,data/_source/isl_dictionary/F/Finance.mp4,3800,ISLRTC,src=F/Finance.mp4
financial_markets,financial markets,2,https://drive.google.com/drive/folders/1U-Pr4r1-cupgNOOq9NH_uTsQnPSVEKco,data/_source/isl_dictionary/F/Financial_Markets.mp4,26146,ISLRTC,src=F/Financial_Markets.mp4
financial_services,financial services,2,https://drive.google.com/drive/folders/1U-Pr4r1-cupgNOOq9NH_uTsQnPSVEKco,data/_source/isl_dictionary/F/Financial_services.mp4,18288,ISLRTC,src=F/Financial_services.mp4
find,find,1,https://drive.google.com/drive/folders/1U-Pr4r1-cupgNOOq9NH_uTsQnPSVEKco,data/_source/isl_dictionary/F/Find.mp4,3360,ISLRTC,src=F/Find.mp4
fine,fine,1,https://drive.google.com/drive/folders/1U-Pr4r1-cupgNOOq9NH_uTsQnPSVEKco,data/_source/isl_dictionary/F/Fine_(Health).mp4,3320,ISLRTC,src=F/Fine_(Health).mp4
fingerspell,fingerspell,1,https://drive.google.com/drive/folders/1U-Pr4r1-cupgNOOq9NH_uTsQnPSVEKco,data/_source/isl_dictionary/F/Fingerspell.mp4,3440,ISLRTC,src=F/Fingerspell.mp4
finish,finish,1,https://drive.google.com/drive/folders/1U-Pr4r1-cupgNOOq9NH_uTsQnPSVEKco,data/_source/isl_dictionary/F/Finish.mp4,4160,ISLRTC,src=F/Finish.mp4
fink,fink,1,https://drive.google.com/drive/folders/1U-Pr4r1-cupgNOOq9NH_uTsQnPSVEKco,data/_source/isl_dictionary/F/Fink.mp4,17250,ISLRTC,src=F/Fink.mp4
finland,finland,1,https://drive.google.com/drive/folders/1U-Pr4r1-cupgNOOq9NH_uTsQnPSVEKco,data/_source/isl_dictionary/F/Finland.mp4,2800,ISLRTC,src=F/Finland.mp4
fire,fire,1,https://drive.google.com/drive/folders/1U-Pr4r1-cupgNOOq9NH_uTsQnPSVEKco,data/_source/isl_dictionary/F/Fire.mp4,4640,ISLRTC,src=F/Fire.mp4
fire_detection_alarm,fire detection alarm,3,https://drive.google.com/drive/folders/1U-Pr4r1-cupgNOOq9NH_uTsQnPSVEKco,data/_source/isl_dictionary/F/Fire_Detection_Alarm.mp4,18208,ISLRTC,src=F/Fire_Detection_Alarm.mp4
fire_extinguisher,fire extinguisher,2,https://drive.google.com/drive/folders/1U-Pr4r1-cupgNOOq9NH_uTsQnPSVEKco,data/_source/isl_dictionary/F/Fire_Extinguisher.mp4,5400,ISLRTC,src=F/Fire_Extinguisher.mp4
fire_proofing,fire proofing,2,https://drive.google.com/drive/folders/1U-Pr4r1-cupgNOOq9NH_uTsQnPSVEKco,data/_source/isl_dictionary/F/Fire_Proofing.mp4,16042,ISLRTC,src=F/Fire_Proofing.mp4
firing,firing,1,https://drive.google.com/drive/folders/1U-Pr4r1-cupgNOOq9NH_uTsQnPSVEKco,data/_source/isl_dictionary/F/Firing.mp4,15208,ISLRTC,src=F/Firing.mp4
firm,firm,1,https://drive.google.com/drive/folders/1U-Pr4r1-cupgNOOq9NH_uTsQnPSVEKco,data/_source/isl_dictionary/F/Firm.mp4,24458,ISLRTC,src=F/Firm.mp4
first,first,1,https://drive.google.com/drive/folders/1U-Pr4r1-cupgNOOq9NH_uTsQnPSVEKco,data/_source/isl_dictionary/F/First.mp4,3120,ISLRTC,src=F/First.mp4
fiscal_federalism,fiscal federalism,2,https://drive.google.com/drive/folders/1U-Pr4r1-cupgNOOq9NH_uTsQnPSVEKco,data/_source/isl_dictionary/F/Fiscal_Federalism.mp4,16750,ISLRTC,src=F/Fiscal_Federalism.mp4
fiscal_policy,fiscal policy,2,https://drive.google.com/drive/folders/1U-Pr4r1-cupgNOOq9NH_uTsQnPSVEKco,data/_source/isl_dictionary/F/Fiscal_Policy.mp4,16167,ISLRTC,src=F/Fiscal_Policy.mp4
fish,fish,1,https://drive.google.com/drive/folders/1U-Pr4r1-cupgNOOq9NH_uTsQnPSVEKco,data/_source/isl_dictionary/F/Fish.mp4,3120,ISLRTC,src=F/Fish.mp4
fish_as_a_food_of_cattle,fish as a food of cattle,6,https://drive.google.com/drive/folders/1U-Pr4r1-cupgNOOq9NH_uTsQnPSVEKco,data/_source/isl_dictionary/F/Fish_As_A_Food_Of_Cattle.mp4,6750,ISLRTC,src=F/Fish_As_A_Food_Of_Cattle.mp4
fish_as_a_human_food,fish as a human food,5,https://drive.google.com/drive/folders/1U-Pr4r1-cupgNOOq9NH_uTsQnPSVEKco,data/_source/isl_dictionary/F/Fish_As_A_Human_Food.mp4,8667,ISLRTC,src=F/Fish_As_A_Human_Food.mp4
fish_farm_implements,fish farm implements,3,https://drive.google.com/drive/folders/1U-Pr4r1-cupgNOOq9NH_uTsQnPSVEKco,data/_source/isl_dictionary/F/Fish_Farm_Implements.mp4,19625,ISLRTC,src=F/Fish_Farm_Implements.mp4
fish_fin,fish fin,2,https://drive.google.com/drive/folders/1U-Pr4r1-cupgNOOq9NH_uTsQnPSVEKco,data/_source/isl_dictionary/F/Fish_Fin.mp4,28333,ISLRTC,src=F/Fish_Fin.mp4
fish_food,fish food,2,https://drive.google.com/drive/folders/1U-Pr4r1-cupgNOOq9NH_uTsQnPSVEKco,data/_source/isl_dictionary/F/Fish_Food.mp4,9625,ISLRTC,src=F/Fish_Food.mp4
fish_leather,fish leather,2,https://drive.google.com/drive/folders/1U-Pr4r1-cupgNOOq9NH_uTsQnPSVEKco,data/_source/isl_dictionary/F/Fish_Leather.mp4,18542,ISLRTC,src=F/Fish_Leather.mp4
fish_manure,fish manure,2,https://drive.google.com/drive/folders/1U-Pr4r1-cupgNOOq9NH_uTsQnPSVEKco,data/_source/isl_dictionary/F/Fish_Manure.mp4,23542,ISLRTC,src=F/Fish_Manure.mp4
fish_oil,fish oil,2,https://drive.google.com/drive/folders/1U-Pr4r1-cupgNOOq9NH_uTsQnPSVEKco,data/_source/isl_dictionary/F/Fish_Oil.mp4,29250,ISLRTC,src=F/Fish_Oil.mp4
fishing,fishing,1,https://drive.google.com/drive/folders/1U-Pr4r1-cupgNOOq9NH_uTsQnPSVEKco,data/_source/isl_dictionary/F/Fishing.mp4,4167,ISLRTC,src=F/Fishing.mp4
fishing_for_decoration_purpose,fishing for decoration purpose,4,https://drive.google.com/drive/folders/1U-Pr4r1-cupgNOOq9NH_uTsQnPSVEKco,data/_source/isl_dictionary/F/Fishing_For_Decoration_Purpose.mp4,16208,ISLRTC,src=F/Fishing_For_Decoration_Purpose.mp4
fishing_for_games_sports,fishing for games sports,4,https://drive.google.com/drive/folders/1U-Pr4r1-cupgNOOq9NH_uTsQnPSVEKco,data/_source/isl_dictionary/F/Fishing_For_Games_Sports.mp4,4917,ISLRTC,src=F/Fishing_For_Games_Sports.mp4
fission,fission,1,https://drive.google.com/drive/folders/1U-Pr4r1-cupgNOOq9NH_uTsQnPSVEKco,data/_source/isl_dictionary/F/Fission.mp4,9500,ISLRTC,src=F/Fission.mp4
fit,fit,1,https://drive.google.com/drive/folders/1U-Pr4r1-cupgNOOq9NH_uTsQnPSVEKco,data/_source/isl_dictionary/F/Fit_(Healthy).mp4,4240,ISLRTC,src=F/Fit_(Healthy).mp4
five,five,1,https://drive.google.com/drive/folders/1U-Pr4r1-cupgNOOq9NH_uTsQnPSVEKco,data/_source/isl_dictionary/Numbers/5_Five.mp4,4000,ISLRTC,src=Numbers/5_Five.mp4
five_hundred,five hundred,2,https://drive.google.com/drive/folders/1U-Pr4r1-cupgNOOq9NH_uTsQnPSVEKco,data/_source/isl_dictionary/Numbers/500_Five_Hundred.mp4,3560,ISLRTC,src=Numbers/500_Five_Hundred.mp4
fixed_automation,fixed automation,2,https://drive.google.com/drive/folders/1U-Pr4r1-cupgNOOq9NH_uTsQnPSVEKco,data/_source/isl_dictionary/F/Fixed_Automation.mp4,27840,ISLRTC,src=F/Fixed_Automation.mp4
fixed_deposit,fixed deposit,2,https://drive.google.com/drive/folders/1U-Pr4r1-cupgNOOq9NH_uTsQnPSVEKco,data/_source/isl_dictionary/F/Fixed_Deposit_(FD).mp4,3375,ISLRTC,src=F/Fixed_Deposit_(FD).mp4
fixed_interest,fixed interest,2,https://drive.google.com/drive/folders/1U-Pr4r1-cupgNOOq9NH_uTsQnPSVEKco,data/_source/isl_dictionary/F/Fixed_interest.mp4,19876,ISLRTC,src=F/Fixed_interest.mp4
flag,flag,1,https://drive.google.com/drive/folders/1U-Pr4r1-cupgNOOq9NH_uTsQnPSVEKco,data/_source/isl_dictionary/F/Flag.mp4,19417,ISLRTC,src=F/Flag.mp4; 1 other variant(s)
flash,flash,1,https://drive.google.com/drive/folders/1U-Pr4r1-cupgNOOq9NH_uTsQnPSVEKco,data/_source/isl_dictionary/F/Flash_(Camera).mp4,4800,ISLRTC,src=F/Flash_(Camera).mp4
flask,flask,1,https://drive.google.com/drive/folders/1U-Pr4r1-cupgNOOq9NH_uTsQnPSVEKco,data/_source/isl_dictionary/F/Flask.mp4,18083,ISLRTC,src=F/Flask.mp4
flat_gardens,flat gardens,2,https://drive.google.com/drive/folders/1U-Pr4r1-cupgNOOq9NH_uTsQnPSVEKco,data/_source/isl_dictionary/F/Flat_Gardens.mp4,10958,ISLRTC,src=F/Flat_Gardens.mp4
flat_tax,flat tax,2,https://drive.google.com/drive/folders/1U-Pr4r1-cupgNOOq9NH_uTsQnPSVEKco,data/_source/isl_dictionary/F/Flat_Tax.mp4,14875,ISLRTC,src=F/Flat_Tax.mp4
fleece,fleece,1,https://drive.google.com/drive/folders/1U-Pr4r1-cupgNOOq9NH_uTsQnPSVEKco,data/_source/isl_dictionary/F/Fleece.mp4,8250,ISLRTC,src=F/Fleece.mp4
flemish_bond,flemish bond,2,https://drive.google.com/drive/folders/1U-Pr4r1-cupgNOOq9NH_uTsQnPSVEKco,data/_source/isl_dictionary/F/Flemish_Bond.mp4,24000,ISLRTC,src=F/Flemish_Bond.mp4
floating_graphics,floating graphics,2,https://drive.google.com/drive/folders/1U-Pr4r1-cupgNOOq9NH_uTsQnPSVEKco,data/_source/isl_dictionary/F/Floating_Graphics.mp4,29458,ISLRTC,src=F/Floating_Graphics.mp4
floating_plants,floating plants,2,https://drive.google.com/drive/folders/1U-Pr4r1-cupgNOOq9NH_uTsQnPSVEKco,data/_source/isl_dictionary/F/Floating_Plants.mp4,12458,ISLRTC,src=F/Floating_Plants.mp4
flock_of_birds,flock of birds,3,https://drive.google.com/drive/folders/1U-Pr4r1-cupgNOOq9NH_uTsQnPSVEKco,data/_source/isl_dictionary/F/Flock_Of_Birds.mp4,6500,ISLRTC,src=F/Flock_Of_Birds.mp4
flock_of_goats_herd_of_goats_trip_of_goats,flock of goats herd of goats trip of goats,9,https://drive.google.com/drive/folders/1U-Pr4r1-cupgNOOq9NH_uTsQnPSVEKco,data/_source/isl_dictionary/F/Flock_Of_Goats_Herd_Of_Goats_Trip_Of_Goats.mp4,5720,ISLRTC,src=F/Flock_Of_Goats_Herd_Of_Goats_Trip_Of_Goats.mp4
flock_of_sheep_herd_of_sheep_mob_of_sheep,flock of sheep herd of sheep mob of sheep,9,https://drive.google.com/drive/folders/1U-Pr4r1-cupgNOOq9NH_uTsQnPSVEKco,data/_source/isl_dictionary/F/Flock_Of_Sheep_Herd_Of_Sheep_Mob_Of_Sheep.mp4,6440,ISLRTC,src=F/Flock_Of_Sheep_Herd_Of_Sheep_Mob_Of_Sheep.mp4
flood,flood,1,https://drive.google.com/drive/folders/1U-Pr4r1-cupgNOOq9NH_uTsQnPSVEKco,data/_source/isl_dictionary/F/Flood_(Sign_3).mp4,4320,ISLRTC,src=F/Flood_(Sign_3).mp4
floor,floor,1,https://drive.google.com/drive/folders/1U-Pr4r1-cupgNOOq9NH_uTsQnPSVEKco,data/_source/isl_dictionary/F/Floor.mp4,4640,ISLRTC,src=F/Floor.mp4
floriculture,floriculture,1,https://drive.google.com/drive/folders/1U-Pr4r1-cupgNOOq9NH_uTsQnPSVEKco,data/_source/isl_dictionary/F/Floriculture.mp4,10920,ISLRTC,src=F/Floriculture.mp4
flower,flower,1,https://drive.google.com/drive/folders/1U-Pr4r1-cupgNOOq9NH_uTsQnPSVEKco,data/_source/isl_dictionary/F/Flower.mp4,3520,ISLRTC,src=F/Flower.mp4
flower_for_beautification,flower for beautification,3,https://drive.google.com/drive/folders/1U-Pr4r1-cupgNOOq9NH_uTsQnPSVEKco,data/_source/isl_dictionary/F/Flower_For_Beautification.mp4,7792,ISLRTC,src=F/Flower_For_Beautification.mp4
flower_for_bed_purpose,flower for bed purpose,4,https://drive.google.com/drive/folders/1U-Pr4r1-cupgNOOq9NH_uTsQnPSVEKco,data/_source/isl_dictionary/F/Flower_For_Bed_Purpose.mp4,29958,ISLRTC,src=F/Flower_For_Bed_Purpose.mp4
flower_for_climbing,flower for climbing,3,https://drive.google.com/drive/folders/1U-Pr4r1-cupgNOOq9NH_uTsQnPSVEKco,data/_source/isl_dictionary/F/Flower_For_Climbing.mp4,19000,ISLRTC,src=F/Flower_For_Climbing.mp4
flower_for_controlling_soil_erosion,flower for controlling soil erosion,5,https://drive.google.com/drive/folders/1U-Pr4r1-cupgNOOq9NH_uTsQnPSVEKco,data/_source/isl_dictionary/F/Flower_For_Controlling_Soil_Erosion.mp4,10833,ISLRTC,src=F/Flower_For_Controlling_Soil_Erosion.mp4
flower_for_demarcation_of_areas,flower for demarcation of areas,5,https://drive.google.com/drive/folders/1U-Pr4r1-cupgNOOq9NH_uTsQnPSVEKco,data/_source/isl_dictionary/F/Flower_For_Demarcation_Of_Areas.mp4,28042,ISLRTC,src=F/Flower_For_Demarcation_Of_Areas.mp4
flower_for_economic_importance,flower for economic importance,4,https://drive.google.com/drive/folders/1U-Pr4r1-cupgNOOq9NH_uTsQnPSVEKco,data/_source/isl_dictionary/F/Flower_For_Economic_Importance.mp4,20667,ISLRTC,src=F/Flower_For_Economic_Importance.mp4
flower_for_exhibition,flower for exhibition,3,https://drive.google.com/drive/folders/1U-Pr4r1-cupgNOOq9NH_uTsQnPSVEKco,data/_source/isl_dictionary/F/Flower_For_Exhibition.mp4,12000,ISLRTC,src=F/Flower_For_Exhibition.mp4
flower_for_hanging_baskets,flower for hanging baskets,4,https://drive.google.com/drive/folders/1U-Pr4r1-cupgNOOq9NH_uTsQnPSVEKco,data/_source/isl_dictionary/F/Flower_For_Hanging_Baskets.mp4,12167,ISLRTC,src=F/Flower_For_Hanging_Baskets.mp4
flower_for_medical_importance,flower for medical importance,4,https://drive.google.com/drive/folders/1U-Pr4r1-cupgNOOq9NH_uTsQnPSVEKco,data/_source/isl_dictionary/F/Flower_For_Medical_Importance.mp4,9833,ISLRTC,src=F/Flower_For_Medical_Importance.mp4
flower_for_ornamental,flower for ornamental,3,https://drive.google.com/drive/folders/1U-Pr4r1-cupgNOOq9NH_uTsQnPSVEKco,data/_source/isl_dictionary/F/Flower_For_Ornamental.mp4,29583,ISLRTC,src=F/Flower_For_Ornamental.mp4
flower_for_recreation,flower for recreation,3,https://drive.google.com/drive/folders/1U-Pr4r1-cupgNOOq9NH_uTsQnPSVEKco,data/_source/isl_dictionary/F/Flower_For_Recreation.mp4,9167,ISLRTC,src=F/Flower_For_Recreation.mp4
flower_for_rock_gardens,flower for rock gardens,4,https://drive.google.com/drive/folders/1U-Pr4r1-cupgNOOq9NH_uTsQnPSVEKco,data/_source/isl_dictionary/F/Flower_For_Rock_Gardens.mp4,21500,ISLRTC,src=F/Flower_For_Rock_Gardens.mp4
flowering_foliage_shrubs,flowering foliage shrubs,3,https://drive.google.com/drive/folders/1U-Pr4r1-cupgNOOq9NH_uTsQnPSVEKco,data/_source/isl_dictionary/F/Flowering_Foliage_Shrubs.mp4,16000,ISLRTC,src=F/Flowering_Foliage_Shrubs.mp4
flowering_hedges,flowering hedges,2,https://drive.google.com/drive/folders/1U-Pr4r1-cupgNOOq9NH_uTsQnPSVEKco,data/_source/isl_dictionary/F/Flowering_Hedges.mp4,9160,ISLRTC,src=F/Flowering_Hedges.mp4
flowers_for_pot,flowers for pot,3,https://drive.google.com/drive/folders/1U-Pr4r1-cupgNOOq9NH_uTsQnPSVEKco,data/_source/isl_dictionary/F/Flowers_For_Pot.mp4,7917,ISLRTC,src=F/Flowers_For_Pot.mp4
flowers_for_religious_spiritual_importance,flowers for religious spiritual importance,5,https://drive.google.com/drive/folders/1U-Pr4r1-cupgNOOq9NH_uTsQnPSVEKco,data/_source/isl_dictionary/F/Flowers_For_Religious_Spiritual_Importance.mp4,19042,ISLRTC,src=F/Flowers_For_Religious_Spiritual_Importance.mp4
fluctuate,fluctuate,1,https://drive.google.com/drive/folders/1U-Pr4r1-cupgNOOq9NH_uTsQnPSVEKco,data/_source/isl_dictionary/F/Fluctuate.mp4,23250,ISLRTC,src=F/Fluctuate.mp4
fly,fly,1,https://drive.google.com/drive/folders/1U-Pr4r1-cupgNOOq9NH_uTsQnPSVEKco,data/_source/isl_dictionary/F/Fly.mp4,3080,ISLRTC,src=F/Fly.mp4
flyover,flyover,1,https://drive.google.com/drive/folders/1U-Pr4r1-cupgNOOq9NH_uTsQnPSVEKco,data/_source/isl_dictionary/F/Flyover_(Road).mp4,8960,ISLRTC,src=F/Flyover_(Road).mp4
flyway,flyway,1,https://drive.google.com/drive/folders/1U-Pr4r1-cupgNOOq9NH_uTsQnPSVEKco,data/_source/isl_dictionary/F/Flyway.mp4,18167,ISLRTC,src=F/Flyway.mp4
focus,focus,1,https://drive.google.com/drive/folders/1U-Pr4r1-cupgNOOq9NH_uTsQnPSVEKco,data/_source/isl_dictionary/F/Focus.mp4,4600,ISLRTC,src=F/Focus.mp4
focus_and_epicentre,focus and epicentre,3,https://drive.google.com/drive/folders/1U-Pr4r1-cupgNOOq9NH_uTsQnPSVEKco,data/_source/isl_dictionary/F/Focus_And_Epicentre.mp4,21880,ISLRTC,src=F/Focus_And_Epicentre.mp4
folding_screens,folding screens,2,https://drive.google.com/drive/folders/1U-Pr4r1-cupgNOOq9NH_uTsQnPSVEKco,data/_source/isl_dictionary/F/Folding_Screens.mp4,9125,ISLRTC,src=F/Folding_Screens.mp4
follow,follow,1,https://drive.google.com/drive/folders/1U-Pr4r1-cupgNOOq9NH_uTsQnPSVEKco,data/_source/isl_dictionary/F/Follow.mp4,3640,ISLRTC,src=F/Follow.mp4
foment,foment,1,https://drive.google.com/drive/folders/1U-Pr4r1-cupgNOOq9NH_uTsQnPSVEKco,data/_source/isl_dictionary/F/Foment.mp4,19208,ISLRTC,src=F/Foment.mp4
font,font,1,https://drive.google.com/drive/folders/1U-Pr4r1-cupgNOOq9NH_uTsQnPSVEKco,data/_source/isl_dictionary/F/Font.mp4,17000,ISLRTC,src=F/Font.mp4
font_weight,font weight,2,https://drive.google.com/drive/folders/1U-Pr4r1-cupgNOOq9NH_uTsQnPSVEKco,data/_source/isl_dictionary/F/Font_Weight.mp4,6625,ISLRTC,src=F/Font_Weight.mp4
food,food,1,https://drive.google.com/drive/folders/1U-Pr4r1-cupgNOOq9NH_uTsQnPSVEKco,data/_source/isl_dictionary/F/Food.mp4,3240,ISLRTC,src=F/Food.mp4
food_chain,food chain,2,https://drive.google.com/drive/folders/1U-Pr4r1-cupgNOOq9NH_uTsQnPSVEKco,data/_source/isl_dictionary/F/Food_Chain_(Sign_2).mp4,30000,ISLRTC,src=F/Food_Chain_(Sign_2).mp4
food_security,food security,2,https://drive.google.com/drive/folders/1U-Pr4r1-cupgNOOq9NH_uTsQnPSVEKco,data/_source/isl_dictionary/F/Food_Security_(Sign_2).mp4,3760,ISLRTC,src=F/Food_Security_(Sign_2).mp4
foot,foot,1,https://drive.google.com/drive/folders/1U-Pr4r1-cupgNOOq9NH_uTsQnPSVEKco,data/_source/isl_dictionary/F/Foot_(Body_Part).mp4,4960,ISLRTC,src=F/Foot_(Body_Part).mp4
foot_mat_doormat,foot mat doormat,3,https://drive.google.com/drive/folders/1U-Pr4r1-cupgNOOq9NH_uTsQnPSVEKco,data/_source/isl_dictionary/F/Foot_Mat_Doormat.mp4,6880,ISLRTC,src=F/Foot_Mat_Doormat.mp4
foot_overbridge_fob,foot overbridge fob,3,https://drive.google.com/drive/folders/1U-Pr4r1-cupgNOOq9NH_uTsQnPSVEKco,data/_source/isl_dictionary/F/Foot_Overbridge_Fob.mp4,17292,ISLRTC,src=F/Foot_Overbridge_Fob.mp4
footage,footage,1,https://drive.google.com/drive/folders/1U-Pr4r1-cupgNOOq9NH_uTsQnPSVEKco,data/_source/isl_dictionary/F/Footage.mp4,10042,ISLRTC,src=F/Footage.mp4
football,football,1,https://drive.google.com/drive/folders/1U-Pr4r1-cupgNOOq9NH_uTsQnPSVEKco,data/_source/isl_dictionary/F/Football.mp4,3320,ISLRTC,src=F/Football.mp4
fop,fop,1,https://drive.google.com/drive/folders/1U-Pr4r1-cupgNOOq9NH_uTsQnPSVEKco,data/_source/isl_dictionary/F/FOP.mp4,28235,ISLRTC,src=F/FOP.mp4
for_sight_reading,for sight reading,3,https://drive.google.com/drive/folders/1U-Pr4r1-cupgNOOq9NH_uTsQnPSVEKco,data/_source/isl_dictionary/F/For_Sight_Reading.mp4,16750,ISLRTC,src=F/For_Sight_Reading.mp4
forage,forage,1,https://drive.google.com/drive/folders/1U-Pr4r1-cupgNOOq9NH_uTsQnPSVEKco,data/_source/isl_dictionary/F/Forage.mp4,8875,ISLRTC,src=F/Forage.mp4
forage_disease,forage disease,2,https://drive.google.com/drive/folders/1U-Pr4r1-cupgNOOq9NH_uTsQnPSVEKco,data/_source/isl_dictionary/F/Forage_Disease.mp4,21840,ISLRTC,src=F/Forage_Disease.mp4
force,force,1,https://drive.google.com/drive/folders/1U-Pr4r1-cupgNOOq9NH_uTsQnPSVEKco,data/_source/isl_dictionary/F/Force_(Sign_3).mp4,3440,ISLRTC,src=F/Force_(Sign_3).mp4
foreign_tourist,foreign tourist,2,https://drive.google.com/drive/folders/1U-Pr4r1-cupgNOOq9NH_uTsQnPSVEKco,data/_source/isl_dictionary/F/Foreign_Tourist.mp4,21625,ISLRTC,src=F/Foreign_Tourist.mp4
forensic_report,forensic report,2,https://drive.google.com/drive/folders/1U-Pr4r1-cupgNOOq9NH_uTsQnPSVEKco,data/_source/isl_dictionary/F/Forensic_Report.mp4,23680,ISLRTC,src=F/Forensic_Report.mp4
forest,forest,1,https://drive.google.com/drive/folders/1U-Pr4r1-cupgNOOq9NH_uTsQnPSVEKco,data/_source/isl_dictionary/F/Forest.mp4,4800,ISLRTC,src=F/Forest.mp4
forest_floor,forest floor,2,https://drive.google.com/drive/folders/1U-Pr4r1-cupgNOOq9NH_uTsQnPSVEKco,data/_source/isl_dictionary/F/Forest_Floor.mp4,20542,ISLRTC,src=F/Forest_Floor.mp4
forest_weeds,forest weeds,2,https://drive.google.com/drive/folders/1U-Pr4r1-cupgNOOq9NH_uTsQnPSVEKco,data/_source/isl_dictionary/F/Forest_Weeds.mp4,17680,ISLRTC,src=F/Forest_Weeds.mp4
forget,forget,1,https://drive.google.com/drive/folders/1U-Pr4r1-cupgNOOq9NH_uTsQnPSVEKco,data/_derived/h264/F/Forget.mp4,3576,ISLRTC,src=F/Forget.mpg; transcoded from mpeg2video
forgetfulness,forgetfulness,1,https://drive.google.com/drive/folders/1U-Pr4r1-cupgNOOq9NH_uTsQnPSVEKco,data/_source/isl_dictionary/MHSL - 259/Forgetfulness.mp4,18858,ISLRTC,src=MHSL - 259/Forgetfulness.mp4
form,form,1,https://drive.google.com/drive/folders/1U-Pr4r1-cupgNOOq9NH_uTsQnPSVEKco,data/_source/isl_dictionary/F/Form.mp4,5400,ISLRTC,src=F/Form.mp4
format,format,1,https://drive.google.com/drive/folders/1U-Pr4r1-cupgNOOq9NH_uTsQnPSVEKco,data/_source/isl_dictionary/F/Format_(Sign_2).mp4,5417,ISLRTC,src=F/Format_(Sign_2).mp4; 2 other variant(s)
formation_of_lesions,formation of lesions,3,https://drive.google.com/drive/folders/1U-Pr4r1-cupgNOOq9NH_uTsQnPSVEKco,data/_source/isl_dictionary/F/Formation_Of_Lesions.mp4,23880,ISLRTC,src=F/Formation_Of_Lesions.mp4
formation_of_pustules,formation of pustules,3,https://drive.google.com/drive/folders/1U-Pr4r1-cupgNOOq9NH_uTsQnPSVEKco,data/_source/isl_dictionary/F/Formation_Of_Pustules.mp4,17240,ISLRTC,src=F/Formation_Of_Pustules.mp4
formative_assessment,formative assessment,2,https://drive.google.com/drive/folders/1U-Pr4r1-cupgNOOq9NH_uTsQnPSVEKco,data/_source/isl_dictionary/F/Formative_Assessment.mp4,21375,ISLRTC,src=F/Formative_Assessment.mp4
former,former,1,https://drive.google.com/drive/folders/1U-Pr4r1-cupgNOOq9NH_uTsQnPSVEKco,data/_source/isl_dictionary/F/Former.mp4,4760,ISLRTC,src=F/Former.mp4
fortnight,fortnight,1,https://drive.google.com/drive/folders/1U-Pr4r1-cupgNOOq9NH_uTsQnPSVEKco,data/_source/isl_dictionary/F/Fortnight.mp4,26040,ISLRTC,src=F/Fortnight.mp4
foundation,foundation,1,https://drive.google.com/drive/folders/1U-Pr4r1-cupgNOOq9NH_uTsQnPSVEKco,data/_source/isl_dictionary/F/Foundation.mp4,9360,ISLRTC,src=F/Foundation.mp4
fountain,fountain,1,https://drive.google.com/drive/folders/1U-Pr4r1-cupgNOOq9NH_uTsQnPSVEKco,data/_source/isl_dictionary/F/Fountain_(Example).mp4,4400,ISLRTC,src=F/Fountain_(Example).mp4; 1 other variant(s)
four,four,1,https://drive.google.com/drive/folders/1U-Pr4r1-cupgNOOq9NH_uTsQnPSVEKco,data/_source/isl_dictionary/Numbers/4_Four.mp4,4360,ISLRTC,src=Numbers/4_Four.mp4; 1 other variant(s)
fourteen,fourteen,1,https://drive.google.com/drive/folders/1U-Pr4r1-cupgNOOq9NH_uTsQnPSVEKco,data/_source/isl_dictionary/Numbers/14_Fourteen.mp4,3360,ISLRTC,src=Numbers/14_Fourteen.mp4
fowl_pox,fowl pox,2,https://drive.google.com/drive/folders/1U-Pr4r1-cupgNOOq9NH_uTsQnPSVEKco,data/_source/isl_dictionary/F/Fowl_Pox.mp4,24958,ISLRTC,src=F/Fowl_Pox.mp4
framework,framework,1,https://drive.google.com/drive/folders/1U-Pr4r1-cupgNOOq9NH_uTsQnPSVEKco,data/_source/isl_dictionary/New 2500 ISL Dictionary Videos/Yunikee 2/English/Framework.mp4,10720,ISLRTC,src=New 2500 ISL Dictionary Videos/Yunikee 2/English/Framework.mp4
france,france,1,https://drive.google.com/drive/folders/1U-Pr4r1-cupgNOOq9NH_uTsQnPSVEKco,data/_source/isl_dictionary/F/France.mp4,3840,ISLRTC,src=F/France.mp4
free,free,1,https://drive.google.com/drive/folders/1U-Pr4r1-cupgNOOq9NH_uTsQnPSVEKco,data/_source/isl_dictionary/F/Free.mp4,4125,ISLRTC,src=F/Free.mp4
free_enterprise,free enterprise,2,https://drive.google.com/drive/folders/1U-Pr4r1-cupgNOOq9NH_uTsQnPSVEKco,data/_source/isl_dictionary/F/Free_Enterprise.mp4,22542,ISLRTC,src=F/Free_Enterprise.mp4
freezing,freezing,1,https://drive.google.com/drive/folders/1U-Pr4r1-cupgNOOq9NH_uTsQnPSVEKco,data/_source/isl_dictionary/F/Freezing.mp4,11280,ISLRTC,src=F/Freezing.mp4
french_fries,french fries,2,https://drive.google.com/drive/folders/1U-Pr4r1-cupgNOOq9NH_uTsQnPSVEKco,data/_source/isl_dictionary/F/French_Fries.mp4,5208,ISLRTC,src=F/French_Fries.mp4
frequency,frequency,1,https://drive.google.com/drive/folders/1U-Pr4r1-cupgNOOq9NH_uTsQnPSVEKco,data/_source/isl_dictionary/F/Frequency.mp4,4280,ISLRTC,src=F/Frequency.mp4
fresh,fresh,1,https://drive.google.com/drive/folders/1U-Pr4r1-cupgNOOq9NH_uTsQnPSVEKco,data/_source/isl_dictionary/F/Fresh.mp4,3080,ISLRTC,src=F/Fresh.mp4
fresh_water_fisheries,fresh water fisheries,3,https://drive.google.com/drive/folders/1U-Pr4r1-cupgNOOq9NH_uTsQnPSVEKco,data/_source/isl_dictionary/F/Fresh_Water_Fisheries.mp4,28792,ISLRTC,src=F/Fresh_Water_Fisheries.mp4
friction,friction,1,https://drive.google.com/drive/folders/1U-Pr4r1-cupgNOOq9NH_uTsQnPSVEKco,data/_source/isl_dictionary/F/Friction.mp4,5958,ISLRTC,src=F/Friction.mp4; 1 other variant(s)
friday,friday,1,https://drive.google.com/drive/folders/1U-Pr4r1-cupgNOOq9NH_uTsQnPSVEKco,data/_source/isl_dictionary/F/Friday.mp4,4560,ISLRTC,src=F/Friday.mp4
friend,friend,1,https://drive.google.com/drive/folders/1U-Pr4r1-cupgNOOq9NH_uTsQnPSVEKco,data/_source/isl_dictionary/F/Friend.mp4,4520,ISLRTC,src=F/Friend.mp4
frisbee,frisbee,1,https://drive.google.com/drive/folders/1U-Pr4r1-cupgNOOq9NH_uTsQnPSVEKco,data/_source/isl_dictionary/F/Frisbee.mp4,5920,ISLRTC,src=F/Frisbee.mp4
froage_crops,froage crops,2,https://drive.google.com/drive/folders/1U-Pr4r1-cupgNOOq9NH_uTsQnPSVEKco,data/_source/isl_dictionary/F/Froage_Crops.mp4,14280,ISLRTC,src=F/Froage_Crops.mp4
frog,frog,1,https://drive.google.com/drive/folders/1U-Pr4r1-cupgNOOq9NH_uTsQnPSVEKco,data/_source/isl_dictionary/F/Frog.mp4,17480,ISLRTC,src=F/Frog.mp4
from,from,1,https://drive.google.com/drive/folders/1U-Pr4r1-cupgNOOq9NH_uTsQnPSVEKco,data/_source/isl_dictionary/F/From.mp4,4520,ISLRTC,src=F/From.mp4
frost,frost,1,https://drive.google.com/drive/folders/1U-Pr4r1-cupgNOOq9NH_uTsQnPSVEKco,data/_source/isl_dictionary/F/Frost.mp4,25240,ISLRTC,src=F/Frost.mp4
fruit_disease,fruit disease,2,https://drive.google.com/drive/folders/1U-Pr4r1-cupgNOOq9NH_uTsQnPSVEKco,data/_source/isl_dictionary/F/Fruit_Disease.mp4,14760,ISLRTC,src=F/Fruit_Disease.mp4
fruit_fork,fruit fork,2,https://drive.google.com/drive/folders/1U-Pr4r1-cupgNOOq9NH_uTsQnPSVEKco,data/_source/isl_dictionary/F/Fruit_Fork.mp4,5292,ISLRTC,src=F/Fruit_Fork.mp4
fruit_preserve,fruit preserve,2,https://drive.google.com/drive/folders/1U-Pr4r1-cupgNOOq9NH_uTsQnPSVEKco,data/_source/isl_dictionary/F/Fruit_Preserve.mp4,28600,ISLRTC,src=F/Fruit_Preserve.mp4
fry_frying,fry frying,2,https://drive.google.com/drive/folders/1U-Pr4r1-cupgNOOq9NH_uTsQnPSVEKco,data/_source/isl_dictionary/F/Fry_Frying.mp4,12583,ISLRTC,src=F/Fry_Frying.mp4
fryers,fryers,1,https://drive.google.com/drive/folders/1U-Pr4r1-cupgNOOq9NH_uTsQnPSVEKco,data/_source/isl_dictionary/F/Fryers.mp4,14875,ISLRTC,src=F/Fryers.mp4
full,full,1,https://drive.google.com/drive/folders/1U-Pr4r1-cupgNOOq9NH_uTsQnPSVEKco,data/_source/isl_dictionary/F/Full.mp4,3640,ISLRTC,src=F/Full.mp4
full_frame,full frame,2,https://drive.google.com/drive/folders/1U-Pr4r1-cupgNOOq9NH_uTsQnPSVEKco,data/_source/isl_dictionary/F/Full_Frame.mp4,14292,ISLRTC,src=F/Full_Frame.mp4
full_stop_full_point_period,full stop full point period,5,https://drive.google.com/drive/folders/1U-Pr4r1-cupgNOOq9NH_uTsQnPSVEKco,data/_source/isl_dictionary/F/Full_Stop_Full_Point__Period.mp4,4458,ISLRTC,src=F/Full_Stop_Full_Point__Period.mp4
full_time,full time,2,https://drive.google.com/drive/folders/1U-Pr4r1-cupgNOOq9NH_uTsQnPSVEKco,data/_source/isl_dictionary/F/Full_Time.mp4,3125,ISLRTC,src=F/Full_Time.mp4; 1 other variant(s)
fumigation,fumigation,1,https://drive.google.com/drive/folders/1U-Pr4r1-cupgNOOq9NH_uTsQnPSVEKco,data/_source/isl_dictionary/F/Fumigation.mp4,19200,ISLRTC,src=F/Fumigation.mp4
fund_manager,fund manager,2,https://drive.google.com/drive/folders/1U-Pr4r1-cupgNOOq9NH_uTsQnPSVEKco,data/_source/isl_dictionary/F/Fund_Manager.mp4,28050,ISLRTC,src=F/Fund_Manager.mp4
funding,funding,1,https://drive.google.com/drive/folders/1U-Pr4r1-cupgNOOq9NH_uTsQnPSVEKco,data/_source/isl_dictionary/F/Funding.mp4,15789,ISLRTC,src=F/Funding.mp4
funeral,funeral,1,https://drive.google.com/drive/folders/1U-Pr4r1-cupgNOOq9NH_uTsQnPSVEKco,data/_source/isl_dictionary/F/Funeral_(Cremation).mp4,10080,ISLRTC,src=F/Funeral_(Cremation).mp4
fungal_diseases,fungal diseases,2,https://drive.google.com/drive/folders/1U-Pr4r1-cupgNOOq9NH_uTsQnPSVEKco,data/_source/isl_dictionary/F/Fungal_Diseases.mp4,22583,ISLRTC,src=F/Fungal_Diseases.mp4
fungus,fungus,1,https://drive.google.com/drive/folders/1U-Pr4r1-cupgNOOq9NH_uTsQnPSVEKco,data/_source/isl_dictionary/F/Fungus.mp4,29250,ISLRTC,src=F/Fungus.mp4
funny,funny,1,https://drive.google.com/drive/folders/1U-Pr4r1-cupgNOOq9NH_uTsQnPSVEKco,data/_source/isl_dictionary/F/Funny_(Sign_2).mp4,3600,ISLRTC,src=F/Funny_(Sign_2).mp4
furious,furious,1,https://drive.google.com/drive/folders/1U-Pr4r1-cupgNOOq9NH_uTsQnPSVEKco,data/_source/isl_dictionary/MHSL - 259/Furious.mp4,18480,ISLRTC,src=MHSL - 259/Furious.mp4
fusion,fusion,1,https://drive.google.com/drive/folders/1U-Pr4r1-cupgNOOq9NH_uTsQnPSVEKco,data/_source/isl_dictionary/F/Fusion.mp4,7667,ISLRTC,src=F/Fusion.mp4
future,future,1,https://drive.google.com/drive/folders/1U-Pr4r1-cupgNOOq9NH_uTsQnPSVEKco,data/_source/isl_dictionary/F/Future.mp4,4680,ISLRTC,src=F/Future.mp4
g_boards,g boards,2,https://drive.google.com/drive/folders/1U-Pr4r1-cupgNOOq9NH_uTsQnPSVEKco,data/_source/isl_dictionary/G/G_Boards.mp4,29042,ISLRTC,src=G/G_Boards.mp4
gaffe,gaffe,1,https://drive.google.com/drive/folders/1U-Pr4r1-cupgNOOq9NH_uTsQnPSVEKco,data/_source/isl_dictionary/G/Gaffe.mp4,26894,ISLRTC,src=G/Gaffe.mp4
gag_muzzle,gag muzzle,2,https://drive.google.com/drive/folders/1U-Pr4r1-cupgNOOq9NH_uTsQnPSVEKco,data/_source/isl_dictionary/G/Gag_Muzzle.mp4,14833,ISLRTC,src=G/Gag_Muzzle.mp4
gala_celebration,gala celebration,2,https://drive.google.com/drive/folders/1U-Pr4r1-cupgNOOq9NH_uTsQnPSVEKco,data/_source/isl_dictionary/G/Gala_Celebration.mp4,7875,ISLRTC,src=G/Gala_Celebration.mp4
gale_windstorm,gale windstorm,2,https://drive.google.com/drive/folders/1U-Pr4r1-cupgNOOq9NH_uTsQnPSVEKco,data/_source/isl_dictionary/G/Gale_Windstorm.mp4,7167,ISLRTC,src=G/Gale_Windstorm.mp4
gallows,gallows,1,https://drive.google.com/drive/folders/1U-Pr4r1-cupgNOOq9NH_uTsQnPSVEKco,data/_source/isl_dictionary/G/Gallows.mp4,10958,ISLRTC,src=G/Gallows.mp4
gallstone,gallstone,1,https://drive.google.com/drive/folders/1U-Pr4r1-cupgNOOq9NH_uTsQnPSVEKco,data/_source/isl_dictionary/G/Gallstone.mp4,16320,ISLRTC,src=G/Gallstone.mp4
game,game,1,https://drive.google.com/drive/folders/1U-Pr4r1-cupgNOOq9NH_uTsQnPSVEKco,data/_source/isl_dictionary/G/Game.mp4,6000,ISLRTC,src=G/Game.mp4
ganapati,ganapati,1,https://drive.google.com/drive/folders/1U-Pr4r1-cupgNOOq9NH_uTsQnPSVEKco,data/_source/isl_dictionary/G/Ganapati.mp4,3960,ISLRTC,src=G/Ganapati.mp4
gandhi_jayanti,gandhi jayanti,2,https://drive.google.com/drive/folders/1U-Pr4r1-cupgNOOq9NH_uTsQnPSVEKco,data/_source/isl_dictionary/G/Gandhi_Jayanti.mp4,4200,ISLRTC,src=G/Gandhi_Jayanti.mp4
gandhinagar,gandhinagar,1,https://drive.google.com/drive/folders/1U-Pr4r1-cupgNOOq9NH_uTsQnPSVEKco,data/_source/isl_dictionary/G/Gandhinagar.mp4,2800,ISLRTC,src=G/Gandhinagar.mp4
gang,gang,1,https://drive.google.com/drive/folders/1U-Pr4r1-cupgNOOq9NH_uTsQnPSVEKco,data/_source/isl_dictionary/G/Gang.mp4,17040,ISLRTC,src=G/Gang.mp4
gang_rape_rapist,gang rape rapist,3,https://drive.google.com/drive/folders/1U-Pr4r1-cupgNOOq9NH_uTsQnPSVEKco,data/_source/isl_dictionary/G/Gang_Rape_Rapist.mp4,19680,ISLRTC,src=G/Gang_Rape_Rapist.mp4
gangster,gangster,1,https://drive.google.com/drive/folders/1U-Pr4r1-cupgNOOq9NH_uTsQnPSVEKco,data/_source/isl_dictionary/G/Gangster.mp4,7833,ISLRTC,src=G/Gangster.mp4
gangtok,gangtok,1,https://drive.google.com/drive/folders/1U-Pr4r1-cupgNOOq9NH_uTsQnPSVEKco,data/_source/isl_dictionary/G/Gangtok.mp4,3960,ISLRTC,src=G/Gangtok.mp4
gap_disparity,gap disparity,2,https://drive.google.com/drive/folders/1U-Pr4r1-cupgNOOq9NH_uTsQnPSVEKco,data/_source/isl_dictionary/G/Gap_Disparity.mp4,17618,ISLRTC,src=G/Gap_Disparity.mp4
gap_lack,gap lack,2,https://drive.google.com/drive/folders/1U-Pr4r1-cupgNOOq9NH_uTsQnPSVEKco,data/_source/isl_dictionary/G/Gap_Lack.mp4,18051,ISLRTC,src=G/Gap_Lack.mp4
gap_space,gap space,2,https://drive.google.com/drive/folders/1U-Pr4r1-cupgNOOq9NH_uTsQnPSVEKco,data/_source/isl_dictionary/G/Gap_Space.mp4,14882,ISLRTC,src=G/Gap_Space.mp4
garage_door_opener,garage door opener,3,https://drive.google.com/drive/folders/1U-Pr4r1-cupgNOOq9NH_uTsQnPSVEKco,data/_source/isl_dictionary/G/Garage_Door_Opener.mp4,5000,ISLRTC,src=G/Garage_Door_Opener.mp4; 1 other variant(s)
garden,garden,1,https://drive.google.com/drive/folders/1U-Pr4r1-cupgNOOq9NH_uTsQnPSVEKco,data/_source/isl_dictionary/G/Garden.mp4,3040,ISLRTC,src=G/Garden.mp4
gardener,gardener,1,https://drive.google.com/drive/folders/1U-Pr4r1-cupgNOOq9NH_uTsQnPSVEKco,data/_source/isl_dictionary/G/Gardener.mp4,4560,ISLRTC,src=G/Gardener.mp4
gargle,gargle,1,https://drive.google.com/drive/folders/1U-Pr4r1-cupgNOOq9NH_uTsQnPSVEKco,data/_source/isl_dictionary/G/Gargle.mp4,17917,ISLRTC,src=G/Gargle.mp4
garib_rath_express,garib rath express,3,https://drive.google.com/drive/folders/1U-Pr4r1-cupgNOOq9NH_uTsQnPSVEKco,data/_source/isl_dictionary/G/Garib_Rath_Express.mp4,4800,ISLRTC,src=G/Garib_Rath_Express.mp4
garland,garland,1,https://drive.google.com/drive/folders/1U-Pr4r1-cupgNOOq9NH_uTsQnPSVEKco,data/_source/isl_dictionary/G/Garland.mp4,10375,ISLRTC,src=G/Garland.mp4
garnish,garnish,1,https://drive.google.com/drive/folders/1U-Pr4r1-cupgNOOq9NH_uTsQnPSVEKco,data/_source/isl_dictionary/G/Garnish.mp4,27360,ISLRTC,src=G/Garnish.mp4
gas,gas,1,https://drive.google.com/drive/folders/1U-Pr4r1-cupgNOOq9NH_uTsQnPSVEKco,data/_source/isl_dictionary/G/Gas.mp4,4800,ISLRTC,src=G/Gas.mp4
gas_stove,gas stove,2,https://drive.google.com/drive/folders/1U-Pr4r1-cupgNOOq9NH_uTsQnPSVEKco,data/_source/isl_dictionary/G/Gas_Stove.mp4,4000,ISLRTC,src=G/Gas_Stove.mp4; 1 other variant(s)
gas_tractor,gas tractor,2,https://drive.google.com/drive/folders/1U-Pr4r1-cupgNOOq9NH_uTsQnPSVEKco,data/_source/isl_dictionary/G/Gas_Tractor.mp4,7458,ISLRTC,src=G/Gas_Tractor.mp4
gatecrash,gatecrash,1,https://drive.google.com/drive/folders/1U-Pr4r1-cupgNOOq9NH_uTsQnPSVEKco,data/_source/isl_dictionary/G/Gatecrash.mp4,4333,ISLRTC,src=G/Gatecrash.mp4
gather,gather,1,https://drive.google.com/drive/folders/1U-Pr4r1-cupgNOOq9NH_uTsQnPSVEKco,data/_source/isl_dictionary/G/Gather.mp4,17417,ISLRTC,src=G/Gather.mp4; 1 other variant(s)
gautam_buddha,gautam buddha,2,https://drive.google.com/drive/folders/1U-Pr4r1-cupgNOOq9NH_uTsQnPSVEKco,data/_source/isl_dictionary/G/Gautam_Buddha.mp4,3280,ISLRTC,src=G/Gautam_Buddha.mp4
gaze,gaze,1,https://drive.google.com/drive/folders/1U-Pr4r1-cupgNOOq9NH_uTsQnPSVEKco,data/_source/isl_dictionary/L/Look_Gaze_See.mp4,3640,ISLRTC,alias of 'look gaze see': dictionary files three synonyms under one sign
geld_neuter,geld neuter,2,https://drive.google.com/drive/folders/1U-Pr4r1-cupgNOOq9NH_uTsQnPSVEKco,data/_source/isl_dictionary/G/Geld_Neuter.mp4,9417,ISLRTC,src=G/Geld_Neuter.mp4
gem_jewel_precious_stone,gem jewel precious stone,4,https://drive.google.com/drive/folders/1U-Pr4r1-cupgNOOq9NH_uTsQnPSVEKco,data/_source/isl_dictionary/G/Gem_Jewel_Precious_Stone.mp4,9458,ISLRTC,src=G/Gem_Jewel_Precious_Stone.mp4
gender,gender,1,https://drive.google.com/drive/folders/1U-Pr4r1-cupgNOOq9NH_uTsQnPSVEKco,data/_source/isl_dictionary/G/Gender.mp4,4720,ISLRTC,src=G/Gender.mp4
gender_discrimination_women_s_oppression_sexism,gender discrimination women's oppression sexism,5,https://drive.google.com/drive/folders/1U-Pr4r1-cupgNOOq9NH_uTsQnPSVEKco,data/_source/isl_dictionary/G/Gender_Discrimination_Women_s_Oppression_Sexism.mp4,3375,ISLRTC,src=G/Gender_Discrimination_Women_s_Oppression_Sexism.mp4
genealogy,genealogy,1,https://drive.google.com/drive/folders/1U-Pr4r1-cupgNOOq9NH_uTsQnPSVEKco,data/_source/isl_dictionary/G/Genealogy.mp4,8775,ISLRTC,src=G/Genealogy.mp4
general,general,1,https://drive.google.com/drive/folders/1U-Pr4r1-cupgNOOq9NH_uTsQnPSVEKco,data/_source/isl_dictionary/G/General.mp4,3400,ISLRTC,src=G/General.mp4
general_financial_rule,general financial rule,3,https://drive.google.com/drive/folders/1U-Pr4r1-cupgNOOq9NH_uTsQnPSVEKco,data/_source/isl_dictionary/G/General_Financial_Rule_(GFR)_(Sign_2).mp4,16680,ISLRTC,src=G/General_Financial_Rule_(GFR)_(Sign_2).mp4
general_store_kirana_store,general store kirana store,4,https://drive.google.com/drive/folders/1U-Pr4r1-cupgNOOq9NH_uTsQnPSVEKco,data/_source/isl_dictionary/G/General_Store_Kirana_Store.mp4,9833,ISLRTC,src=G/General_Store_Kirana_Store.mp4
generation,generation,1,https://drive.google.com/drive/folders/1U-Pr4r1-cupgNOOq9NH_uTsQnPSVEKco,data/_source/isl_dictionary/New 2500 ISL Dictionary Videos/Yunikee 2/English/Generation.mp4,15480,ISLRTC,src=New 2500 ISL Dictionary Videos/Yunikee 2/English/Generation.mp4
genie,genie,1,https://drive.google.com/drive/folders/1U-Pr4r1-cupgNOOq9NH_uTsQnPSVEKco,data/_source/isl_dictionary/G/Genie.mp4,3440,ISLRTC,src=G/Genie.mp4
genome,genome,1,https://drive.google.com/drive/folders/1U-Pr4r1-cupgNOOq9NH_uTsQnPSVEKco,data/_source/isl_dictionary/G/Genome.mp4,12958,ISLRTC,src=G/Genome.mp4
genre,genre,1,https://drive.google.com/drive/folders/1U-Pr4r1-cupgNOOq9NH_uTsQnPSVEKco,data/_source/isl_dictionary/G/Genre.mp4,15449,ISLRTC,src=G/Genre.mp4
geodetic_survey,geodetic survey,2,https://drive.google.com/drive/folders/1U-Pr4r1-cupgNOOq9NH_uTsQnPSVEKco,data/_source/isl_dictionary/G/Geodetic_Survey.mp4,13500,ISLRTC,src=G/Geodetic_Survey.mp4
geodetic_surveying,geodetic surveying,2,https://drive.google.com/drive/folders/1U-Pr4r1-cupgNOOq9NH_uTsQnPSVEKco,data/_source/isl_dictionary/G/Geodetic_Surveying.mp4,13917,ISLRTC,src=G/Geodetic_Surveying.mp4
geographical_facts,geographical facts,2,https://drive.google.com/drive/folders/1U-Pr4r1-cupgNOOq9NH_uTsQnPSVEKco,data/_source/isl_dictionary/G/Geographical_Facts.mp4,17250,ISLRTC,src=G/Geographical_Facts.mp4
geology,geology,1,https://drive.google.com/drive/folders/1U-Pr4r1-cupgNOOq9NH_uTsQnPSVEKco,data/_source/isl_dictionary/G/Geology.mp4,3560,ISLRTC,src=G/Geology.mp4
geometreical,geometreical,1,https://drive.google.com/drive/folders/1U-Pr4r1-cupgNOOq9NH_uTsQnPSVEKco,data/_source/isl_dictionary/G/Geometreical.mp4,6250,ISLRTC,src=G/Geometreical.mp4
georgia,georgia,1,https://drive.google.com/drive/folders/1U-Pr4r1-cupgNOOq9NH_uTsQnPSVEKco,data/_source/isl_dictionary/G/Georgia.mp4,3200,ISLRTC,src=G/Georgia.mp4
geosyncline,geosyncline,1,https://drive.google.com/drive/folders/1U-Pr4r1-cupgNOOq9NH_uTsQnPSVEKco,data/_source/isl_dictionary/G/Geosyncline.mp4,24800,ISLRTC,src=G/Geosyncline.mp4
germany,germany,1,https://drive.google.com/drive/folders/1U-Pr4r1-cupgNOOq9NH_uTsQnPSVEKco,data/_source/isl_dictionary/G/Germany.mp4,3840,ISLRTC,src=G/Germany.mp4
germination,germination,1,https://drive.google.com/drive/folders/1U-Pr4r1-cupgNOOq9NH_uTsQnPSVEKco,data/_source/isl_dictionary/G/Germination_(Sign_2).mp4,12458,ISLRTC,src=G/Germination_(Sign_2).mp4
germs,germs,1,https://drive.google.com/drive/folders/1U-Pr4r1-cupgNOOq9NH_uTsQnPSVEKco,data/_source/isl_dictionary/G/Germs.mp4,3000,ISLRTC,src=G/Germs.mp4
get,get,1,https://drive.google.com/drive/folders/1U-Pr4r1-cupgNOOq9NH_uTsQnPSVEKco,data/_source/isl_dictionary/G/Get.mp4,4000,ISLRTC,src=G/Get.mp4
get_bent_out_of_shape,get bent out of shape,5,https://drive.google.com/drive/folders/1U-Pr4r1-cupgNOOq9NH_uTsQnPSVEKco,data/_source/isl_dictionary/G/Get_Bent_Out_of_Shape.mp4,11120,ISLRTC,src=G/Get_Bent_Out_of_Shape.mp4
get_up_wake_up,get up wake up,4,https://drive.google.com/drive/folders/1U-Pr4r1-cupgNOOq9NH_uTsQnPSVEKco,data/_source/isl_dictionary/G/Get_Up_Wake_Up.mp4,3640,ISLRTC,src=G/Get_Up_Wake_Up.mp4
ghana,ghana,1,https://drive.google.com/drive/folders/1U-Pr4r1-cupgNOOq9NH_uTsQnPSVEKco,data/_source/isl_dictionary/G/Ghana.mp4,2920,ISLRTC,src=G/Ghana.mp4
ghat,ghat,1,https://drive.google.com/drive/folders/1U-Pr4r1-cupgNOOq9NH_uTsQnPSVEKco,data/_source/isl_dictionary/G/Ghat.mp4,10680,ISLRTC,src=G/Ghat.mp4
giant,giant,1,https://drive.google.com/drive/folders/1U-Pr4r1-cupgNOOq9NH_uTsQnPSVEKco,data/_source/isl_dictionary/G/Giant.mp4,8250,ISLRTC,src=G/Giant.mp4
gift,gift,1,https://drive.google.com/drive/folders/1U-Pr4r1-cupgNOOq9NH_uTsQnPSVEKco,data/_source/isl_dictionary/G/Gift.mp4,4000,ISLRTC,src=G/Gift.mp4
gift_tax,gift tax,2,https://drive.google.com/drive/folders/1U-Pr4r1-cupgNOOq9NH_uTsQnPSVEKco,data/_source/isl_dictionary/G/Gift_Tax.mp4,17000,ISLRTC,src=G/Gift_Tax.mp4
giftwrap,giftwrap,1,https://drive.google.com/drive/folders/1U-Pr4r1-cupgNOOq9NH_uTsQnPSVEKco,data/_source/isl_dictionary/G/Giftwrap.mp4,13667,ISLRTC,src=G/Giftwrap.mp4
ginning_mill,ginning mill,2,https://drive.google.com/drive/folders/1U-Pr4r1-cupgNOOq9NH_uTsQnPSVEKco,data/_source/isl_dictionary/G/Ginning_Mill.mp4,28920,ISLRTC,src=G/Ginning_Mill.mp4
gionee,gionee,1,https://drive.google.com/drive/folders/1U-Pr4r1-cupgNOOq9NH_uTsQnPSVEKco,data/_source/isl_dictionary/G/Gionee.mp4,5040,ISLRTC,src=G/Gionee.mp4
giraffe,giraffe,1,https://drive.google.com/drive/folders/1U-Pr4r1-cupgNOOq9NH_uTsQnPSVEKco,data/_source/isl_dictionary/G/Giraffe_(Sign_2).mp4,3120,ISLRTC,src=G/Giraffe_(Sign_2).mp4
girl,girl,1,https://drive.google.com/drive/folders/1U-Pr4r1-cupgNOOq9NH_uTsQnPSVEKco,data/_source/isl_dictionary/G/Girl.mp4,4440,ISLRTC,src=G/Girl.mp4
give,give,1,https://drive.google.com/drive/folders/1U-Pr4r1-cupgNOOq9NH_uTsQnPSVEKco,data/_source/isl_dictionary/G/Give.mp4,3880,ISLRTC,src=G/Give.mp4
give_someone_the_cold_shoulder,give someone the cold shoulder,5,https://drive.google.com/drive/folders/1U-Pr4r1-cupgNOOq9NH_uTsQnPSVEKco,data/_source/isl_dictionary/G/Give_Someone_the_Cold_Shoulder.mp4,16240,ISLRTC,src=G/Give_Someone_the_Cold_Shoulder.mp4
glacier,glacier,1,https://drive.google.com/drive/folders/1U-Pr4r1-cupgNOOq9NH_uTsQnPSVEKco,data/_source/isl_dictionary/G/Glacier.mp4,22776,ISLRTC,src=G/Glacier.mp4
glad,glad,1,https://drive.google.com/drive/folders/1U-Pr4r1-cupgNOOq9NH_uTsQnPSVEKco,data/_source/isl_dictionary/G/Glad.mp4,2269,ISLRTC,src=G/Glad.mp4
glare,glare,1,https://drive.google.com/drive/folders/1U-Pr4r1-cupgNOOq9NH_uTsQnPSVEKco,data/_source/isl_dictionary/G/Glare.mp4,3583,ISLRTC,src=G/Glare.mp4
glare_glower_scowl,glare glower scowl,3,https://drive.google.com/drive/folders/1U-Pr4r1-cupgNOOq9NH_uTsQnPSVEKco,data/_source/isl_dictionary/G/Glare_Glower_Scowl.mp4,11512,ISLRTC,src=G/Glare_Glower_Scowl.mp4
glass,glass,1,https://drive.google.com/drive/folders/1U-Pr4r1-cupgNOOq9NH_uTsQnPSVEKco,data/_source/isl_dictionary/G/Glass.mp4,3440,ISLRTC,src=G/Glass.mp4
glass_block,glass block,2,https://drive.google.com/drive/folders/1U-Pr4r1-cupgNOOq9NH_uTsQnPSVEKco,data/_source/isl_dictionary/G/Glass_Block.mp4,8875,ISLRTC,src=G/Glass_Block.mp4; 1 other variant(s)
glass_cutter,glass cutter,2,https://drive.google.com/drive/folders/1U-Pr4r1-cupgNOOq9NH_uTsQnPSVEKco,data/_source/isl_dictionary/G/Glass_Cutter.mp4,13458,ISLRTC,src=G/Glass_Cutter.mp4
glass_prism,glass prism,2,https://drive.google.com/drive/folders/1U-Pr4r1-cupgNOOq9NH_uTsQnPSVEKco,data/_source/isl_dictionary/G/Glass_Prism.mp4,7542,ISLRTC,src=G/Glass_Prism.mp4
glimmer,glimmer,1,https://drive.google.com/drive/folders/1U-Pr4r1-cupgNOOq9NH_uTsQnPSVEKco,data/_source/isl_dictionary/G/Glimmer.mp4,11979,ISLRTC,src=G/Glimmer.mp4
glitter_sparkle_twinkle,glitter sparkle twinkle,3,https://drive.google.com/drive/folders/1U-Pr4r1-cupgNOOq9NH_uTsQnPSVEKco,data/_source/isl_dictionary/G/Glitter__Sparkle_Twinkle.mp4,17708,ISLRTC,src=G/Glitter__Sparkle_Twinkle.mp4
globe,globe,1,https://drive.google.com/drive/folders/1U-Pr4r1-cupgNOOq9NH_uTsQnPSVEKco,data/_source/isl_dictionary/G/Globe.mp4,7200,ISLRTC,src=G/Globe.mp4
gloom,gloom,1,https://drive.google.com/drive/folders/1U-Pr4r1-cupgNOOq9NH_uTsQnPSVEKco,data/_source/isl_dictionary/G/Gloom.mp4,17851,ISLRTC,src=G/Gloom.mp4
gloomy_somber,gloomy somber,2,https://drive.google.com/drive/folders/1U-Pr4r1-cupgNOOq9NH_uTsQnPSVEKco,data/_source/isl_dictionary/G/Gloomy_Somber.mp4,7680,ISLRTC,src=G/Gloomy_Somber.mp4
gloss_over_something,gloss over something,3,https://drive.google.com/drive/folders/1U-Pr4r1-cupgNOOq9NH_uTsQnPSVEKco,data/_source/isl_dictionary/G/Gloss_Over_Something_(Sign_2).mp4,28262,ISLRTC,src=G/Gloss_Over_Something_(Sign_2).mp4
glossy_exterior,glossy exterior,2,https://drive.google.com/drive/folders/1U-Pr4r1-cupgNOOq9NH_uTsQnPSVEKco,data/_source/isl_dictionary/G/Glossy_Exterior.mp4,16792,ISLRTC,src=G/Glossy_Exterior.mp4
glove,glove,1,https://drive.google.com/drive/folders/1U-Pr4r1-cupgNOOq9NH_uTsQnPSVEKco,data/_source/isl_dictionary/G/Glove.mp4,8160,ISLRTC,src=G/Glove.mp4
glow,glow,1,https://drive.google.com/drive/folders/1U-Pr4r1-cupgNOOq9NH_uTsQnPSVEKco,data/_source/isl_dictionary/G/Glow.mp4,19720,ISLRTC,src=G/Glow.mp4; 1 other variant(s)
glue_gun,glue gun,2,https://drive.google.com/drive/folders/1U-Pr4r1-cupgNOOq9NH_uTsQnPSVEKco,data/_source/isl_dictionary/G/Glue_Gun.mp4,14880,ISLRTC,src=G/Glue_Gun.mp4
glutton,glutton,1,https://drive.google.com/drive/folders/1U-Pr4r1-cupgNOOq9NH_uTsQnPSVEKco,data/_source/isl_dictionary/G/Glutton.mp4,5038,ISLRTC,src=G/Glutton.mp4
gmail,gmail,1,https://drive.google.com/drive/folders/1U-Pr4r1-cupgNOOq9NH_uTsQnPSVEKco,data/_source/isl_dictionary/G/Gmail.mp4,3320,ISLRTC,src=G/Gmail.mp4
gnp,gnp,1,https://drive.google.com/drive/folders/1U-Pr4r1-cupgNOOq9NH_uTsQnPSVEKco,data/_source/isl_dictionary/G/Gnp.mp4,12792,ISLRTC,src=G/Gnp.mp4
go,go,1,https://drive.google.com/drive/folders/1U-Pr4r1-cupgNOOq9NH_uTsQnPSVEKco,data/_source/isl_dictionary/G/Go.mp4,2920,ISLRTC,src=G/Go.mp4
go_air,go air,2,https://drive.google.com/drive/folders/1U-Pr4r1-cupgNOOq9NH_uTsQnPSVEKco,data/_source/isl_dictionary/G/Go_Air.mp4,4800,ISLRTC,src=G/Go_Air.mp4
go_ballistic,go ballistic,2,https://drive.google.com/drive/folders/1U-Pr4r1-cupgNOOq9NH_uTsQnPSVEKco,data/_source/isl_dictionary/G/Go_Ballistic.mp4,17792,ISLRTC,src=G/Go_Ballistic.mp4
go_out_of_business,go out of business,4,https://drive.google.com/drive/folders/1U-Pr4r1-cupgNOOq9NH_uTsQnPSVEKco,data/_source/isl_dictionary/G/Go_Out_of_Business.mp4,25840,ISLRTC,src=G/Go_Out_of_Business.mp4
goa,goa,1,https://drive.google.com/drive/folders/1U-Pr4r1-cupgNOOq9NH_uTsQnPSVEKco,data/_source/isl_dictionary/G/Goa.mp4,3960,ISLRTC,src=G/Goa.mp4; 1 other variant(s)
goal,goal,1,https://drive.google.com/drive/folders/1U-Pr4r1-cupgNOOq9NH_uTsQnPSVEKco,data/_source/isl_dictionary/New 2500 ISL Dictionary Videos/Yunikee 2/English/Goal.mp4,15066,ISLRTC,src=New 2500 ISL Dictionary Videos/Yunikee 2/English/Goal.mp4
goals,goals,1,https://drive.google.com/drive/folders/1U-Pr4r1-cupgNOOq9NH_uTsQnPSVEKco,data/_source/isl_dictionary/G/Goals.mp4,12750,ISLRTC,src=G/Goals.mp4
god,god,1,https://drive.google.com/drive/folders/1U-Pr4r1-cupgNOOq9NH_uTsQnPSVEKco,data/_source/isl_dictionary/G/God.mp4,3833,ISLRTC,src=G/God.mp4
gol_gappe_pani_puri,gol gappe pani puri,4,https://drive.google.com/drive/folders/1U-Pr4r1-cupgNOOq9NH_uTsQnPSVEKco,data/_source/isl_dictionary/G/Gol_Gappe_Pani_Puri.mp4,4320,ISLRTC,src=G/Gol_Gappe_Pani_Puri.mp4; 2 other variant(s)
gold,gold,1,https://drive.google.com/drive/folders/1U-Pr4r1-cupgNOOq9NH_uTsQnPSVEKco,data/_source/isl_dictionary/G/Gold.mp4,3400,ISLRTC,src=G/Gold.mp4; 2 other variant(s)
golden_temple,golden temple,2,https://drive.google.com/drive/folders/1U-Pr4r1-cupgNOOq9NH_uTsQnPSVEKco,data/_source/isl_dictionary/G/Golden_Temple.mp4,4520,ISLRTC,src=G/Golden_Temple.mp4
golf,golf,1,https://drive.google.com/drive/folders/1U-Pr4r1-cupgNOOq9NH_uTsQnPSVEKco,data/_source/isl_dictionary/G/Golf.mp4,4720,ISLRTC,src=G/Golf.mp4
good,good,1,https://drive.google.com/drive/folders/1U-Pr4r1-cupgNOOq9NH_uTsQnPSVEKco,data/_source/isl_dictionary/G/Good.mp4,3440,ISLRTC,src=G/Good.mp4
good_afternoon,good afternoon,2,https://drive.google.com/drive/folders/1U-Pr4r1-cupgNOOq9NH_uTsQnPSVEKco,data/_source/isl_dictionary/G/Good_Afternoon.mp4,3280,ISLRTC,src=G/Good_Afternoon.mp4
good_evening,good evening,2,https://drive.google.com/drive/folders/1U-Pr4r1-cupgNOOq9NH_uTsQnPSVEKco,data/_source/isl_dictionary/G/Good_Evening.mp4,2720,ISLRTC,src=G/Good_Evening.mp4
good_friday,good friday,2,https://drive.google.com/drive/folders/1U-Pr4r1-cupgNOOq9NH_uTsQnPSVEKco,data/_source/isl_dictionary/G/Good_Friday.mp4,3840,ISLRTC,src=G/Good_Friday.mp4
good_morning,good morning,2,https://drive.google.com/drive/folders/1U-Pr4r1-cupgNOOq9NH_uTsQnPSVEKco,data/_source/isl_dictionary/G/Good_Morning.mp4,3640,ISLRTC,src=G/Good_Morning.mp4
good_night,good night,2,https://drive.google.com/drive/folders/1U-Pr4r1-cupgNOOq9NH_uTsQnPSVEKco,data/_source/isl_dictionary/G/Good_Night.mp4,3040,ISLRTC,src=G/Good_Night.mp4
goodbye,goodbye,1,https://drive.google.com/drive/folders/1U-Pr4r1-cupgNOOq9NH_uTsQnPSVEKco,data/_source/isl_dictionary/B/Bye_Goodbye.mp4,4320,ISLRTC,alias of 'bye goodbye': dictionary files both words under one sign
goodmorning,goodmorning,1,https://drive.google.com/drive/folders/1U-Pr4r1-cupgNOOq9NH_uTsQnPSVEKco,data/_source/isl_dictionary/G/Good_Morning.mp4,3640,ISLRTC,alias of 'good morning': one-word spelling of the same greeting
goodnight,goodnight,1,https://drive.google.com/drive/folders/1U-Pr4r1-cupgNOOq9NH_uTsQnPSVEKco,data/_source/isl_dictionary/G/Good_Night.mp4,3040,ISLRTC,alias of 'good night': one-word spelling of the same greeting (fine-tuned ASR writes it this way)
goods_produce_merchanise_stock,goods produce merchanise stock,4,https://drive.google.com/drive/folders/1U-Pr4r1-cupgNOOq9NH_uTsQnPSVEKco,data/_source/isl_dictionary/G/Goods_Produce_Merchanise_Stock.mp4,3440,ISLRTC,src=G/Goods_Produce_Merchanise_Stock.mp4
google,google,1,https://drive.google.com/drive/folders/1U-Pr4r1-cupgNOOq9NH_uTsQnPSVEKco,data/_source/isl_dictionary/G/Google.mp4,2680,ISLRTC,src=G/Google.mp4
google_ads,google ads,2,https://drive.google.com/drive/folders/1U-Pr4r1-cupgNOOq9NH_uTsQnPSVEKco,data/_source/isl_dictionary/G/Google_Ads.mp4,23250,ISLRTC,src=G/Google_Ads.mp4
google_cast,google cast,2,https://drive.google.com/drive/folders/1U-Pr4r1-cupgNOOq9NH_uTsQnPSVEKco,data/_source/isl_dictionary/G/Google_Cast.mp4,20250,ISLRTC,src=G/Google_Cast.mp4
google_chat,google chat,2,https://drive.google.com/drive/folders/1U-Pr4r1-cupgNOOq9NH_uTsQnPSVEKco,data/_source/isl_dictionary/G/Google_Chat.mp4,5750,ISLRTC,src=G/Google_Chat.mp4
google_class_room,google class room,3,https://drive.google.com/drive/folders/1U-Pr4r1-cupgNOOq9NH_uTsQnPSVEKco,data/_source/isl_dictionary/G/Google_Class_Room.mp4,22750,ISLRTC,src=G/Google_Class_Room.mp4
google_map,google map,2,https://drive.google.com/drive/folders/1U-Pr4r1-cupgNOOq9NH_uTsQnPSVEKco,data/_source/isl_dictionary/G/Google_Map.mp4,8640,ISLRTC,src=G/Google_Map.mp4
google_pay,google pay,2,https://drive.google.com/drive/folders/1U-Pr4r1-cupgNOOq9NH_uTsQnPSVEKco,data/_source/isl_dictionary/G/Google_Pay.mp4,3250,ISLRTC,src=G/Google_Pay.mp4
google_store,google store,2,https://drive.google.com/drive/folders/1U-Pr4r1-cupgNOOq9NH_uTsQnPSVEKco,data/_source/isl_dictionary/G/Google_Store.mp4,16750,ISLRTC,src=G/Google_Store.mp4
goosebumps,goosebumps,1,https://drive.google.com/drive/folders/1U-Pr4r1-cupgNOOq9NH_uTsQnPSVEKco,data/_source/isl_dictionary/G/Goosebumps.mp4,3529,ISLRTC,src=G/Goosebumps.mp4
gossip,gossip,1,https://drive.google.com/drive/folders/1U-Pr4r1-cupgNOOq9NH_uTsQnPSVEKco,data/_source/isl_dictionary/G/Gossip.mp4,3360,ISLRTC,src=G/Gossip.mp4
gossip_whispers_idle_talk,gossip whispers idle talk,4,https://drive.google.com/drive/folders/1U-Pr4r1-cupgNOOq9NH_uTsQnPSVEKco,data/_source/isl_dictionary/G/Gossip_Whispers_Idle_Talk.mp4,3880,ISLRTC,src=G/Gossip_Whispers_Idle_Talk.mp4; 1 other variant(s)
gov_in,gov in,2,https://drive.google.com/drive/folders/1U-Pr4r1-cupgNOOq9NH_uTsQnPSVEKco,data/_source/isl_dictionary/G/Gov_in.mp4,16458,ISLRTC,src=G/Gov_in.mp4
government,government,1,https://drive.google.com/drive/folders/1U-Pr4r1-cupgNOOq9NH_uTsQnPSVEKco,data/_source/isl_dictionary/G/Government.mp4,3920,ISLRTC,src=G/Government.mp4
government_bond,government bond,2,https://drive.google.com/drive/folders/1U-Pr4r1-cupgNOOq9NH_uTsQnPSVEKco,data/_source/isl_dictionary/G/Government_Bond.mp4,22848,ISLRTC,src=G/Government_Bond.mp4
government_dept,government dept,2,https://drive.google.com/drive/folders/1U-Pr4r1-cupgNOOq9NH_uTsQnPSVEKco,data/_source/isl_dictionary/G/Government_Dept.mp4,13000,ISLRTC,src=G/Government_Dept.mp4
government_expenditures,government expenditures,2,https://drive.google.com/drive/folders/1U-Pr4r1-cupgNOOq9NH_uTsQnPSVEKco,data/_source/isl_dictionary/G/Government_Expenditures.mp4,26417,ISLRTC,src=G/Government_Expenditures.mp4
government_failure,government failure,2,https://drive.google.com/drive/folders/1U-Pr4r1-cupgNOOq9NH_uTsQnPSVEKco,data/_source/isl_dictionary/G/Government_Failure.mp4,20625,ISLRTC,src=G/Government_Failure.mp4
government_transfer_payments,government transfer payments,3,https://drive.google.com/drive/folders/1U-Pr4r1-cupgNOOq9NH_uTsQnPSVEKco,data/_source/isl_dictionary/G/Government_Transfer_Payments.mp4,16333,ISLRTC,src=G/Government_Transfer_Payments.mp4
grade_of_concrete,grade of concrete,3,https://drive.google.com/drive/folders/1U-Pr4r1-cupgNOOq9NH_uTsQnPSVEKco,data/_source/isl_dictionary/G/Grade_of_Concrete.mp4,22333,ISLRTC,src=G/Grade_of_Concrete.mp4
graders,graders,1,https://drive.google.com/drive/folders/1U-Pr4r1-cupgNOOq9NH_uTsQnPSVEKco,data/_source/isl_dictionary/G/Graders.mp4,9240,ISLRTC,src=G/Graders.mp4
grading_up,grading up,2,https://drive.google.com/drive/folders/1U-Pr4r1-cupgNOOq9NH_uTsQnPSVEKco,data/_source/isl_dictionary/G/Grading_Up.mp4,24458,ISLRTC,src=G/Grading_Up.mp4
gradual,gradual,1,https://drive.google.com/drive/folders/1U-Pr4r1-cupgNOOq9NH_uTsQnPSVEKco,data/_source/isl_dictionary/G/Gradual.mp4,24157,ISLRTC,src=G/Gradual.mp4
gramophone,gramophone,1,https://drive.google.com/drive/folders/1U-Pr4r1-cupgNOOq9NH_uTsQnPSVEKco,data/_source/isl_dictionary/G/Gramophone.mp4,9833,ISLRTC,src=G/Gramophone.mp4
grandfather,grandfather,1,https://drive.google.com/drive/folders/1U-Pr4r1-cupgNOOq9NH_uTsQnPSVEKco,data/_source/isl_dictionary/G/Grandfather.mp4,4880,ISLRTC,src=G/Grandfather.mp4
grandmother,grandmother,1,https://drive.google.com/drive/folders/1U-Pr4r1-cupgNOOq9NH_uTsQnPSVEKco,data/_source/isl_dictionary/G/Grandmother.mp4,4480,ISLRTC,src=G/Grandmother.mp4
grantinaid,grantinaid,1,https://drive.google.com/drive/folders/1U-Pr4r1-cupgNOOq9NH_uTsQnPSVEKco,data/_source/isl_dictionary/G/Grant-in-Aid.mp4,18880,ISLRTC,src=G/Grant-in-Aid.mp4
granulation,granulation,1,https://drive.google.com/drive/folders/1U-Pr4r1-cupgNOOq9NH_uTsQnPSVEKco,data/_source/isl_dictionary/G/Granulation.mp4,18720,ISLRTC,src=G/Granulation.mp4
grapes,grapes,1,https://drive.google.com/drive/folders/1U-Pr4r1-cupgNOOq9NH_uTsQnPSVEKco,data/_source/isl_dictionary/G/Grapes.mp4,3600,ISLRTC,src=G/Grapes.mp4
graphics,graphics,1,https://drive.google.com/drive/folders/1U-Pr4r1-cupgNOOq9NH_uTsQnPSVEKco,data/_source/isl_dictionary/G/Graphics.mp4,7800,ISLRTC,src=G/Graphics.mp4
graphics_tablet,graphics tablet,2,https://drive.google.com/drive/folders/1U-Pr4r1-cupgNOOq9NH_uTsQnPSVEKco,data/_source/isl_dictionary/G/Graphics_Tablet.mp4,9750,ISLRTC,src=G/Graphics_Tablet.mp4
grasslands,grasslands,1,https://drive.google.com/drive/folders/1U-Pr4r1-cupgNOOq9NH_uTsQnPSVEKco,data/_source/isl_dictionary/G/Grasslands.mp4,17080,ISLRTC,src=G/Grasslands.mp4
grate,grate,1,https://drive.google.com/drive/folders/1U-Pr4r1-cupgNOOq9NH_uTsQnPSVEKco,data/_source/isl_dictionary/G/Grate.mp4,4000,ISLRTC,src=G/Grate.mp4
grater_shredder,grater shredder,2,https://drive.google.com/drive/folders/1U-Pr4r1-cupgNOOq9NH_uTsQnPSVEKco,data/_source/isl_dictionary/G/Grater_Shredder.mp4,4792,ISLRTC,src=G/Grater_Shredder.mp4
gratis_free_of_charge,gratis free of charge,4,https://drive.google.com/drive/folders/1U-Pr4r1-cupgNOOq9NH_uTsQnPSVEKco,data/_source/isl_dictionary/G/Gratis_Free_of_Charge.mp4,16116,ISLRTC,src=G/Gratis_Free_of_Charge.mp4
gratitude,gratitude,1,https://drive.google.com/drive/folders/1U-Pr4r1-cupgNOOq9NH_uTsQnPSVEKco,data/_source/isl_dictionary/G/Gratitude_(Explanation_2).mp4,7207,ISLRTC,src=G/Gratitude_(Explanation_2).mp4
grave_burial_place,grave burial place,3,https://drive.google.com/drive/folders/1U-Pr4r1-cupgNOOq9NH_uTsQnPSVEKco,data/_source/isl_dictionary/G/Grave_Burial_Place.mp4,11512,ISLRTC,src=G/Grave_Burial_Place.mp4
grave_serious,grave serious,2,https://drive.google.com/drive/folders/1U-Pr4r1-cupgNOOq9NH_uTsQnPSVEKco,data/_source/isl_dictionary/G/Grave_Serious.mp4,13313,ISLRTC,src=G/Grave_Serious.mp4
gravitational,gravitational,1,https://drive.google.com/drive/folders/1U-Pr4r1-cupgNOOq9NH_uTsQnPSVEKco,data/_source/isl_dictionary/G/Gravitational.mp4,10083,ISLRTC,src=G/Gravitational.mp4
gravitational_water,gravitational water,2,https://drive.google.com/drive/folders/1U-Pr4r1-cupgNOOq9NH_uTsQnPSVEKco,data/_source/isl_dictionary/G/Gravitational_Water.mp4,27240,ISLRTC,src=G/Gravitational_Water.mp4
gravity,gravity,1,https://drive.google.com/drive/folders/1U-Pr4r1-cupgNOOq9NH_uTsQnPSVEKco,data/_source/isl_dictionary/G/Gravity.mp4,10167,ISLRTC,src=G/Gravity.mp4
grease_lubricant,grease lubricant,2,https://drive.google.com/drive/folders/1U-Pr4r1-cupgNOOq9NH_uTsQnPSVEKco,data/_source/isl_dictionary/G/Grease_Lubricant.mp4,22208,ISLRTC,src=G/Grease_Lubricant.mp4
greater_than,greater than,2,https://drive.google.com/drive/folders/1U-Pr4r1-cupgNOOq9NH_uTsQnPSVEKco,data/_source/isl_dictionary/G/Greater_Than.mp4,11833,ISLRTC,src=G/Greater_Than.mp4
greatgrandaughter,greatgrandaughter,1,https://drive.google.com/drive/folders/1U-Pr4r1-cupgNOOq9NH_uTsQnPSVEKco,data/_source/isl_dictionary/G/Great-Grandaughter.mp4,12083,ISLRTC,src=G/Great-Grandaughter.mp4
greatgrandfather,greatgrandfather,1,https://drive.google.com/drive/folders/1U-Pr4r1-cupgNOOq9NH_uTsQnPSVEKco,data/_source/isl_dictionary/G/Great-Grandfather.mp4,14667,ISLRTC,src=G/Great-Grandfather.mp4
greatgrandmother,greatgrandmother,1,https://drive.google.com/drive/folders/1U-Pr4r1-cupgNOOq9NH_uTsQnPSVEKco,data/_source/isl_dictionary/G/Great-Grandmother.mp4,14667,ISLRTC,src=G/Great-Grandmother.mp4
greatgrandson,greatgrandson,1,https://drive.google.com/drive/folders/1U-Pr4r1-cupgNOOq9NH_uTsQnPSVEKco,data/_source/isl_dictionary/G/Great-Grandson.mp4,12792,ISLRTC,src=G/Great-Grandson.mp4
greece,greece,1,https://drive.google.com/drive/folders/1U-Pr4r1-cupgNOOq9NH_uTsQnPSVEKco,data/_source/isl_dictionary/G/Greece.mp4,3400,ISLRTC,src=G/Greece.mp4
greedy,greedy,1,https://drive.google.com/drive/folders/1U-Pr4r1-cupgNOOq9NH_uTsQnPSVEKco,data/_source/isl_dictionary/G/Greedy_(Sign_2).mp4,3440,ISLRTC,src=G/Greedy_(Sign_2).mp4
green,green,1,https://drive.google.com/drive/folders/1U-Pr4r1-cupgNOOq9NH_uTsQnPSVEKco,data/_source/isl_dictionary/G/Green.mp4,5760,ISLRTC,src=G/Green.mp4
green_ear_disease,green ear disease,3,https://drive.google.com/drive/folders/1U-Pr4r1-cupgNOOq9NH_uTsQnPSVEKco,data/_source/isl_dictionary/G/Green_Ear_Disease.mp4,22440,ISLRTC,src=G/Green_Ear_Disease.mp4
green_hand,green hand,2,https://drive.google.com/drive/folders/1U-Pr4r1-cupgNOOq9NH_uTsQnPSVEKco,data/_source/isl_dictionary/G/Green_Hand.mp4,8208,ISLRTC,src=G/Green_Hand.mp4
green_room,green room,2,https://drive.google.com/drive/folders/1U-Pr4r1-cupgNOOq9NH_uTsQnPSVEKco,data/_source/isl_dictionary/G/Green_Room.mp4,18252,ISLRTC,src=G/Green_Room.mp4
green_vegetable_juice,green vegetable juice,3,https://drive.google.com/drive/folders/1U-Pr4r1-cupgNOOq9NH_uTsQnPSVEKco,data/_source/isl_dictionary/G/Green_Vegetable_Juice.mp4,5167,ISLRTC,src=G/Green_Vegetable_Juice.mp4
green_with_envy,green with envy,3,https://drive.google.com/drive/folders/1U-Pr4r1-cupgNOOq9NH_uTsQnPSVEKco,data/_source/isl_dictionary/G/Green_With_Envy.mp4,9743,ISLRTC,src=G/Green_With_Envy.mp4
grenade,grenade,1,https://drive.google.com/drive/folders/1U-Pr4r1-cupgNOOq9NH_uTsQnPSVEKco,data/_source/isl_dictionary/G/Grenade.mp4,11500,ISLRTC,src=G/Grenade.mp4
grey,grey,1,https://drive.google.com/drive/folders/1U-Pr4r1-cupgNOOq9NH_uTsQnPSVEKco,data/_source/isl_dictionary/G/Grey.mp4,7200,ISLRTC,src=G/Grey.mp4; 1 other variant(s)
grey_scale,grey scale,2,https://drive.google.com/drive/folders/1U-Pr4r1-cupgNOOq9NH_uTsQnPSVEKco,data/_source/isl_dictionary/G/Grey_Scale.mp4,15333,ISLRTC,src=G/Grey_Scale.mp4
greylist,greylist,1,https://drive.google.com/drive/folders/1U-Pr4r1-cupgNOOq9NH_uTsQnPSVEKco,data/_source/isl_dictionary/G/Greylist.m4v,29560,ISLRTC,src=G/Greylist.m4v
greywater,greywater,1,https://drive.google.com/drive/folders/1U-Pr4r1-cupgNOOq9NH_uTsQnPSVEKco,data/_source/isl_dictionary/G/Greywater.mp4,28800,ISLRTC,src=G/Greywater.mp4
grief,grief,1,https://drive.google.com/drive/folders/1U-Pr4r1-cupgNOOq9NH_uTsQnPSVEKco,data/_source/isl_dictionary/MHSL - 259/Grief.mp4,26280,ISLRTC,src=MHSL - 259/Grief.mp4
grief_sorrow_sadness,grief sorrow sadness,3,https://drive.google.com/drive/folders/1U-Pr4r1-cupgNOOq9NH_uTsQnPSVEKco,data/_source/isl_dictionary/G/Grief_Sorrow_Sadness.mp4,16042,ISLRTC,src=G/Grief_Sorrow_Sadness.mp4
grievance_redressal_cell,grievance redressal cell,3,https://drive.google.com/drive/folders/1U-Pr4r1-cupgNOOq9NH_uTsQnPSVEKco,data/_source/isl_dictionary/G/Grievance_Redressal_Cell.mp4,27000,ISLRTC,src=G/Grievance_Redressal_Cell.mp4
grill_grille_grillwork,grill grille grillwork,3,https://drive.google.com/drive/folders/1U-Pr4r1-cupgNOOq9NH_uTsQnPSVEKco,data/_source/isl_dictionary/G/Grill_Grille_Grillwork.mp4,17167,ISLRTC,src=G/Grill_Grille_Grillwork.mp4
grill_grilling_barbeque,grill grilling barbeque,3,https://drive.google.com/drive/folders/1U-Pr4r1-cupgNOOq9NH_uTsQnPSVEKco,data/_source/isl_dictionary/G/Grill_Grilling_Barbeque.mp4,12167,ISLRTC,src=G/Grill_Grilling_Barbeque.mp4
grind,grind,1,https://drive.google.com/drive/folders/1U-Pr4r1-cupgNOOq9NH_uTsQnPSVEKco,data/_source/isl_dictionary/G/Grind.mp4,19200,ISLRTC,src=G/Grind.mp4
grinding_machine,grinding machine,2,https://drive.google.com/drive/folders/1U-Pr4r1-cupgNOOq9NH_uTsQnPSVEKco,data/_source/isl_dictionary/G/Grinding_Machine.mp4,20640,ISLRTC,src=G/Grinding_Machine.mp4
grommets,grommets,1,https://drive.google.com/drive/folders/1U-Pr4r1-cupgNOOq9NH_uTsQnPSVEKco,data/_source/isl_dictionary/G/Grommets.mp4,11520,ISLRTC,src=G/Grommets.mp4
grope_root_around_fumble_cast_about_scrabble,grope root around fumble cast about scrabble,7,https://drive.google.com/drive/folders/1U-Pr4r1-cupgNOOq9NH_uTsQnPSVEKco,data/_source/isl_dictionary/G/Grope_Root_Around_Fumble_Cast_About_Scrabble.mp4,25500,ISLRTC,src=G/Grope_Root_Around_Fumble_Cast_About_Scrabble.mp4
gross_income,gross income,2,https://drive.google.com/drive/folders/1U-Pr4r1-cupgNOOq9NH_uTsQnPSVEKco,data/_source/isl_dictionary/G/Gross_Income.mp4,29750,ISLRTC,src=G/Gross_Income.mp4
ground_fault_circuit_interrupter,ground fault circuit interrupter,4,https://drive.google.com/drive/folders/1U-Pr4r1-cupgNOOq9NH_uTsQnPSVEKco,data/_source/isl_dictionary/G/Ground_Fault_Circuit_Interrupter.mp4,18800,ISLRTC,src=G/Ground_Fault_Circuit_Interrupter.mp4
ground_water,ground water,2,https://drive.google.com/drive/folders/1U-Pr4r1-cupgNOOq9NH_uTsQnPSVEKco,data/_source/isl_dictionary/G/Ground_Water.mp4,10917,ISLRTC,src=G/Ground_Water.mp4
groundwater,groundwater,1,https://drive.google.com/drive/folders/1U-Pr4r1-cupgNOOq9NH_uTsQnPSVEKco,data/_source/isl_dictionary/G/Groundwater.mp4,15360,ISLRTC,src=G/Groundwater.mp4
group,group,1,https://drive.google.com/drive/folders/1U-Pr4r1-cupgNOOq9NH_uTsQnPSVEKco,data/_source/isl_dictionary/G/Group.mp4,3120,ISLRTC,src=G/Group.mp4
grouping_of_rooms,grouping of rooms,3,https://drive.google.com/drive/folders/1U-Pr4r1-cupgNOOq9NH_uTsQnPSVEKco,data/_source/isl_dictionary/G/Grouping_of_Rooms.mp4,28042,ISLRTC,src=G/Grouping_of_Rooms.mp4
grow,grow,1,https://drive.google.com/drive/folders/1U-Pr4r1-cupgNOOq9NH_uTsQnPSVEKco,data/_source/isl_dictionary/G/Grow_(Hair).mp4,5320,ISLRTC,src=G/Grow_(Hair).mp4
grower_house,grower house,2,https://drive.google.com/drive/folders/1U-Pr4r1-cupgNOOq9NH_uTsQnPSVEKco,data/_source/isl_dictionary/G/Grower_House.mp4,15375,ISLRTC,src=G/Grower_House.mp4
grower_s_management,grower s management,3,https://drive.google.com/drive/folders/1U-Pr4r1-cupgNOOq9NH_uTsQnPSVEKco,data/_source/isl_dictionary/G/Grower_S_Management.mp4,23042,ISLRTC,src=G/Grower_S_Management.mp4
growl,growl,1,https://drive.google.com/drive/folders/1U-Pr4r1-cupgNOOq9NH_uTsQnPSVEKco,data/_source/isl_dictionary/G/Growl_(Lion_Tiger).mp4,13440,ISLRTC,src=G/Growl_(Lion_Tiger).mp4
grudge,grudge,1,https://drive.google.com/drive/folders/1U-Pr4r1-cupgNOOq9NH_uTsQnPSVEKco,data/_source/isl_dictionary/G/Grudge.mp4,5760,ISLRTC,src=G/Grudge.mp4
gst,gst,1,https://drive.google.com/drive/folders/1U-Pr4r1-cupgNOOq9NH_uTsQnPSVEKco,data/_source/isl_dictionary/G/GST.mp4,11040,ISLRTC,src=G/GST.mp4
guarantor,guarantor,1,https://drive.google.com/drive/folders/1U-Pr4r1-cupgNOOq9NH_uTsQnPSVEKco,data/_source/isl_dictionary/G/Guarantor.mp4,27080,ISLRTC,src=G/Guarantor.mp4
guava,guava,1,https://drive.google.com/drive/folders/1U-Pr4r1-cupgNOOq9NH_uTsQnPSVEKco,data/_source/isl_dictionary/G/Guava.mp4,3440,ISLRTC,src=G/Guava.mp4
guess,guess,1,https://drive.google.com/drive/folders/1U-Pr4r1-cupgNOOq9NH_uTsQnPSVEKco,data/_source/isl_dictionary/G/Guess.mp4,4720,ISLRTC,src=G/Guess.mp4
guest,guest,1,https://drive.google.com/drive/folders/1U-Pr4r1-cupgNOOq9NH_uTsQnPSVEKco,data/_source/isl_dictionary/G/Guest.mp4,4440,ISLRTC,src=G/Guest.mp4
guest_of_honour,guest of honour,3,https://drive.google.com/drive/folders/1U-Pr4r1-cupgNOOq9NH_uTsQnPSVEKco,data/_source/isl_dictionary/G/Guest_of_Honour.mp4,19875,ISLRTC,src=G/Guest_of_Honour.mp4
guide,guide,1,https://drive.google.com/drive/folders/1U-Pr4r1-cupgNOOq9NH_uTsQnPSVEKco,data/_source/isl_dictionary/G/Guide.mp4,5120,ISLRTC,src=G/Guide.mp4
guinea,guinea,1,https://drive.google.com/drive/folders/1U-Pr4r1-cupgNOOq9NH_uTsQnPSVEKco,data/_source/isl_dictionary/G/Guinea.mp4,3400,ISLRTC,src=G/Guinea.mp4
guitar,guitar,1,https://drive.google.com/drive/folders/1U-Pr4r1-cupgNOOq9NH_uTsQnPSVEKco,data/_source/isl_dictionary/G/Guitar.mp4,4640,ISLRTC,src=G/Guitar.mp4
gujarat,gujarat,1,https://drive.google.com/drive/folders/1U-Pr4r1-cupgNOOq9NH_uTsQnPSVEKco,data/_source/isl_dictionary/G/Gujarat.mp4,4200,ISLRTC,src=G/Gujarat.mp4; 2 other variant(s)
gujarati,gujarati,1,https://drive.google.com/drive/folders/1U-Pr4r1-cupgNOOq9NH_uTsQnPSVEKco,data/_source/isl_dictionary/G/Gujarati.mp4,2440,ISLRTC,src=G/Gujarati.mp4
gun,gun,1,https://drive.google.com/drive/folders/1U-Pr4r1-cupgNOOq9NH_uTsQnPSVEKco,data/_source/isl_dictionary/G/Gun.mp4,2760,ISLRTC,src=G/Gun.mp4; 1 other variant(s)
gurpurab,gurpurab,1,https://drive.google.com/drive/folders/1U-Pr4r1-cupgNOOq9NH_uTsQnPSVEKco,data/_source/isl_dictionary/New 2500 ISL Dictionary Videos/BCS/Gurpurab - English.mp4,15180,ISLRTC,src=New 2500 ISL Dictionary Videos/BCS/Gurpurab - English.mp4
guru_nanak,guru nanak,2,https://drive.google.com/drive/folders/1U-Pr4r1-cupgNOOq9NH_uTsQnPSVEKco,data/_source/isl_dictionary/G/Guru_Nanak.mp4,4520,ISLRTC,src=G/Guru_Nanak.mp4
guru_nanak_jayanti,guru nanak jayanti,3,https://drive.google.com/drive/folders/1U-Pr4r1-cupgNOOq9NH_uTsQnPSVEKco,data/_source/isl_dictionary/G/Guru_Nanak_Jayanti.mp4,5760,ISLRTC,src=G/Guru_Nanak_Jayanti.mp4
gusset_plate,gusset plate,2,https://drive.google.com/drive/folders/1U-Pr4r1-cupgNOOq9NH_uTsQnPSVEKco,data/_source/isl_dictionary/G/Gusset_Plate.mp4,19708,ISLRTC,src=G/Gusset_Plate.mp4
gutka,gutka,1,https://drive.google.com/drive/folders/1U-Pr4r1-cupgNOOq9NH_uTsQnPSVEKco,data/_source/isl_dictionary/G/Gutka.mp4,2800,ISLRTC,src=G/Gutka.mp4
guttation,guttation,1,https://drive.google.com/drive/folders/1U-Pr4r1-cupgNOOq9NH_uTsQnPSVEKco,data/_source/isl_dictionary/G/Guttation.mp4,15792,ISLRTC,src=G/Guttation.mp4
gutter,gutter,1,https://drive.google.com/drive/folders/1U-Pr4r1-cupgNOOq9NH_uTsQnPSVEKco,data/_source/isl_dictionary/G/Gutter.mp4,25333,ISLRTC,src=G/Gutter.mp4
gutter_ditch_culvert_drain,gutter ditch culvert drain,4,https://drive.google.com/drive/folders/1U-Pr4r1-cupgNOOq9NH_uTsQnPSVEKco,data/_source/isl_dictionary/G/Gutter_Ditch_Culvert_Drain.mp4,12417,ISLRTC,src=G/Gutter_Ditch_Culvert_Drain.mp4
gymnastics,gymnastics,1,https://drive.google.com/drive/folders/1U-Pr4r1-cupgNOOq9NH_uTsQnPSVEKco,data/_source/isl_dictionary/G/Gymnastics_(Ring_Uneven_Bars_Balance_Beam).mp4,22080,ISLRTC,src=G/Gymnastics_(Ring_Uneven_Bars_Balance_Beam).mp4
hair,hair,1,https://drive.google.com/drive/folders/1U-Pr4r1-cupgNOOq9NH_uTsQnPSVEKco,data/_source/isl_dictionary/H/Hair_(Curly_Hair).mp4,3208,ISLRTC,src=H/Hair_(Curly_Hair).mp4; 1 other variant(s)
hair_clip,hair clip,2,https://drive.google.com/drive/folders/1U-Pr4r1-cupgNOOq9NH_uTsQnPSVEKco,data/_source/isl_dictionary/H/Hair_Clip.mp4,3720,ISLRTC,src=H/Hair_Clip.mp4
hair_colour_hair_dye,hair colour hair dye,4,https://drive.google.com/drive/folders/1U-Pr4r1-cupgNOOq9NH_uTsQnPSVEKco,data/_source/isl_dictionary/H/Hair_Colour_Hair_Dye.mp4,4208,ISLRTC,src=H/Hair_Colour_Hair_Dye.mp4
hair_cut,hair cut,2,https://drive.google.com/drive/folders/1U-Pr4r1-cupgNOOq9NH_uTsQnPSVEKco,data/_source/isl_dictionary/H/Hair_Cut.mp4,3750,ISLRTC,src=H/Hair_Cut.mp4
hair_dryer,hair dryer,2,https://drive.google.com/drive/folders/1U-Pr4r1-cupgNOOq9NH_uTsQnPSVEKco,data/_source/isl_dictionary/H/Hair_Dryer.mp4,5880,ISLRTC,src=H/Hair_Dryer.mp4
hair_engraving_shaver_pen,hair engraving shaver pen,4,https://drive.google.com/drive/folders/1U-Pr4r1-cupgNOOq9NH_uTsQnPSVEKco,data/_source/isl_dictionary/H/Hair_Engraving_Shaver_Pen.mp4,17792,ISLRTC,src=H/Hair_Engraving_Shaver_Pen.mp4
hair_straightener,hair straightener,2,https://drive.google.com/drive/folders/1U-Pr4r1-cupgNOOq9NH_uTsQnPSVEKco,data/_source/isl_dictionary/H/Hair_Straightener.mp4,5375,ISLRTC,src=H/Hair_Straightener.mp4
hairband_headband,hairband headband,2,https://drive.google.com/drive/folders/1U-Pr4r1-cupgNOOq9NH_uTsQnPSVEKco,data/_source/isl_dictionary/H/Hairband_Headband.mp4,3125,ISLRTC,src=H/Hairband_Headband.mp4
hairdresser,hairdresser,1,https://drive.google.com/drive/folders/1U-Pr4r1-cupgNOOq9NH_uTsQnPSVEKco,data/_source/isl_dictionary/H/Hairdresser.mp4,8280,ISLRTC,src=H/Hairdresser.mp4
hairstyles_hairdos,hairstyles hairdos,2,https://drive.google.com/drive/folders/1U-Pr4r1-cupgNOOq9NH_uTsQnPSVEKco,data/_source/isl_dictionary/H/Hairstyles_Hairdos.mp4,6708,ISLRTC,src=H/Hairstyles_Hairdos.mp4
haji_ali_dargah,haji ali dargah,3,https://drive.google.com/drive/folders/1U-Pr4r1-cupgNOOq9NH_uTsQnPSVEKco,data/_source/isl_dictionary/H/Haji_Ali_Dargah.mp4,5960,ISLRTC,src=H/Haji_Ali_Dargah.mp4
half,half,1,https://drive.google.com/drive/folders/1U-Pr4r1-cupgNOOq9NH_uTsQnPSVEKco,data/_source/isl_dictionary/H/Half.mp4,2960,ISLRTC,src=H/Half.mp4
half_day_leave,half day leave,3,https://drive.google.com/drive/folders/1U-Pr4r1-cupgNOOq9NH_uTsQnPSVEKco,data/_source/isl_dictionary/H/Half_Day_Leave.mp4,23208,ISLRTC,src=H/Half_Day_Leave.mp4
halftone,halftone,1,https://drive.google.com/drive/folders/1U-Pr4r1-cupgNOOq9NH_uTsQnPSVEKco,data/_source/isl_dictionary/H/Halftone.mp4,22042,ISLRTC,src=H/Halftone.mp4
halitosis,halitosis,1,https://drive.google.com/drive/folders/1U-Pr4r1-cupgNOOq9NH_uTsQnPSVEKco,data/_source/isl_dictionary/H/Halitosis.mp4,12000,ISLRTC,src=H/Halitosis.mp4
hand,hand,1,https://drive.google.com/drive/folders/1U-Pr4r1-cupgNOOq9NH_uTsQnPSVEKco,data/_source/isl_dictionary/H/Hand_(Playing_Cards).mp4,4972,ISLRTC,src=H/Hand_(Playing_Cards).mp4
hand_carving_machine,hand carving machine,3,https://drive.google.com/drive/folders/1U-Pr4r1-cupgNOOq9NH_uTsQnPSVEKco,data/_source/isl_dictionary/H/Hand_Carving_Machine.mp4,22542,ISLRTC,src=H/Hand_Carving_Machine.mp4
hand_duster,hand duster,2,https://drive.google.com/drive/folders/1U-Pr4r1-cupgNOOq9NH_uTsQnPSVEKco,data/_source/isl_dictionary/H/Hand_Duster.mp4,19208,ISLRTC,src=H/Hand_Duster.mp4
hand_picking,hand picking,2,https://drive.google.com/drive/folders/1U-Pr4r1-cupgNOOq9NH_uTsQnPSVEKco,data/_source/isl_dictionary/H/Hand_Picking.mp4,25120,ISLRTC,src=H/Hand_Picking.mp4
hand_rail,hand rail,2,https://drive.google.com/drive/folders/1U-Pr4r1-cupgNOOq9NH_uTsQnPSVEKco,data/_source/isl_dictionary/H/Hand_Rail.mp4,3920,ISLRTC,src=H/Hand_Rail.mp4
hand_sanitizer,hand sanitizer,2,https://drive.google.com/drive/folders/1U-Pr4r1-cupgNOOq9NH_uTsQnPSVEKco,data/_source/isl_dictionary/H/Hand_Sanitizer.mp4,8640,ISLRTC,src=H/Hand_Sanitizer.mp4
hand_shower_handheld_shower_head,hand shower handheld shower head,5,https://drive.google.com/drive/folders/1U-Pr4r1-cupgNOOq9NH_uTsQnPSVEKco,data/_source/isl_dictionary/H/Hand_Shower_Handheld_Shower_Head.mp4,7720,ISLRTC,src=H/Hand_Shower_Handheld_Shower_Head.mp4
handcuffs,handcuffs,1,https://drive.google.com/drive/folders/1U-Pr4r1-cupgNOOq9NH_uTsQnPSVEKco,data/_source/isl_dictionary/H/Handcuffs.mp4,7080,ISLRTC,src=H/Handcuffs.mp4
handicapped_allowance,handicapped allowance,2,https://drive.google.com/drive/folders/1U-Pr4r1-cupgNOOq9NH_uTsQnPSVEKco,data/_source/isl_dictionary/H/Handicapped_Allowance.mp4,27708,ISLRTC,src=H/Handicapped_Allowance.mp4
handle,handle,1,https://drive.google.com/drive/folders/1U-Pr4r1-cupgNOOq9NH_uTsQnPSVEKco,data/_source/isl_dictionary/H/Handle.mp4,9083,ISLRTC,src=H/Handle.mp4; 1 other variant(s)
handout_master,handout master,2,https://drive.google.com/drive/folders/1U-Pr4r1-cupgNOOq9NH_uTsQnPSVEKco,data/_source/isl_dictionary/H/Handout_Master.mp4,25480,ISLRTC,src=H/Handout_Master.mp4
handrail,handrail,1,https://drive.google.com/drive/folders/1U-Pr4r1-cupgNOOq9NH_uTsQnPSVEKco,data/_source/isl_dictionary/H/Handrail.mp4,8560,ISLRTC,src=H/Handrail.mp4
hands,hands,1,https://drive.google.com/drive/folders/1U-Pr4r1-cupgNOOq9NH_uTsQnPSVEKco,data/_source/isl_dictionary/H/Hands.mp4,4160,ISLRTC,src=H/Hands.mp4
handsome,handsome,1,https://drive.google.com/drive/folders/1U-Pr4r1-cupgNOOq9NH_uTsQnPSVEKco,data/_source/isl_dictionary/H/Handsome.mp4,3640,ISLRTC,src=H/Handsome.mp4
handwash,handwash,1,https://drive.google.com/drive/folders/1U-Pr4r1-cupgNOOq9NH_uTsQnPSVEKco,data/_source/isl_dictionary/H/Handwash_(Liquid).mp4,4458,ISLRTC,src=H/Handwash_(Liquid).mp4
handwriting,handwriting,1,https://drive.google.com/drive/folders/1U-Pr4r1-cupgNOOq9NH_uTsQnPSVEKco,data/_source/isl_dictionary/H/Handwriting.mp4,15240,ISLRTC,src=H/Handwriting.mp4
hang,hang,1,https://drive.google.com/drive/folders/1U-Pr4r1-cupgNOOq9NH_uTsQnPSVEKco,data/_source/isl_dictionary/H/Hang.mp4,25720,ISLRTC,src=H/Hang.mp4
hanging_basket_plants,hanging basket plants,3,https://drive.google.com/drive/folders/1U-Pr4r1-cupgNOOq9NH_uTsQnPSVEKco,data/_source/isl_dictionary/H/Hanging_Basket_Plants.mp4,16400,ISLRTC,src=H/Hanging_Basket_Plants.mp4
hangman,hangman,1,https://drive.google.com/drive/folders/1U-Pr4r1-cupgNOOq9NH_uTsQnPSVEKco,data/_source/isl_dictionary/H/Hangman.mp4,23480,ISLRTC,src=H/Hangman.mp4
hangouts,hangouts,1,https://drive.google.com/drive/folders/1U-Pr4r1-cupgNOOq9NH_uTsQnPSVEKco,data/_source/isl_dictionary/H/Hangouts.mp4,16250,ISLRTC,src=H/Hangouts.mp4
hanuman,hanuman,1,https://drive.google.com/drive/folders/1U-Pr4r1-cupgNOOq9NH_uTsQnPSVEKco,data/_source/isl_dictionary/H/Hanuman.mp4,4240,ISLRTC,src=H/Hanuman.mp4; 1 other variant(s)
happen,happen,1,https://drive.google.com/drive/folders/1U-Pr4r1-cupgNOOq9NH_uTsQnPSVEKco,data/_source/isl_dictionary/H/Happen.mp4,3640,ISLRTC,src=H/Happen.mp4
happy,happy,1,https://drive.google.com/drive/folders/1U-Pr4r1-cupgNOOq9NH_uTsQnPSVEKco,data/_source/isl_dictionary/H/Happy.mp4,2600,ISLRTC,src=H/Happy.mp4
harass_bully,harass bully,2,https://drive.google.com/drive/folders/1U-Pr4r1-cupgNOOq9NH_uTsQnPSVEKco,data/_source/isl_dictionary/H/Harass_Bully.mp4,3680,ISLRTC,src=H/Harass_Bully.mp4
hard,hard,1,https://drive.google.com/drive/folders/1U-Pr4r1-cupgNOOq9NH_uTsQnPSVEKco,data/_source/isl_dictionary/H/Hard.mp4,3738,ISLRTC,src=H/Hard.mp4; 1 other variant(s)
hard_consistency_soil,hard consistency soil,3,https://drive.google.com/drive/folders/1U-Pr4r1-cupgNOOq9NH_uTsQnPSVEKco,data/_source/isl_dictionary/H/Hard_Consistency_Soil.mp4,9375,ISLRTC,src=H/Hard_Consistency_Soil.mp4
hard_difficult,hard difficult,2,https://drive.google.com/drive/folders/1U-Pr4r1-cupgNOOq9NH_uTsQnPSVEKco,data/_derived/h264/H/Hard_Difficult.mp4,3744,ISLRTC,src=H/Hard_Difficult.mpg; transcoded from mpeg2video
hard_disk_hard_drive,hard disk hard drive,4,https://drive.google.com/drive/folders/1U-Pr4r1-cupgNOOq9NH_uTsQnPSVEKco,data/_source/isl_dictionary/H/Hard_Disk_Hard_Drive_(Sign_2).mp4,4440,ISLRTC,src=H/Hard_Disk_Hard_Drive_(Sign_2).mp4
hard_of_hearing,hard of hearing,3,https://drive.google.com/drive/folders/1U-Pr4r1-cupgNOOq9NH_uTsQnPSVEKco,data/_source/isl_dictionary/H/Hard_of_Hearing.mp4,4480,ISLRTC,src=H/Hard_of_Hearing.mp4
hard_soil,hard soil,2,https://drive.google.com/drive/folders/1U-Pr4r1-cupgNOOq9NH_uTsQnPSVEKco,data/_source/isl_dictionary/H/Hard_Soil.mp4,24458,ISLRTC,src=H/Hard_Soil.mp4
hard_solid_rigid_inflexible,hard solid rigid inflexible,4,https://drive.google.com/drive/folders/1U-Pr4r1-cupgNOOq9NH_uTsQnPSVEKco,data/_source/isl_dictionary/H/Hard_Solid_Rigid_Inflexible.mp4,3480,ISLRTC,src=H/Hard_Solid_Rigid_Inflexible.mp4
hardware,hardware,1,https://drive.google.com/drive/folders/1U-Pr4r1-cupgNOOq9NH_uTsQnPSVEKco,data/_source/isl_dictionary/H/Hardware.mp4,6360,ISLRTC,src=H/Hardware.mp4
harvesting_of_vegetables,harvesting of vegetables,3,https://drive.google.com/drive/folders/1U-Pr4r1-cupgNOOq9NH_uTsQnPSVEKco,data/_source/isl_dictionary/H/Harvesting_of_Vegetables.mp4,18680,ISLRTC,src=H/Harvesting_of_Vegetables.mp4
haryana,haryana,1,https://drive.google.com/drive/folders/1U-Pr4r1-cupgNOOq9NH_uTsQnPSVEKco,data/_source/isl_dictionary/H/Haryana.mp4,4320,ISLRTC,src=H/Haryana.mp4
hashtag,hashtag,1,https://drive.google.com/drive/folders/1U-Pr4r1-cupgNOOq9NH_uTsQnPSVEKco,data/_source/isl_dictionary/H/Hashtag.mp4,2708,ISLRTC,src=H/Hashtag.mp4
hat,hat,1,https://drive.google.com/drive/folders/1U-Pr4r1-cupgNOOq9NH_uTsQnPSVEKco,data/_source/isl_dictionary/H/Hat.mp4,2840,ISLRTC,src=H/Hat.mp4
hatchet,hatchet,1,https://drive.google.com/drive/folders/1U-Pr4r1-cupgNOOq9NH_uTsQnPSVEKco,data/_source/isl_dictionary/H/Hatchet.mp4,10080,ISLRTC,src=H/Hatchet.mp4
hate,hate,1,https://drive.google.com/drive/folders/1U-Pr4r1-cupgNOOq9NH_uTsQnPSVEKco,data/_source/isl_dictionary/H/Hate.mp4,4240,ISLRTC,src=H/Hate.mp4
have,have,1,https://drive.google.com/drive/folders/1U-Pr4r1-cupgNOOq9NH_uTsQnPSVEKco,data/_source/isl_dictionary/H/Have.mp4,3080,ISLRTC,src=H/Have.mp4
have_a_ball,have a ball,3,https://drive.google.com/drive/folders/1U-Pr4r1-cupgNOOq9NH_uTsQnPSVEKco,data/_source/isl_dictionary/H/Have_a_Ball.mp4,11958,ISLRTC,src=H/Have_a_Ball.mp4
have_your_hands_full,have your hands full,4,https://drive.google.com/drive/folders/1U-Pr4r1-cupgNOOq9NH_uTsQnPSVEKco,data/_source/isl_dictionary/H/Have_Your_Hands_Full.mp4,25000,ISLRTC,src=H/Have_Your_Hands_Full.mp4
hawker,hawker,1,https://drive.google.com/drive/folders/1U-Pr4r1-cupgNOOq9NH_uTsQnPSVEKco,data/_source/isl_dictionary/H/Hawker.mp4,6250,ISLRTC,src=H/Hawker.mp4
hawking_hawker,hawking hawker,2,https://drive.google.com/drive/folders/1U-Pr4r1-cupgNOOq9NH_uTsQnPSVEKco,data/_source/isl_dictionary/H/Hawking_Hawker.mp4,20160,ISLRTC,src=H/Hawking_Hawker.mp4
hdfc_bank,hdfc bank,2,https://drive.google.com/drive/folders/1U-Pr4r1-cupgNOOq9NH_uTsQnPSVEKco,data/_source/isl_dictionary/H/Hdfc_Bank.mp4,5542,ISLRTC,src=H/Hdfc_Bank.mp4
he,he,1,https://drive.google.com/drive/folders/1U-Pr4r1-cupgNOOq9NH_uTsQnPSVEKco,data/_source/isl_dictionary/H/He.mp4,2960,ISLRTC,src=H/He.mp4
head,head,1,https://drive.google.com/drive/folders/1U-Pr4r1-cupgNOOq9NH_uTsQnPSVEKco,data/_source/isl_dictionary/H/Head.mp4,4000,ISLRTC,src=H/Head.mp4
headlights,headlights,1,https://drive.google.com/drive/folders/1U-Pr4r1-cupgNOOq9NH_uTsQnPSVEKco,data/_source/isl_dictionary/H/Headlights.mp4,5625,ISLRTC,src=H/Headlights.mp4
headphones_earphones,headphones earphones,2,https://drive.google.com/drive/folders/1U-Pr4r1-cupgNOOq9NH_uTsQnPSVEKco,data/_source/isl_dictionary/H/Headphones_Earphones.mp4,3708,ISLRTC,src=H/Headphones_Earphones.mp4
healing,healing,1,https://drive.google.com/drive/folders/1U-Pr4r1-cupgNOOq9NH_uTsQnPSVEKco,data/_source/isl_dictionary/MHSL - 259/Healing.mp4,23765,ISLRTC,src=MHSL - 259/Healing.mp4
health,health,1,https://drive.google.com/drive/folders/1U-Pr4r1-cupgNOOq9NH_uTsQnPSVEKco,data/_source/isl_dictionary/H/Health.mp4,5400,ISLRTC,src=H/Health.mp4
health_tourism_or_medical_tourism,health tourism or medical tourism,5,https://drive.google.com/drive/folders/1U-Pr4r1-cupgNOOq9NH_uTsQnPSVEKco,data/_source/isl_dictionary/H/Health_Tourism_or_Medical_Tourism.mp4,28833,ISLRTC,src=H/Health_Tourism_or_Medical_Tourism.mp4
healthy_boundaries,healthy boundaries,2,https://drive.google.com/drive/folders/1U-Pr4r1-cupgNOOq9NH_uTsQnPSVEKco,data/_source/isl_dictionary/MHSL - 259/Healthy_Boundaries.mp4,26005,ISLRTC,src=MHSL - 259/Healthy_Boundaries.mp4
healthy_lifestyle,healthy lifestyle,2,https://drive.google.com/drive/folders/1U-Pr4r1-cupgNOOq9NH_uTsQnPSVEKco,data/_source/isl_dictionary/MHSL - 259/Healthy_lifestyle.mp4,28480,ISLRTC,src=MHSL - 259/Healthy_lifestyle.mp4
hear,hear,1,https://drive.google.com/drive/folders/1U-Pr4r1-cupgNOOq9NH_uTsQnPSVEKco,data/_source/isl_dictionary/H/Hear_Listen_(Sign_2).mp4,2680,ISLRTC,alias of 'hear listen': dictionary files both words under one sign
hear_listen,hear listen,2,https://drive.google.com/drive/folders/1U-Pr4r1-cupgNOOq9NH_uTsQnPSVEKco,data/_source/isl_dictionary/H/Hear_Listen_(Sign_2).mp4,2680,ISLRTC,src=H/Hear_Listen_(Sign_2).mp4
hearing,hearing,1,https://drive.google.com/drive/folders/1U-Pr4r1-cupgNOOq9NH_uTsQnPSVEKco,data/_source/isl_dictionary/H/Hearing.mp4,3480,ISLRTC,src=H/Hearing.mp4
hearing_loss,hearing loss,2,https://drive.google.com/drive/folders/1U-Pr4r1-cupgNOOq9NH_uTsQnPSVEKco,data/_source/isl_dictionary/H/Hearing_Loss.mp4,9250,ISLRTC,src=H/Hearing_Loss.mp4
hearsay,hearsay,1,https://drive.google.com/drive/folders/1U-Pr4r1-cupgNOOq9NH_uTsQnPSVEKco,data/_source/isl_dictionary/H/Hearsay.mp4,14360,ISLRTC,src=H/Hearsay.mp4
hearsay_hearsay_evidence,hearsay hearsay evidence,3,https://drive.google.com/drive/folders/1U-Pr4r1-cupgNOOq9NH_uTsQnPSVEKco,data/_source/isl_dictionary/H/Hearsay_Hearsay_Evidence.mp4,21000,ISLRTC,src=H/Hearsay_Hearsay_Evidence.mp4
heart,heart,1,https://drive.google.com/drive/folders/1U-Pr4r1-cupgNOOq9NH_uTsQnPSVEKco,data/_source/isl_dictionary/H/Heart.mp4,4440,ISLRTC,src=H/Heart.mp4
heart_block,heart block,2,https://drive.google.com/drive/folders/1U-Pr4r1-cupgNOOq9NH_uTsQnPSVEKco,data/_source/isl_dictionary/H/Heart_Block.mp4,11520,ISLRTC,src=H/Heart_Block.mp4
heater,heater,1,https://drive.google.com/drive/folders/1U-Pr4r1-cupgNOOq9NH_uTsQnPSVEKco,data/_source/isl_dictionary/H/Heater.mp4,8583,ISLRTC,src=H/Heater.mp4
heatstroke,heatstroke,1,https://drive.google.com/drive/folders/1U-Pr4r1-cupgNOOq9NH_uTsQnPSVEKco,data/_source/isl_dictionary/H/Heatstroke.mp4,7400,ISLRTC,src=H/Heatstroke.mp4
heaven,heaven,1,https://drive.google.com/drive/folders/1U-Pr4r1-cupgNOOq9NH_uTsQnPSVEKco,data/_source/isl_dictionary/H/Heaven.mp4,3880,ISLRTC,src=H/Heaven.mp4; 1 other variant(s)
heavy,heavy,1,https://drive.google.com/drive/folders/1U-Pr4r1-cupgNOOq9NH_uTsQnPSVEKco,data/_source/isl_dictionary/H/Heavy.mp4,3960,ISLRTC,src=H/Heavy.mp4
heavy_duty_robot,heavy duty robot,3,https://drive.google.com/drive/folders/1U-Pr4r1-cupgNOOq9NH_uTsQnPSVEKco,data/_source/isl_dictionary/H/Heavy_Duty_Robot.mp4,23375,ISLRTC,src=H/Heavy_Duty_Robot.mp4
hedge_funds,hedge funds,2,https://drive.google.com/drive/folders/1U-Pr4r1-cupgNOOq9NH_uTsQnPSVEKco,data/_source/isl_dictionary/H/Hedge_Funds.mp4,29954,ISLRTC,src=H/Hedge_Funds.mp4
hedges,hedges,1,https://drive.google.com/drive/folders/1U-Pr4r1-cupgNOOq9NH_uTsQnPSVEKco,data/_source/isl_dictionary/H/Hedges.mp4,23840,ISLRTC,src=H/Hedges.mp4
hedges_for_protection,hedges for protection,3,https://drive.google.com/drive/folders/1U-Pr4r1-cupgNOOq9NH_uTsQnPSVEKco,data/_source/isl_dictionary/H/Hedges_for_Protection.mp4,11000,ISLRTC,src=H/Hedges_for_Protection.mp4
heels_stilettos,heels stilettos,2,https://drive.google.com/drive/folders/1U-Pr4r1-cupgNOOq9NH_uTsQnPSVEKco,data/_source/isl_dictionary/H/Heels_Stilettos_(Footwear).mp4,4542,ISLRTC,src=H/Heels_Stilettos_(Footwear).mp4
heifer_calf,heifer calf,2,https://drive.google.com/drive/folders/1U-Pr4r1-cupgNOOq9NH_uTsQnPSVEKco,data/_source/isl_dictionary/H/Heifer_Calf.mp4,11542,ISLRTC,src=H/Heifer_Calf.mp4
height,height,1,https://drive.google.com/drive/folders/1U-Pr4r1-cupgNOOq9NH_uTsQnPSVEKco,data/_source/isl_dictionary/H/Height.mp4,3840,ISLRTC,src=H/Height.mp4; 1 other variant(s)
heir,heir,1,https://drive.google.com/drive/folders/1U-Pr4r1-cupgNOOq9NH_uTsQnPSVEKco,data/_source/isl_dictionary/H/Heir.mp4,16960,ISLRTC,src=H/Heir.mp4
helipads,helipads,1,https://drive.google.com/drive/folders/1U-Pr4r1-cupgNOOq9NH_uTsQnPSVEKco,data/_source/isl_dictionary/H/Helipads.mp4,14000,ISLRTC,src=H/Helipads.mp4
helium,helium,1,https://drive.google.com/drive/folders/1U-Pr4r1-cupgNOOq9NH_uTsQnPSVEKco,data/_source/isl_dictionary/H/Helium.mp4,22375,ISLRTC,src=H/Helium.mp4
hell,hell,1,https://drive.google.com/drive/folders/1U-Pr4r1-cupgNOOq9NH_uTsQnPSVEKco,data/_source/isl_dictionary/H/Hell.mp4,3320,ISLRTC,src=H/Hell.mp4
hello,hello,1,https://drive.google.com/drive/folders/1U-Pr4r1-cupgNOOq9NH_uTsQnPSVEKco,data/_source/isl_dictionary/H/Hello.mp4,2960,ISLRTC,src=H/Hello.mp4
helmet,helmet,1,https://drive.google.com/drive/folders/1U-Pr4r1-cupgNOOq9NH_uTsQnPSVEKco,data/_source/isl_dictionary/H/Helmet.mp4,3880,ISLRTC,src=H/Helmet.mp4
helminths,helminths,1,https://drive.google.com/drive/folders/1U-Pr4r1-cupgNOOq9NH_uTsQnPSVEKco,data/_source/isl_dictionary/H/Helminths.mp4,3520,ISLRTC,src=H/Helminths.mp4
help,help,1,https://drive.google.com/drive/folders/1U-Pr4r1-cupgNOOq9NH_uTsQnPSVEKco,data/_source/isl_dictionary/H/Help.mp4,3360,ISLRTC,src=H/Help.mp4
hematologist,hematologist,1,https://drive.google.com/drive/folders/1U-Pr4r1-cupgNOOq9NH_uTsQnPSVEKco,data/_source/isl_dictionary/H/Hematologist.mp4,4720,ISLRTC,src=H/Hematologist.mp4
hemisphere,hemisphere,1,https://drive.google.com/drive/folders/1U-Pr4r1-cupgNOOq9NH_uTsQnPSVEKco,data/_source/isl_dictionary/H/Hemisphere.mp4,11496,ISLRTC,src=H/Hemisphere.mp4
hemodialysis,hemodialysis,1,https://drive.google.com/drive/folders/1U-Pr4r1-cupgNOOq9NH_uTsQnPSVEKco,data/_source/isl_dictionary/H/Hemodialysis.mp4,10720,ISLRTC,src=H/Hemodialysis.mp4
hemoglobin,hemoglobin,1,https://drive.google.com/drive/folders/1U-Pr4r1-cupgNOOq9NH_uTsQnPSVEKco,data/_source/isl_dictionary/H/Hemoglobin.mp4,5320,ISLRTC,src=H/Hemoglobin.mp4
hemophilia,hemophilia,1,https://drive.google.com/drive/folders/1U-Pr4r1-cupgNOOq9NH_uTsQnPSVEKco,data/_source/isl_dictionary/H/Hemophilia.mp4,10440,ISLRTC,src=H/Hemophilia.mp4
hepatitis,hepatitis,1,https://drive.google.com/drive/folders/1U-Pr4r1-cupgNOOq9NH_uTsQnPSVEKco,data/_source/isl_dictionary/H/Hepatitis.mp4,10640,ISLRTC,src=H/Hepatitis.mp4
hepatology,hepatology,1,https://drive.google.com/drive/folders/1U-Pr4r1-cupgNOOq9NH_uTsQnPSVEKco,data/_source/isl_dictionary/H/Hepatology.mp4,5560,ISLRTC,src=H/Hepatology.mp4
her,her,1,https://drive.google.com/drive/folders/1U-Pr4r1-cupgNOOq9NH_uTsQnPSVEKco,data/_source/isl_dictionary/H/Her.mp4,3120,ISLRTC,src=H/Her.mp4
herbaceous,herbaceous,1,https://drive.google.com/drive/folders/1U-Pr4r1-cupgNOOq9NH_uTsQnPSVEKco,data/_source/isl_dictionary/H/Herbaceous.mp4,25583,ISLRTC,src=H/Herbaceous.mp4
herbivorus_fishes,herbivorus fishes,2,https://drive.google.com/drive/folders/1U-Pr4r1-cupgNOOq9NH_uTsQnPSVEKco,data/_source/isl_dictionary/H/Herbivorus_Fishes.mp4,19708,ISLRTC,src=H/Herbivorus_Fishes.mp4
herd_of_cows_drove_of_cows,herd of cows drove of cows,6,https://drive.google.com/drive/folders/1U-Pr4r1-cupgNOOq9NH_uTsQnPSVEKco,data/_source/isl_dictionary/H/Herd_of_Cows__Drove_of_Cows.mp4,6360,ISLRTC,src=H/Herd_of_Cows__Drove_of_Cows.mp4
herd_of_elephants_parade_of_elephants_memory_of_elephants,herd of elephants parade of elephants memory of elephants,9,https://drive.google.com/drive/folders/1U-Pr4r1-cupgNOOq9NH_uTsQnPSVEKco,data/_source/isl_dictionary/H/Herd_of_Elephants_Parade_of_Elephants_Memory_of_Elephants.mp4,8120,ISLRTC,src=H/Herd_of_Elephants_Parade_of_Elephants_Memory_of_Elephants.mp4
here,here,1,https://drive.google.com/drive/folders/1U-Pr4r1-cupgNOOq9NH_uTsQnPSVEKco,data/_source/isl_dictionary/H/Here.mp4,2920,ISLRTC,src=H/Here.mp4
herniated_intervertebral,herniated intervertebral,2,https://drive.google.com/drive/folders/1U-Pr4r1-cupgNOOq9NH_uTsQnPSVEKco,data/_source/isl_dictionary/H/Herniated_Intervertebral.mp4,13560,ISLRTC,src=H/Herniated_Intervertebral.mp4
hero_honda,hero honda,2,https://drive.google.com/drive/folders/1U-Pr4r1-cupgNOOq9NH_uTsQnPSVEKco,data/_source/isl_dictionary/H/Hero_Honda.mp4,3840,ISLRTC,src=H/Hero_Honda.mp4
herself,herself,1,https://drive.google.com/drive/folders/1U-Pr4r1-cupgNOOq9NH_uTsQnPSVEKco,data/_source/isl_dictionary/H/Herself.mp4,3000,ISLRTC,src=H/Herself.mp4
heterotrophic,heterotrophic,1,https://drive.google.com/drive/folders/1U-Pr4r1-cupgNOOq9NH_uTsQnPSVEKco,data/_source/isl_dictionary/H/Heterotrophic.mp4,26375,ISLRTC,src=H/Heterotrophic.mp4
hexapod_robot,hexapod robot,2,https://drive.google.com/drive/folders/1U-Pr4r1-cupgNOOq9NH_uTsQnPSVEKco,data/_source/isl_dictionary/H/Hexapod_Robot.mp4,19708,ISLRTC,src=H/Hexapod_Robot.mp4
hibiscus_rosasinensis,hibiscus rosasinensis,2,https://drive.google.com/drive/folders/1U-Pr4r1-cupgNOOq9NH_uTsQnPSVEKco,data/_source/isl_dictionary/H/Hibiscus_Rosasinensis.mp4,18000,ISLRTC,src=H/Hibiscus_Rosasinensis.mp4
hidden_file,hidden file,2,https://drive.google.com/drive/folders/1U-Pr4r1-cupgNOOq9NH_uTsQnPSVEKco,data/_source/isl_dictionary/H/Hidden_File.mp4,11833,ISLRTC,src=H/Hidden_File.mp4; 1 other variant(s)
hideandseek,hideandseek,1,https://drive.google.com/drive/folders/1U-Pr4r1-cupgNOOq9NH_uTsQnPSVEKco,data/_source/isl_dictionary/H/Hide-and-Seek.mp4,3960,ISLRTC,src=H/Hide-and-Seek.mp4
high_chair,high chair,2,https://drive.google.com/drive/folders/1U-Pr4r1-cupgNOOq9NH_uTsQnPSVEKco,data/_source/isl_dictionary/H/High_Chair.mp4,19240,ISLRTC,src=H/High_Chair.mp4
high_court,high court,2,https://drive.google.com/drive/folders/1U-Pr4r1-cupgNOOq9NH_uTsQnPSVEKco,data/_source/isl_dictionary/H/High_Court.mp4,10224,ISLRTC,src=H/High_Court.mp4
high_five,high five,2,https://drive.google.com/drive/folders/1U-Pr4r1-cupgNOOq9NH_uTsQnPSVEKco,data/_source/isl_dictionary/H/High_Five.mp4,4792,ISLRTC,src=H/High_Five.mp4
high_jump,high jump,2,https://drive.google.com/drive/folders/1U-Pr4r1-cupgNOOq9NH_uTsQnPSVEKco,data/_source/isl_dictionary/H/High_Jump.mp4,3680,ISLRTC,src=H/High_Jump.mp4
high_rise_building,high rise building,3,https://drive.google.com/drive/folders/1U-Pr4r1-cupgNOOq9NH_uTsQnPSVEKco,data/_source/isl_dictionary/H/High_Rise_Building.mp4,22708,ISLRTC,src=H/High_Rise_Building.mp4
high_yield,high yield,2,https://drive.google.com/drive/folders/1U-Pr4r1-cupgNOOq9NH_uTsQnPSVEKco,data/_source/isl_dictionary/H/High_Yield.mp4,20720,ISLRTC,src=H/High_Yield.mp4
higher_education_commission_of_india,higher education commission of india,5,https://drive.google.com/drive/folders/1U-Pr4r1-cupgNOOq9NH_uTsQnPSVEKco,data/_source/isl_dictionary/H/Higher_Education_Commission_of_India_(HECI).mp4,16833,ISLRTC,src=H/Higher_Education_Commission_of_India_(HECI).mp4
higher_education_grants_council,higher education grants council,4,https://drive.google.com/drive/folders/1U-Pr4r1-cupgNOOq9NH_uTsQnPSVEKco,data/_source/isl_dictionary/H/Higher_Education_Grants_Council_(HEGC).mp4,14500,ISLRTC,src=H/Higher_Education_Grants_Council_(HEGC).mp4
higher_education_institutions,higher education institutions,3,https://drive.google.com/drive/folders/1U-Pr4r1-cupgNOOq9NH_uTsQnPSVEKco,data/_source/isl_dictionary/H/Higher_Education_Institutions_(HEI).mp4,18458,ISLRTC,src=H/Higher_Education_Institutions_(HEI).mp4
highly_sensitive,highly sensitive,2,https://drive.google.com/drive/folders/1U-Pr4r1-cupgNOOq9NH_uTsQnPSVEKco,data/_source/isl_dictionary/MHSL - 259/Highly_Sensitive.mp4,21056,ISLRTC,src=MHSL - 259/Highly_Sensitive.mp4
highway,highway,1,https://drive.google.com/drive/folders/1U-Pr4r1-cupgNOOq9NH_uTsQnPSVEKco,data/_source/isl_dictionary/H/Highway.mp4,18280,ISLRTC,src=H/Highway.mp4
hijab,hijab,1,https://drive.google.com/drive/folders/1U-Pr4r1-cupgNOOq9NH_uTsQnPSVEKco,data/_source/isl_dictionary/H/Hijab.mp4,3292,ISLRTC,src=H/Hijab.mp4
hijack_hijacker,hijack hijacker,2,https://drive.google.com/drive/folders/1U-Pr4r1-cupgNOOq9NH_uTsQnPSVEKco,data/_source/isl_dictionary/H/Hijack_Hijacker.mp4,29760,ISLRTC,src=H/Hijack_Hijacker.mp4
hill,hill,1,https://drive.google.com/drive/folders/1U-Pr4r1-cupgNOOq9NH_uTsQnPSVEKco,data/_source/isl_dictionary/H/Hill.mp4,6080,ISLRTC,src=H/Hill.mp4
hill_garden,hill garden,2,https://drive.google.com/drive/folders/1U-Pr4r1-cupgNOOq9NH_uTsQnPSVEKco,data/_source/isl_dictionary/H/Hill_Garden.mp4,11480,ISLRTC,src=H/Hill_Garden.mp4
hilly_camel,hilly camel,2,https://drive.google.com/drive/folders/1U-Pr4r1-cupgNOOq9NH_uTsQnPSVEKco,data/_source/isl_dictionary/H/Hilly_Camel.mp4,19208,ISLRTC,src=H/Hilly_Camel.mp4
himachal_pradesh,himachal pradesh,2,https://drive.google.com/drive/folders/1U-Pr4r1-cupgNOOq9NH_uTsQnPSVEKco,data/_source/isl_dictionary/H/Himachal_Pradesh.mp4,4320,ISLRTC,src=H/Himachal_Pradesh.mp4
himself,himself,1,https://drive.google.com/drive/folders/1U-Pr4r1-cupgNOOq9NH_uTsQnPSVEKco,data/_source/isl_dictionary/H/Himself.mp4,3000,ISLRTC,src=H/Himself.mp4
hindi,hindi,1,https://drive.google.com/drive/folders/1U-Pr4r1-cupgNOOq9NH_uTsQnPSVEKco,data/_source/isl_dictionary/H/Hindi.mp4,2080,ISLRTC,src=H/Hindi.mp4
hindu_arabic_numbers,hindu arabic numbers,3,https://drive.google.com/drive/folders/1U-Pr4r1-cupgNOOq9NH_uTsQnPSVEKco,data/_source/isl_dictionary/H/Hindu_Arabic_Numbers.mp4,29400,ISLRTC,src=H/Hindu_Arabic_Numbers.mp4
hinduism,hinduism,1,https://drive.google.com/drive/folders/1U-Pr4r1-cupgNOOq9NH_uTsQnPSVEKco,data/_source/isl_dictionary/H/Hinduism.mp4,3040,ISLRTC,src=H/Hinduism.mp4
hinge,hinge,1,https://drive.google.com/drive/folders/1U-Pr4r1-cupgNOOq9NH_uTsQnPSVEKco,data/_source/isl_dictionary/H/Hinge.mp4,21625,ISLRTC,src=H/Hinge.mp4
hinge_joints,hinge joints,2,https://drive.google.com/drive/folders/1U-Pr4r1-cupgNOOq9NH_uTsQnPSVEKco,data/_source/isl_dictionary/H/Hinge_Joints.mp4,26200,ISLRTC,src=H/Hinge_Joints.mp4
hip,hip,1,https://drive.google.com/drive/folders/1U-Pr4r1-cupgNOOq9NH_uTsQnPSVEKco,data/_source/isl_dictionary/H/Hip.mp4,3920,ISLRTC,src=H/Hip.mp4
hip_hugger,hip hugger,2,https://drive.google.com/drive/folders/1U-Pr4r1-cupgNOOq9NH_uTsQnPSVEKco,data/_source/isl_dictionary/H/Hip_Hugger.mp4,5040,ISLRTC,src=H/Hip_Hugger.mp4
hipbone,hipbone,1,https://drive.google.com/drive/folders/1U-Pr4r1-cupgNOOq9NH_uTsQnPSVEKco,data/_source/isl_dictionary/H/Hip-Bone.mp4,7760,ISLRTC,src=H/Hip-Bone.mp4
hippopotamus,hippopotamus,1,https://drive.google.com/drive/folders/1U-Pr4r1-cupgNOOq9NH_uTsQnPSVEKco,data/_source/isl_dictionary/H/Hippopotamus.mp4,4040,ISLRTC,src=H/Hippopotamus.mp4; 1 other variant(s)
hire,hire,1,https://drive.google.com/drive/folders/1U-Pr4r1-cupgNOOq9NH_uTsQnPSVEKco,data/_source/isl_dictionary/H/Hire.mp4,3920,ISLRTC,src=H/Hire.mp4
his,his,1,https://drive.google.com/drive/folders/1U-Pr4r1-cupgNOOq9NH_uTsQnPSVEKco,data/_source/isl_dictionary/H/His.mp4,3680,ISLRTC,src=H/His.mp4
hiss_rattle,hiss rattle,2,https://drive.google.com/drive/folders/1U-Pr4r1-cupgNOOq9NH_uTsQnPSVEKco,data/_source/isl_dictionary/H/Hiss_Rattle.mp4,6333,ISLRTC,src=H/Hiss_Rattle.mp4
histology,histology,1,https://drive.google.com/drive/folders/1U-Pr4r1-cupgNOOq9NH_uTsQnPSVEKco,data/_source/isl_dictionary/H/Histology.mp4,9320,ISLRTC,src=H/Histology.mp4
history,history,1,https://drive.google.com/drive/folders/1U-Pr4r1-cupgNOOq9NH_uTsQnPSVEKco,data/_source/isl_dictionary/H/History.mp4,7080,ISLRTC,src=H/History.mp4
history_of_plant_pathology,history of plant pathology,4,https://drive.google.com/drive/folders/1U-Pr4r1-cupgNOOq9NH_uTsQnPSVEKco,data/_source/isl_dictionary/H/History_of_Plant_Pathology.mp4,28080,ISLRTC,src=H/History_of_Plant_Pathology.mp4
hit,hit,1,https://drive.google.com/drive/folders/1U-Pr4r1-cupgNOOq9NH_uTsQnPSVEKco,data/_source/isl_dictionary/New 2500 ISL Dictionary Videos/Yunikee 1/New English/Hit.mp4,11880,ISLRTC,src=New 2500 ISL Dictionary Videos/Yunikee 1/New English/Hit.mp4
hit_and_run,hit and run,3,https://drive.google.com/drive/folders/1U-Pr4r1-cupgNOOq9NH_uTsQnPSVEKco,data/_source/isl_dictionary/H/Hit_&_Run.mp4,15840,ISLRTC,src=H/Hit_&_Run.mp4
hit_the_sack,hit the sack,3,https://drive.google.com/drive/folders/1U-Pr4r1-cupgNOOq9NH_uTsQnPSVEKco,data/_source/isl_dictionary/H/Hit_the_Sack.mp4,12520,ISLRTC,src=H/Hit_the_Sack.mp4
hiv_screening,hiv screening,2,https://drive.google.com/drive/folders/1U-Pr4r1-cupgNOOq9NH_uTsQnPSVEKco,data/_source/isl_dictionary/H/Hiv_Screening.mp4,6360,ISLRTC,src=H/Hiv_Screening.mp4
hiv_screening_machine,hiv screening machine,3,https://drive.google.com/drive/folders/1U-Pr4r1-cupgNOOq9NH_uTsQnPSVEKco,data/_source/isl_dictionary/H/Hiv_Screening_Machine.mp4,5400,ISLRTC,src=H/Hiv_Screening_Machine.mp4
hoarding,hoarding,1,https://drive.google.com/drive/folders/1U-Pr4r1-cupgNOOq9NH_uTsQnPSVEKco,data/_source/isl_dictionary/H/Hoarding.mp4,23542,ISLRTC,src=H/Hoarding.mp4
hold,hold,1,https://drive.google.com/drive/folders/1U-Pr4r1-cupgNOOq9NH_uTsQnPSVEKco,data/_source/isl_dictionary/H/Hold.mp4,29040,ISLRTC,src=H/Hold.mp4
holiday,holiday,1,https://drive.google.com/drive/folders/1U-Pr4r1-cupgNOOq9NH_uTsQnPSVEKco,data/_source/isl_dictionary/H/Holiday.mp4,3600,ISLRTC,src=H/Holiday.mp4
holster,holster,1,https://drive.google.com/drive/folders/1U-Pr4r1-cupgNOOq9NH_uTsQnPSVEKco,data/_source/isl_dictionary/H/Holster.mp4,7480,ISLRTC,src=H/Holster.mp4
home,home,1,https://drive.google.com/drive/folders/1U-Pr4r1-cupgNOOq9NH_uTsQnPSVEKco,data/_source/isl_dictionary/H/House_Home.mp4,4000,ISLRTC,alias of 'house home': dictionary files both words under one sign
home_gardens,home gardens,2,https://drive.google.com/drive/folders/1U-Pr4r1-cupgNOOq9NH_uTsQnPSVEKco,data/_source/isl_dictionary/H/Home_Gardens.mp4,10680,ISLRTC,src=H/Home_Gardens.mp4
home_page,home page,2,https://drive.google.com/drive/folders/1U-Pr4r1-cupgNOOq9NH_uTsQnPSVEKco,data/_source/isl_dictionary/H/Home_Page.mp4,28520,ISLRTC,src=H/Home_Page.mp4
home_visit,home visit,2,https://drive.google.com/drive/folders/1U-Pr4r1-cupgNOOq9NH_uTsQnPSVEKco,data/_source/isl_dictionary/MHSL - 259/Home_visit.mp4,29482,ISLRTC,src=MHSL - 259/Home_visit.mp4
homeopathy,homeopathy,1,https://drive.google.com/drive/folders/1U-Pr4r1-cupgNOOq9NH_uTsQnPSVEKco,data/_source/isl_dictionary/H/Homeopathy.mp4,6120,ISLRTC,src=H/Homeopathy.mp4
homestead,homestead,1,https://drive.google.com/drive/folders/1U-Pr4r1-cupgNOOq9NH_uTsQnPSVEKco,data/_source/isl_dictionary/H/Homestead.mp4,16920,ISLRTC,src=H/Homestead.mp4
homework,homework,1,https://drive.google.com/drive/folders/1U-Pr4r1-cupgNOOq9NH_uTsQnPSVEKco,data/_source/isl_dictionary/H/Homework.mp4,3200,ISLRTC,src=H/Homework.mp4
homophone,homophone,1,https://drive.google.com/drive/folders/1U-Pr4r1-cupgNOOq9NH_uTsQnPSVEKco,data/_source/isl_dictionary/H/Homophone.mp4,27250,ISLRTC,src=H/Homophone.mp4
honda,honda,1,https://drive.google.com/drive/folders/1U-Pr4r1-cupgNOOq9NH_uTsQnPSVEKco,data/_source/isl_dictionary/H/Honda.mp4,4320,ISLRTC,src=H/Honda.mp4
honda_bike,honda bike,2,https://drive.google.com/drive/folders/1U-Pr4r1-cupgNOOq9NH_uTsQnPSVEKco,data/_source/isl_dictionary/H/Honda_Bike.mp4,5280,ISLRTC,src=H/Honda_Bike.mp4
honey,honey,1,https://drive.google.com/drive/folders/1U-Pr4r1-cupgNOOq9NH_uTsQnPSVEKco,data/_source/isl_dictionary/H/Honey.mp4,4333,ISLRTC,src=H/Honey.mp4
honorarium,honorarium,1,https://drive.google.com/drive/folders/1U-Pr4r1-cupgNOOq9NH_uTsQnPSVEKco,data/_source/isl_dictionary/H/Honorarium_(Sign_2).mp4,25360,ISLRTC,src=H/Honorarium_(Sign_2).mp4
hook_worm_disease,hook worm disease,3,https://drive.google.com/drive/folders/1U-Pr4r1-cupgNOOq9NH_uTsQnPSVEKco,data/_source/isl_dictionary/H/Hook_Worm_Disease.mp4,8320,ISLRTC,src=H/Hook_Worm_Disease.mp4
hoops,hoops,1,https://drive.google.com/drive/folders/1U-Pr4r1-cupgNOOq9NH_uTsQnPSVEKco,data/_source/isl_dictionary/H/Hoops_(Earrings).mp4,3667,ISLRTC,src=H/Hoops_(Earrings).mp4
hoot_screech,hoot screech,2,https://drive.google.com/drive/folders/1U-Pr4r1-cupgNOOq9NH_uTsQnPSVEKco,data/_source/isl_dictionary/H/Hoot_Screech_(Owl).mp4,12480,ISLRTC,src=H/Hoot_Screech_(Owl).mp4
hope,hope,1,https://drive.google.com/drive/folders/1U-Pr4r1-cupgNOOq9NH_uTsQnPSVEKco,data/_source/isl_dictionary/H/Hope.mp4,3600,ISLRTC,src=H/Hope.mp4
horizantal_equity,horizantal equity,2,https://drive.google.com/drive/folders/1U-Pr4r1-cupgNOOq9NH_uTsQnPSVEKco,data/_source/isl_dictionary/H/Horizantal_Equity.mp4,23042,ISLRTC,src=H/Horizantal_Equity.mp4
horizontal_line,horizontal line,2,https://drive.google.com/drive/folders/1U-Pr4r1-cupgNOOq9NH_uTsQnPSVEKco,data/_source/isl_dictionary/H/Horizontal_Line.mp4,6080,ISLRTC,src=H/Horizontal_Line.mp4
horizontal_scroll_bar,horizontal scroll bar,3,https://drive.google.com/drive/folders/1U-Pr4r1-cupgNOOq9NH_uTsQnPSVEKco,data/_source/isl_dictionary/H/Horizontal_Scroll_Bar.mp4,16360,ISLRTC,src=H/Horizontal_Scroll_Bar.mp4
horizontal_surface,horizontal surface,2,https://drive.google.com/drive/folders/1U-Pr4r1-cupgNOOq9NH_uTsQnPSVEKco,data/_source/isl_dictionary/H/Horizontal_Surface.mp4,8040,ISLRTC,src=H/Horizontal_Surface.mp4
horse,horse,1,https://drive.google.com/drive/folders/1U-Pr4r1-cupgNOOq9NH_uTsQnPSVEKco,data/_source/isl_dictionary/H/Horse.mp4,3760,ISLRTC,src=H/Horse.mp4
horse_racing,horse racing,2,https://drive.google.com/drive/folders/1U-Pr4r1-cupgNOOq9NH_uTsQnPSVEKco,data/_source/isl_dictionary/H/Horse_Racing_(Sport).mp4,5708,ISLRTC,src=H/Horse_Racing_(Sport).mp4
hospice,hospice,1,https://drive.google.com/drive/folders/1U-Pr4r1-cupgNOOq9NH_uTsQnPSVEKco,data/_source/isl_dictionary/MHSL - 259/Hospice.mp4,25962,ISLRTC,src=MHSL - 259/Hospice.mp4
hospital,hospital,1,https://drive.google.com/drive/folders/1U-Pr4r1-cupgNOOq9NH_uTsQnPSVEKco,data/_source/isl_dictionary/H/Hospital.mp4,4080,ISLRTC,src=H/Hospital.mp4
host,host,1,https://drive.google.com/drive/folders/1U-Pr4r1-cupgNOOq9NH_uTsQnPSVEKco,data/_source/isl_dictionary/H/Host.mp4,19960,ISLRTC,src=H/Host.mp4; 1 other variant(s)
host_video,host video,2,https://drive.google.com/drive/folders/1U-Pr4r1-cupgNOOq9NH_uTsQnPSVEKco,data/_source/isl_dictionary/H/Host_Video.mp4,22958,ISLRTC,src=H/Host_Video.mp4
hot,hot,1,https://drive.google.com/drive/folders/1U-Pr4r1-cupgNOOq9NH_uTsQnPSVEKco,data/_source/isl_dictionary/H/Hot.mp4,3560,ISLRTC,src=H/Hot.mp4
hot_air_balloon,hot air balloon,3,https://drive.google.com/drive/folders/1U-Pr4r1-cupgNOOq9NH_uTsQnPSVEKco,data/_source/isl_dictionary/H/Hot_Air_Balloon.mp4,4360,ISLRTC,src=H/Hot_Air_Balloon.mp4; 1 other variant(s)
hot_rolled_steel_sections,hot rolled steel sections,4,https://drive.google.com/drive/folders/1U-Pr4r1-cupgNOOq9NH_uTsQnPSVEKco,data/_source/isl_dictionary/H/Hot_Rolled_Steel_Sections.mp4,23042,ISLRTC,src=H/Hot_Rolled_Steel_Sections.mp4
hotel,hotel,1,https://drive.google.com/drive/folders/1U-Pr4r1-cupgNOOq9NH_uTsQnPSVEKco,data/_source/isl_dictionary/H/Hotel.mp4,4280,ISLRTC,src=H/Hotel.mp4
hour,hour,1,https://drive.google.com/drive/folders/1U-Pr4r1-cupgNOOq9NH_uTsQnPSVEKco,data/_source/isl_dictionary/H/Hour.mp4,2680,ISLRTC,src=H/Hour.mp4
house,house,1,https://drive.google.com/drive/folders/1U-Pr4r1-cupgNOOq9NH_uTsQnPSVEKco,data/_source/isl_dictionary/H/House_Home.mp4,4000,ISLRTC,alias of 'house home': dictionary files both words under one sign
house_breaking_at_night,house breaking at night,4,https://drive.google.com/drive/folders/1U-Pr4r1-cupgNOOq9NH_uTsQnPSVEKco,data/_source/isl_dictionary/H/House_Breaking_at_Night.mp4,17000,ISLRTC,src=H/House_Breaking_at_Night.mp4
house_home,house home,2,https://drive.google.com/drive/folders/1U-Pr4r1-cupgNOOq9NH_uTsQnPSVEKco,data/_source/isl_dictionary/H/House_Home.mp4,4000,ISLRTC,src=H/House_Home.mp4
house_lifting,house lifting,2,https://drive.google.com/drive/folders/1U-Pr4r1-cupgNOOq9NH_uTsQnPSVEKco,data/_source/isl_dictionary/H/House_Lifting.mp4,21125,ISLRTC,src=H/House_Lifting.mp4
household_robot,household robot,2,https://drive.google.com/drive/folders/1U-Pr4r1-cupgNOOq9NH_uTsQnPSVEKco,data/_source/isl_dictionary/H/Household_Robot.mp4,15833,ISLRTC,src=H/Household_Robot.mp4
household_waste,household waste,2,https://drive.google.com/drive/folders/1U-Pr4r1-cupgNOOq9NH_uTsQnPSVEKco,data/_source/isl_dictionary/H/Household_Waste.mp4,17750,ISLRTC,src=H/Household_Waste.mp4
housing,housing,1,https://drive.google.com/drive/folders/1U-Pr4r1-cupgNOOq9NH_uTsQnPSVEKco,data/_source/isl_dictionary/H/Housing.mp4,9125,ISLRTC,src=H/Housing.mp4
how_many,how many,2,https://drive.google.com/drive/folders/1U-Pr4r1-cupgNOOq9NH_uTsQnPSVEKco,data/_source/isl_dictionary/H/How_Many.mp4,3440,ISLRTC,src=H/How_Many.mp4
howl_bay,howl bay,2,https://drive.google.com/drive/folders/1U-Pr4r1-cupgNOOq9NH_uTsQnPSVEKco,data/_source/isl_dictionary/H/Howl_Bay_(Wolf).mp4,9920,ISLRTC,src=H/Howl_Bay_(Wolf).mp4
hrithik_roshan,hrithik roshan,2,https://drive.google.com/drive/folders/1U-Pr4r1-cupgNOOq9NH_uTsQnPSVEKco,data/_source/isl_dictionary/H/Hrithik_Roshan.mp4,3360,ISLRTC,src=H/Hrithik_Roshan.mp4
hsbc_bank,hsbc bank,2,https://drive.google.com/drive/folders/1U-Pr4r1-cupgNOOq9NH_uTsQnPSVEKco,data/_source/isl_dictionary/H/HSBC_Bank.mp4,4440,ISLRTC,src=H/HSBC_Bank.mp4
htc_mobile,htc mobile,2,https://drive.google.com/drive/folders/1U-Pr4r1-cupgNOOq9NH_uTsQnPSVEKco,data/_source/isl_dictionary/H/Htc_Mobile.mp4,5760,ISLRTC,src=H/Htc_Mobile.mp4
huawei_mobile,huawei mobile,2,https://drive.google.com/drive/folders/1U-Pr4r1-cupgNOOq9NH_uTsQnPSVEKco,data/_source/isl_dictionary/H/Huawei_Mobile.mp4,5000,ISLRTC,src=H/Huawei_Mobile.mp4
huge,huge,1,https://drive.google.com/drive/folders/1U-Pr4r1-cupgNOOq9NH_uTsQnPSVEKco,data/_source/isl_dictionary/H/Huge.mp4,3360,ISLRTC,src=H/Huge.mp4
human_nutrition,human nutrition,2,https://drive.google.com/drive/folders/1U-Pr4r1-cupgNOOq9NH_uTsQnPSVEKco,data/_source/isl_dictionary/H/Human_Nutrition.mp4,7840,ISLRTC,src=H/Human_Nutrition.mp4
humid,humid,1,https://drive.google.com/drive/folders/1U-Pr4r1-cupgNOOq9NH_uTsQnPSVEKco,data/_source/isl_dictionary/H/Humid.mp4,4040,ISLRTC,src=H/Humid.mp4
humped,humped,1,https://drive.google.com/drive/folders/1U-Pr4r1-cupgNOOq9NH_uTsQnPSVEKco,data/_source/isl_dictionary/H/Humped.mp4,14417,ISLRTC,src=H/Humped.mp4
hundred,hundred,1,https://drive.google.com/drive/folders/1U-Pr4r1-cupgNOOq9NH_uTsQnPSVEKco,data/_source/isl_dictionary/Numbers/100_Hundred.mp4,3960,ISLRTC,src=Numbers/100_Hundred.mp4
hungary,hungary,1,https://drive.google.com/drive/folders/1U-Pr4r1-cupgNOOq9NH_uTsQnPSVEKco,data/_source/isl_dictionary/H/Hungary.mp4,2800,ISLRTC,src=H/Hungary.mp4
hungry,hungry,1,https://drive.google.com/drive/folders/1U-Pr4r1-cupgNOOq9NH_uTsQnPSVEKco,data/_source/isl_dictionary/H/Hungry.mp4,4560,ISLRTC,src=H/Hungry.mp4
hurdle_race,hurdle race,2,https://drive.google.com/drive/folders/1U-Pr4r1-cupgNOOq9NH_uTsQnPSVEKco,data/_source/isl_dictionary/H/Hurdle_Race.mp4,3360,ISLRTC,src=H/Hurdle_Race.mp4
husband,husband,1,https://drive.google.com/drive/folders/1U-Pr4r1-cupgNOOq9NH_uTsQnPSVEKco,data/_source/isl_dictionary/H/Husband.mp4,2440,ISLRTC,src=H/Husband.mp4
hydathodes,hydathodes,1,https://drive.google.com/drive/folders/1U-Pr4r1-cupgNOOq9NH_uTsQnPSVEKco,data/_source/isl_dictionary/H/Hydathodes.mp4,10500,ISLRTC,src=H/Hydathodes.mp4
hyderabad,hyderabad,1,https://drive.google.com/drive/folders/1U-Pr4r1-cupgNOOq9NH_uTsQnPSVEKco,data/_source/isl_dictionary/H/Hyderabad.mp4,4320,ISLRTC,src=H/Hyderabad.mp4
hydration,hydration,1,https://drive.google.com/drive/folders/1U-Pr4r1-cupgNOOq9NH_uTsQnPSVEKco,data/_source/isl_dictionary/H/Hydration.mp4,15280,ISLRTC,src=H/Hydration.mp4
hydraulic_sprayer,hydraulic sprayer,2,https://drive.google.com/drive/folders/1U-Pr4r1-cupgNOOq9NH_uTsQnPSVEKco,data/_source/isl_dictionary/H/Hydraulic_Sprayer.mp4,9125,ISLRTC,src=H/Hydraulic_Sprayer.mp4
hydrochloric_acid,hydrochloric acid,2,https://drive.google.com/drive/folders/1U-Pr4r1-cupgNOOq9NH_uTsQnPSVEKco,data/_source/isl_dictionary/H/Hydrochloric_Acid_(HCL).mp4,23375,ISLRTC,src=H/Hydrochloric_Acid_(HCL).mp4
hydrogen,hydrogen,1,https://drive.google.com/drive/folders/1U-Pr4r1-cupgNOOq9NH_uTsQnPSVEKco,data/_source/isl_dictionary/H/Hydrogen_(Sign_2).mp4,2360,ISLRTC,src=H/Hydrogen_(Sign_2).mp4
hydropneumatic_sprayer,hydropneumatic sprayer,2,https://drive.google.com/drive/folders/1U-Pr4r1-cupgNOOq9NH_uTsQnPSVEKco,data/_source/isl_dictionary/H/Hydropneumatic_Sprayer.mp4,13667,ISLRTC,src=H/Hydropneumatic_Sprayer.mp4
hygiene,hygiene,1,https://drive.google.com/drive/folders/1U-Pr4r1-cupgNOOq9NH_uTsQnPSVEKco,data/_source/isl_dictionary/H/Hygiene_(Sign_2).mp4,4600,ISLRTC,src=H/Hygiene_(Sign_2).mp4; 1 other variant(s)
hygroscopic_water,hygroscopic water,2,https://drive.google.com/drive/folders/1U-Pr4r1-cupgNOOq9NH_uTsQnPSVEKco,data/_source/isl_dictionary/H/Hygro-Scopic_Water.mp4,28040,ISLRTC,src=H/Hygro-Scopic_Water.mp4
hyper_link,hyper link,2,https://drive.google.com/drive/folders/1U-Pr4r1-cupgNOOq9NH_uTsQnPSVEKco,data/_source/isl_dictionary/H/Hyper_Link.mp4,16500,ISLRTC,src=H/Hyper_Link.mp4
hypermetropia,hypermetropia,1,https://drive.google.com/drive/folders/1U-Pr4r1-cupgNOOq9NH_uTsQnPSVEKco,data/_source/isl_dictionary/H/Hypermetropia.mp4,11208,ISLRTC,src=H/Hypermetropia.mp4
hyperthyroidism,hyperthyroidism,1,https://drive.google.com/drive/folders/1U-Pr4r1-cupgNOOq9NH_uTsQnPSVEKco,data/_source/isl_dictionary/H/Hyperthyroidism.mp4,16800,ISLRTC,src=H/Hyperthyroidism.mp4
hyphen,hyphen,1,https://drive.google.com/drive/folders/1U-Pr4r1-cupgNOOq9NH_uTsQnPSVEKco,data/_source/isl_dictionary/H/Hyphen.mp4,4625,ISLRTC,src=H/Hyphen.mp4
hypogeal,hypogeal,1,https://drive.google.com/drive/folders/1U-Pr4r1-cupgNOOq9NH_uTsQnPSVEKco,data/_source/isl_dictionary/H/Hypogeal.mp4,15875,ISLRTC,src=H/Hypogeal.mp4
hypotension,hypotension,1,https://drive.google.com/drive/folders/1U-Pr4r1-cupgNOOq9NH_uTsQnPSVEKco,data/_source/isl_dictionary/H/Hypotension.mp4,5640,ISLRTC,src=H/Hypotension.mp4
hypotenuse,hypotenuse,1,https://drive.google.com/drive/folders/1U-Pr4r1-cupgNOOq9NH_uTsQnPSVEKco,data/_source/isl_dictionary/H/Hypotenuse.mp4,17792,ISLRTC,src=H/Hypotenuse.mp4
hypothalamus,hypothalamus,1,https://drive.google.com/drive/folders/1U-Pr4r1-cupgNOOq9NH_uTsQnPSVEKco,data/_source/isl_dictionary/H/Hypothalamus.mp4,16240,ISLRTC,src=H/Hypothalamus.mp4
hypoxia,hypoxia,1,https://drive.google.com/drive/folders/1U-Pr4r1-cupgNOOq9NH_uTsQnPSVEKco,data/_source/isl_dictionary/H/Hypoxia.mp4,9600,ISLRTC,src=H/Hypoxia.mp4
hysterectomy,hysterectomy,1,https://drive.google.com/drive/folders/1U-Pr4r1-cupgNOOq9NH_uTsQnPSVEKco,data/_source/isl_dictionary/H/Hysterectomy.mp4,7400,ISLRTC,src=H/Hysterectomy.mp4
i_don_t_know,i don't know,3,https://drive.google.com/drive/folders/1U-Pr4r1-cupgNOOq9NH_uTsQnPSVEKco,data/_source/isl_dictionary/I/I_Don_t_Know.mp4,3760,ISLRTC,src=I/I_Don_t_Know.mp4
i_don_t_understand,i don't understand,3,https://drive.google.com/drive/folders/1U-Pr4r1-cupgNOOq9NH_uTsQnPSVEKco,data/_source/isl_dictionary/I/I_Don't_Understand.mp4,4520,ISLRTC,src=I/I_Don't_Understand.mp4; 1 other variant(s)
i_know,i know,2,https://drive.google.com/drive/folders/1U-Pr4r1-cupgNOOq9NH_uTsQnPSVEKco,data/_source/isl_dictionary/I/I_Know.mp4,4520,ISLRTC,src=I/I_Know.mp4
i_understand,i understand,2,https://drive.google.com/drive/folders/1U-Pr4r1-cupgNOOq9NH_uTsQnPSVEKco,data/_source/isl_dictionary/I/I_Understand.mp4,4120,ISLRTC,src=I/I_Understand.mp4
iball_mobile,iball mobile,2,https://drive.google.com/drive/folders/1U-Pr4r1-cupgNOOq9NH_uTsQnPSVEKco,data/_source/isl_dictionary/I/Iball_Mobile.mp4,5280,ISLRTC,src=I/Iball_Mobile.mp4
ice_cone_snow_cone_gola_chuski,ice cone snow cone gola chuski,6,https://drive.google.com/drive/folders/1U-Pr4r1-cupgNOOq9NH_uTsQnPSVEKco,data/_source/isl_dictionary/I/Ice_Cone_Snow_Cone_Gola_Chuski.mp4,10000,ISLRTC,src=I/Ice_Cone_Snow_Cone_Gola_Chuski.mp4
ice_cream,ice cream,2,https://drive.google.com/drive/folders/1U-Pr4r1-cupgNOOq9NH_uTsQnPSVEKco,data/_source/isl_dictionary/I/Ice_Cream.mp4,3560,ISLRTC,src=I/Ice_Cream.mp4; 2 other variant(s)
iceland,iceland,1,https://drive.google.com/drive/folders/1U-Pr4r1-cupgNOOq9NH_uTsQnPSVEKco,data/_source/isl_dictionary/I/Iceland.mp4,3880,ISLRTC,src=I/Iceland.mp4
icici_bank,icici bank,2,https://drive.google.com/drive/folders/1U-Pr4r1-cupgNOOq9NH_uTsQnPSVEKco,data/_source/isl_dictionary/I/ICICI_Bank.mp4,5000,ISLRTC,src=I/ICICI_Bank.mp4
idbi_bank,idbi bank,2,https://drive.google.com/drive/folders/1U-Pr4r1-cupgNOOq9NH_uTsQnPSVEKco,data/_source/isl_dictionary/I/IDBI_Bank.mp4,5750,ISLRTC,src=I/IDBI_Bank.mp4
idea,idea,1,https://drive.google.com/drive/folders/1U-Pr4r1-cupgNOOq9NH_uTsQnPSVEKco,data/_source/isl_dictionary/I/Idea.mp4,4160,ISLRTC,src=I/Idea.mp4
idea_create,idea create,2,https://drive.google.com/drive/folders/1U-Pr4r1-cupgNOOq9NH_uTsQnPSVEKco,data/_source/isl_dictionary/I/Idea__Create.mp4,2880,ISLRTC,src=I/Idea__Create.mp4
identity,identity,1,https://drive.google.com/drive/folders/1U-Pr4r1-cupgNOOq9NH_uTsQnPSVEKco,data/_source/isl_dictionary/I/Identity.mp4,3320,ISLRTC,src=I/Identity.mp4
identity_card,identity card,2,https://drive.google.com/drive/folders/1U-Pr4r1-cupgNOOq9NH_uTsQnPSVEKco,data/_source/isl_dictionary/I/Identity_Card_(Sign_3).mp4,4160,ISLRTC,src=I/Identity_Card_(Sign_3).mp4
idfc_bank,idfc bank,2,https://drive.google.com/drive/folders/1U-Pr4r1-cupgNOOq9NH_uTsQnPSVEKco,data/_source/isl_dictionary/I/IDFC_Bank.mp4,4875,ISLRTC,src=I/IDFC_Bank.mp4
iduzzuha,iduzzuha,1,https://drive.google.com/drive/folders/1U-Pr4r1-cupgNOOq9NH_uTsQnPSVEKco,data/_source/isl_dictionary/I/Id-Uz-Zuha_(Bakrid).mp4,4040,ISLRTC,src=I/Id-Uz-Zuha_(Bakrid).mp4
ifsc,ifsc,1,https://drive.google.com/drive/folders/1U-Pr4r1-cupgNOOq9NH_uTsQnPSVEKco,data/_source/isl_dictionary/I/IFSC.mp4,4750,ISLRTC,src=I/IFSC.mp4
igneous_rocks,igneous rocks,2,https://drive.google.com/drive/folders/1U-Pr4r1-cupgNOOq9NH_uTsQnPSVEKco,data/_source/isl_dictionary/I/Igneous_Rocks.mp4,21680,ISLRTC,src=I/Igneous_Rocks.mp4
ignore,ignore,1,https://drive.google.com/drive/folders/1U-Pr4r1-cupgNOOq9NH_uTsQnPSVEKco,data/_source/isl_dictionary/I/Ignore.mp4,3120,ISLRTC,src=I/Ignore.mp4; 1 other variant(s)
imagine_envisage,imagine envisage,2,https://drive.google.com/drive/folders/1U-Pr4r1-cupgNOOq9NH_uTsQnPSVEKco,data/_source/isl_dictionary/I/Imagine_Envisage.mp4,4680,ISLRTC,src=I/Imagine_Envisage.mp4
immanence_part2,immanence part2,2,https://drive.google.com/drive/folders/1U-Pr4r1-cupgNOOq9NH_uTsQnPSVEKco,data/_source/isl_dictionary/New 2500 ISL Dictionary Videos/BCS/Immanence_Part-2 - English.mp4,22940,ISLRTC,src=New 2500 ISL Dictionary Videos/BCS/Immanence_Part-2 - English.mp4
immovable_property_movable_property,immovable property movable property,4,https://drive.google.com/drive/folders/1U-Pr4r1-cupgNOOq9NH_uTsQnPSVEKco,data/_source/isl_dictionary/I/Immovable_Property_Movable_Property.mp4,27840,ISLRTC,src=I/Immovable_Property_Movable_Property.mp4
immunology,immunology,1,https://drive.google.com/drive/folders/1U-Pr4r1-cupgNOOq9NH_uTsQnPSVEKco,data/_source/isl_dictionary/I/Immunology.mp4,5840,ISLRTC,src=I/Immunology.mp4
impact,impact,1,https://drive.google.com/drive/folders/1U-Pr4r1-cupgNOOq9NH_uTsQnPSVEKco,data/_source/isl_dictionary/I/Impact_(Sign_3).mp4,4160,ISLRTC,src=I/Impact_(Sign_3).mp4
implant,implant,1,https://drive.google.com/drive/folders/1U-Pr4r1-cupgNOOq9NH_uTsQnPSVEKco,data/_source/isl_dictionary/I/Implant.mp4,7480,ISLRTC,src=I/Implant.mp4
implementation,implementation,1,https://drive.google.com/drive/folders/1U-Pr4r1-cupgNOOq9NH_uTsQnPSVEKco,data/_source/isl_dictionary/I/Implementation.mp4,22292,ISLRTC,src=I/Implementation.mp4
import_duty,import duty,2,https://drive.google.com/drive/folders/1U-Pr4r1-cupgNOOq9NH_uTsQnPSVEKco,data/_source/isl_dictionary/I/Import_Duty.mp4,24792,ISLRTC,src=I/Import_Duty.mp4
import_licence,import licence,2,https://drive.google.com/drive/folders/1U-Pr4r1-cupgNOOq9NH_uTsQnPSVEKco,data/_source/isl_dictionary/I/Import_Licence.mp4,22792,ISLRTC,src=I/Import_Licence.mp4
importance_of_fish_on_food,importance of fish on food,5,https://drive.google.com/drive/folders/1U-Pr4r1-cupgNOOq9NH_uTsQnPSVEKco,data/_source/isl_dictionary/I/Importance_of_Fish_on_Food.mp4,19208,ISLRTC,src=I/Importance_of_Fish_on_Food.mp4
importance_of_vegetables,importance of vegetables,3,https://drive.google.com/drive/folders/1U-Pr4r1-cupgNOOq9NH_uTsQnPSVEKco,data/_source/isl_dictionary/I/Importance_of_Vegetables.mp4,15600,ISLRTC,src=I/Importance_of_Vegetables.mp4
impossible,impossible,1,https://drive.google.com/drive/folders/1U-Pr4r1-cupgNOOq9NH_uTsQnPSVEKco,data/_source/isl_dictionary/I/Impossible.mp4,3800,ISLRTC,src=I/Impossible.mp4
improve,improve,1,https://drive.google.com/drive/folders/1U-Pr4r1-cupgNOOq9NH_uTsQnPSVEKco,data/_source/isl_dictionary/I/Improve.mp4,4640,ISLRTC,src=I/Improve.mp4
in,in,1,https://drive.google.com/drive/folders/1U-Pr4r1-cupgNOOq9NH_uTsQnPSVEKco,data/_source/isl_dictionary/I/In.mp4,3680,ISLRTC,src=I/In.mp4
in_advance_beforehand,in advance beforehand,3,https://drive.google.com/drive/folders/1U-Pr4r1-cupgNOOq9NH_uTsQnPSVEKco,data/_source/isl_dictionary/I/In_Advance_Beforehand.mp4,18667,ISLRTC,src=I/In_Advance_Beforehand.mp4
in_camera_proceedings,in camera proceedings,3,https://drive.google.com/drive/folders/1U-Pr4r1-cupgNOOq9NH_uTsQnPSVEKco,data/_source/isl_dictionary/I/In_Camera_Proceedings.mp4,19680,ISLRTC,src=I/In_Camera_Proceedings.mp4
in_touch,in touch,2,https://drive.google.com/drive/folders/1U-Pr4r1-cupgNOOq9NH_uTsQnPSVEKco,data/_source/isl_dictionary/I/In_Touch_(To_Be_in_Touch_to_Get_in_Touch).mp4,12560,ISLRTC,src=I/In_Touch_(To_Be_in_Touch_to_Get_in_Touch).mp4
in_under,in under,2,https://drive.google.com/drive/folders/1U-Pr4r1-cupgNOOq9NH_uTsQnPSVEKco,data/_source/isl_dictionary/I/In_Under.mp4,3720,ISLRTC,src=I/In_Under.mp4
inauguration,inauguration,1,https://drive.google.com/drive/folders/1U-Pr4r1-cupgNOOq9NH_uTsQnPSVEKco,data/_source/isl_dictionary/I/Inauguration.mp4,3960,ISLRTC,src=I/Inauguration.mp4
inbuilt_machine_control_unit,inbuilt machine control unit,4,https://drive.google.com/drive/folders/1U-Pr4r1-cupgNOOq9NH_uTsQnPSVEKco,data/_source/isl_dictionary/I/Inbuilt_Machine_Control_Unit.mp4,23042,ISLRTC,src=I/Inbuilt_Machine_Control_Unit.mp4
incentive,incentive,1,https://drive.google.com/drive/folders/1U-Pr4r1-cupgNOOq9NH_uTsQnPSVEKco,data/_source/isl_dictionary/I/Incentive.mp4,15625,ISLRTC,src=I/Incentive.mp4
inch,inch,1,https://drive.google.com/drive/folders/1U-Pr4r1-cupgNOOq9NH_uTsQnPSVEKco,data/_source/isl_dictionary/I/Inch.mp4,4600,ISLRTC,src=I/Inch.mp4
incite_ignite_inflame_instigate_stir_up_provoke,incite ignite inflame instigate stir up provoke,7,https://drive.google.com/drive/folders/1U-Pr4r1-cupgNOOq9NH_uTsQnPSVEKco,data/_source/isl_dictionary/I/Incite_Ignite_Inflame_Instigate_Stir_Up_Provoke.mp4,4160,ISLRTC,src=I/Incite_Ignite_Inflame_Instigate_Stir_Up_Provoke.mp4; 1 other variant(s)
inclination,inclination,1,https://drive.google.com/drive/folders/1U-Pr4r1-cupgNOOq9NH_uTsQnPSVEKco,data/_source/isl_dictionary/I/Inclination.mp4,3583,ISLRTC,src=I/Inclination.mp4
include,include,1,https://drive.google.com/drive/folders/1U-Pr4r1-cupgNOOq9NH_uTsQnPSVEKco,data/_source/isl_dictionary/I/Include.mp4,4600,ISLRTC,src=I/Include.mp4
inclusion,inclusion,1,https://drive.google.com/drive/folders/1U-Pr4r1-cupgNOOq9NH_uTsQnPSVEKco,data/_source/isl_dictionary/I/Inclusion.mp4,3624,ISLRTC,src=I/Inclusion.mp4
income,income,1,https://drive.google.com/drive/folders/1U-Pr4r1-cupgNOOq9NH_uTsQnPSVEKco,data/_source/isl_dictionary/I/Income.mp4,4600,ISLRTC,src=I/Income.mp4
incorrect,incorrect,1,https://drive.google.com/drive/folders/1U-Pr4r1-cupgNOOq9NH_uTsQnPSVEKco,data/_source/isl_dictionary/W/Wrong_Incorrect.mp4,3560,ISLRTC,alias of 'wrong incorrect': dictionary files both words under one sign
increase,increase,1,https://drive.google.com/drive/folders/1U-Pr4r1-cupgNOOq9NH_uTsQnPSVEKco,data/_source/isl_dictionary/I/Increase_(Sign_3).mp4,4160,ISLRTC,src=I/Increase_(Sign_3).mp4
increase_augment,increase augment,2,https://drive.google.com/drive/folders/1U-Pr4r1-cupgNOOq9NH_uTsQnPSVEKco,data/_source/isl_dictionary/I/Increase_Augment.mp4,4480,ISLRTC,src=I/Increase_Augment.mp4
indent,indent,1,https://drive.google.com/drive/folders/1U-Pr4r1-cupgNOOq9NH_uTsQnPSVEKco,data/_source/isl_dictionary/I/Indent.mp4,12125,ISLRTC,src=I/Indent.mp4
independent,independent,1,https://drive.google.com/drive/folders/1U-Pr4r1-cupgNOOq9NH_uTsQnPSVEKco,data/_source/isl_dictionary/I/Independent.mp4,3480,ISLRTC,src=I/Independent.mp4; 1 other variant(s)
index,index,1,https://drive.google.com/drive/folders/1U-Pr4r1-cupgNOOq9NH_uTsQnPSVEKco,data/_source/isl_dictionary/I/Index.mp4,19180,ISLRTC,src=I/Index.mp4
indexing,indexing,1,https://drive.google.com/drive/folders/1U-Pr4r1-cupgNOOq9NH_uTsQnPSVEKco,data/_source/isl_dictionary/I/Indexing.mp4,16417,ISLRTC,src=I/Indexing.mp4
india,india,1,https://drive.google.com/drive/folders/1U-Pr4r1-cupgNOOq9NH_uTsQnPSVEKco,data/_source/isl_dictionary/I/India.mp4,3040,ISLRTC,src=I/India.mp4; 4 other variant(s)
india_gate,india gate,2,https://drive.google.com/drive/folders/1U-Pr4r1-cupgNOOq9NH_uTsQnPSVEKco,data/_source/isl_dictionary/I/India_Gate.mp4,5160,ISLRTC,src=I/India_Gate.mp4
indian_council_of_agricultural_research,indian council of agricultural research,5,https://drive.google.com/drive/folders/1U-Pr4r1-cupgNOOq9NH_uTsQnPSVEKco,data/_source/isl_dictionary/I/Indian_Council_of_Agricultural_Research_(ICAR).mp4,6958,ISLRTC,src=I/Indian_Council_of_Agricultural_Research_(ICAR).mp4
indian_council_of_historical_research,indian council of historical research,5,https://drive.google.com/drive/folders/1U-Pr4r1-cupgNOOq9NH_uTsQnPSVEKco,data/_source/isl_dictionary/I/Indian_Council_of_Historical_Research_(ICHR).mp4,6667,ISLRTC,src=I/Indian_Council_of_Historical_Research_(ICHR).mp4
indian_council_of_medical_research,indian council of medical research,5,https://drive.google.com/drive/folders/1U-Pr4r1-cupgNOOq9NH_uTsQnPSVEKco,data/_source/isl_dictionary/I/Indian_Council_of_Medical_Research_(ICMR).mp4,23667,ISLRTC,src=I/Indian_Council_of_Medical_Research_(ICMR).mp4
indian_institute_of_management,indian institute of management,4,https://drive.google.com/drive/folders/1U-Pr4r1-cupgNOOq9NH_uTsQnPSVEKco,data/_source/isl_dictionary/I/Indian_Institute_of_Management_(IIM).mp4,10500,ISLRTC,src=I/Indian_Institute_of_Management_(IIM).mp4
indian_institute_of_technology,indian institute of technology,4,https://drive.google.com/drive/folders/1U-Pr4r1-cupgNOOq9NH_uTsQnPSVEKco,data/_source/isl_dictionary/I/Indian_Institute_of_Technology_(IIT).mp4,10167,ISLRTC,src=I/Indian_Institute_of_Technology_(IIT).mp4
indian_institute_of_translation_and_interpretation,indian institute of translation and interpretation,6,https://drive.google.com/drive/folders/1U-Pr4r1-cupgNOOq9NH_uTsQnPSVEKco,data/_source/isl_dictionary/I/Indian_Institute_of_Translation_and_Interpretation_(IITI).mp4,9375,ISLRTC,src=I/Indian_Institute_of_Translation_and_Interpretation_(IITI).mp4
indian_national_congress_congress,indian national congress congress,4,https://drive.google.com/drive/folders/1U-Pr4r1-cupgNOOq9NH_uTsQnPSVEKco,data/_source/isl_dictionary/I/Indian_National_Congress_Congress_(INC).mp4,2667,ISLRTC,src=I/Indian_National_Congress_Congress_(INC).mp4
indian_premier_league,indian premier league,3,https://drive.google.com/drive/folders/1U-Pr4r1-cupgNOOq9NH_uTsQnPSVEKco,data/_source/isl_dictionary/I/Indian_Premier_League_(IPL).mp4,3320,ISLRTC,src=I/Indian_Premier_League_(IPL).mp4
indian_sign_language_interpreters_association,indian sign language interpreters association,5,https://drive.google.com/drive/folders/1U-Pr4r1-cupgNOOq9NH_uTsQnPSVEKco,data/_source/isl_dictionary/I/Indian_Sign_Language_Interpreters_Association_(ISLIA).mp4,2760,ISLRTC,src=I/Indian_Sign_Language_Interpreters_Association_(ISLIA).mp4
indian_sign_language_teachers_association,indian sign language teachers association,5,https://drive.google.com/drive/folders/1U-Pr4r1-cupgNOOq9NH_uTsQnPSVEKco,data/_source/isl_dictionary/I/Indian_Sign_Language_Teachers__Association_(ISLTA).mp4,2520,ISLRTC,src=I/Indian_Sign_Language_Teachers__Association_(ISLTA).mp4
indicator,indicator,1,https://drive.google.com/drive/folders/1U-Pr4r1-cupgNOOq9NH_uTsQnPSVEKco,data/_source/isl_dictionary/I/Indicator.mp4,4800,ISLRTC,src=I/Indicator.mp4; 1 other variant(s)
indicator_crops,indicator crops,2,https://drive.google.com/drive/folders/1U-Pr4r1-cupgNOOq9NH_uTsQnPSVEKco,data/_source/isl_dictionary/I/Indicator_Crops.mp4,29040,ISLRTC,src=I/Indicator_Crops.mp4
indigenous_breeds_of_poultry,indigenous breeds of poultry,4,https://drive.google.com/drive/folders/1U-Pr4r1-cupgNOOq9NH_uTsQnPSVEKco,data/_source/isl_dictionary/I/Indigenous_Breeds_of_Poultry.mp4,17500,ISLRTC,src=I/Indigenous_Breeds_of_Poultry.mp4
indigenous_goat,indigenous goat,2,https://drive.google.com/drive/folders/1U-Pr4r1-cupgNOOq9NH_uTsQnPSVEKco,data/_source/isl_dictionary/I/Indigenous_Goat.mp4,20625,ISLRTC,src=I/Indigenous_Goat.mp4
indigenous_or_domestic_swine,indigenous or domestic swine,4,https://drive.google.com/drive/folders/1U-Pr4r1-cupgNOOq9NH_uTsQnPSVEKco,data/_source/isl_dictionary/I/Indigenous_or_Domestic_Swine.mp4,20625,ISLRTC,src=I/Indigenous_or_Domestic_Swine.mp4
indigenous_sheep,indigenous sheep,2,https://drive.google.com/drive/folders/1U-Pr4r1-cupgNOOq9NH_uTsQnPSVEKco,data/_source/isl_dictionary/I/Indigenous_Sheep.mp4,24958,ISLRTC,src=I/Indigenous_Sheep.mp4
indigestion,indigestion,1,https://drive.google.com/drive/folders/1U-Pr4r1-cupgNOOq9NH_uTsQnPSVEKco,data/_source/isl_dictionary/I/Indigestion.mp4,26833,ISLRTC,src=I/Indigestion.mp4
indigo,indigo,1,https://drive.google.com/drive/folders/1U-Pr4r1-cupgNOOq9NH_uTsQnPSVEKco,data/_source/isl_dictionary/I/Indigo.mp4,5280,ISLRTC,src=I/Indigo.mp4
indira_gandhi,indira gandhi,2,https://drive.google.com/drive/folders/1U-Pr4r1-cupgNOOq9NH_uTsQnPSVEKco,data/_source/isl_dictionary/I/Indira_Gandhi.mp4,3760,ISLRTC,src=I/Indira_Gandhi.mp4
indirect_assessment_methods,indirect assessment methods,3,https://drive.google.com/drive/folders/1U-Pr4r1-cupgNOOq9NH_uTsQnPSVEKco,data/_source/isl_dictionary/I/Indirect_Assessment_Methods.mp4,26500,ISLRTC,src=I/Indirect_Assessment_Methods.mp4
individual,individual,1,https://drive.google.com/drive/folders/1U-Pr4r1-cupgNOOq9NH_uTsQnPSVEKco,data/_source/isl_dictionary/I/Individual.mp4,4120,ISLRTC,src=I/Individual.mp4
indonesia,indonesia,1,https://drive.google.com/drive/folders/1U-Pr4r1-cupgNOOq9NH_uTsQnPSVEKco,data/_source/isl_dictionary/I/Indonesia.mp4,3760,ISLRTC,src=I/Indonesia.mp4
indoor_gardening,indoor gardening,2,https://drive.google.com/drive/folders/1U-Pr4r1-cupgNOOq9NH_uTsQnPSVEKco,data/_source/isl_dictionary/I/Indoor_Gardening.mp4,10600,ISLRTC,src=I/Indoor_Gardening.mp4
industrial_automation,industrial automation,2,https://drive.google.com/drive/folders/1U-Pr4r1-cupgNOOq9NH_uTsQnPSVEKco,data/_source/isl_dictionary/I/Industrial_Automation.mp4,25208,ISLRTC,src=I/Industrial_Automation.mp4
industrial_building,industrial building,2,https://drive.google.com/drive/folders/1U-Pr4r1-cupgNOOq9NH_uTsQnPSVEKco,data/_source/isl_dictionary/I/Industrial_Building.mp4,7640,ISLRTC,src=I/Industrial_Building.mp4
industrial_training_institute,industrial training institute,3,https://drive.google.com/drive/folders/1U-Pr4r1-cupgNOOq9NH_uTsQnPSVEKco,data/_source/isl_dictionary/I/Industrial_Training_Institute_(ITI).mp4,12167,ISLRTC,src=I/Industrial_Training_Institute_(ITI).mp4
infant,infant,1,https://drive.google.com/drive/folders/1U-Pr4r1-cupgNOOq9NH_uTsQnPSVEKco,data/_source/isl_dictionary/I/Infant.mp4,12160,ISLRTC,src=I/Infant.mp4
infant_mortality_rate,infant mortality rate,3,https://drive.google.com/drive/folders/1U-Pr4r1-cupgNOOq9NH_uTsQnPSVEKco,data/_source/isl_dictionary/I/Infant_Mortality_Rate.mp4,25920,ISLRTC,src=I/Infant_Mortality_Rate.mp4
infant_weighing_scale,infant weighing scale,3,https://drive.google.com/drive/folders/1U-Pr4r1-cupgNOOq9NH_uTsQnPSVEKco,data/_source/isl_dictionary/I/Infant_Weighing_Scale.mp4,8040,ISLRTC,src=I/Infant_Weighing_Scale.mp4
infanticide,infanticide,1,https://drive.google.com/drive/folders/1U-Pr4r1-cupgNOOq9NH_uTsQnPSVEKco,data/_source/isl_dictionary/I/Infanticide.mp4,12000,ISLRTC,src=I/Infanticide.mp4
infection,infection,1,https://drive.google.com/drive/folders/1U-Pr4r1-cupgNOOq9NH_uTsQnPSVEKco,data/_source/isl_dictionary/I/Infection.mp4,14840,ISLRTC,src=I/Infection.mp4
infectious_disease,infectious disease,2,https://drive.google.com/drive/folders/1U-Pr4r1-cupgNOOq9NH_uTsQnPSVEKco,data/_source/isl_dictionary/I/Infectious_Disease.mp4,19680,ISLRTC,src=I/Infectious_Disease.mp4
inference,inference,1,https://drive.google.com/drive/folders/1U-Pr4r1-cupgNOOq9NH_uTsQnPSVEKco,data/_source/isl_dictionary/New 2500 ISL Dictionary Videos/BCS/Inference - English.mp4,21580,ISLRTC,src=New 2500 ISL Dictionary Videos/BCS/Inference - English.mp4
infertility,infertility,1,https://drive.google.com/drive/folders/1U-Pr4r1-cupgNOOq9NH_uTsQnPSVEKco,data/_source/isl_dictionary/I/Infertility.mp4,19240,ISLRTC,src=I/Infertility.mp4
infiltration,infiltration,1,https://drive.google.com/drive/folders/1U-Pr4r1-cupgNOOq9NH_uTsQnPSVEKco,data/_source/isl_dictionary/I/Infiltration.mp4,22080,ISLRTC,src=I/Infiltration.mp4
inflammatory_bowel_disease,inflammatory bowel disease,3,https://drive.google.com/drive/folders/1U-Pr4r1-cupgNOOq9NH_uTsQnPSVEKco,data/_source/isl_dictionary/I/Inflammatory_Bowel_Disease.mp4,11120,ISLRTC,src=I/Inflammatory_Bowel_Disease.mp4
influenza_flu,influenza flu,2,https://drive.google.com/drive/folders/1U-Pr4r1-cupgNOOq9NH_uTsQnPSVEKco,data/_source/isl_dictionary/I/Influenza_Flu.mp4,9760,ISLRTC,src=I/Influenza_Flu.mp4
inform_apprise_notify,inform apprise notify,3,https://drive.google.com/drive/folders/1U-Pr4r1-cupgNOOq9NH_uTsQnPSVEKco,data/_source/isl_dictionary/I/Inform_Apprise_Notify_(Sign_2).mp4,4080,ISLRTC,src=I/Inform_Apprise_Notify_(Sign_2).mp4; 1 other variant(s)
information_and_communication_technology,information and communication technology,4,https://drive.google.com/drive/folders/1U-Pr4r1-cupgNOOq9NH_uTsQnPSVEKco,data/_source/isl_dictionary/I/Information_and_Communication_Technology_(ICT).mp4,29125,ISLRTC,src=I/Information_and_Communication_Technology_(ICT).mp4
infra_red_lamp,infra red lamp,3,https://drive.google.com/drive/folders/1U-Pr4r1-cupgNOOq9NH_uTsQnPSVEKco,data/_source/isl_dictionary/I/Infra_Red_Lamp.mp4,11680,ISLRTC,src=I/Infra_Red_Lamp.mp4
infra_red_radiation_craddle,infra red radiation craddle,4,https://drive.google.com/drive/folders/1U-Pr4r1-cupgNOOq9NH_uTsQnPSVEKco,data/_source/isl_dictionary/I/Infra_Red_Radiation_(IRR)_Craddle.mp4,8280,ISLRTC,src=I/Infra_Red_Radiation_(IRR)_Craddle.mp4
infrastructure,infrastructure,1,https://drive.google.com/drive/folders/1U-Pr4r1-cupgNOOq9NH_uTsQnPSVEKco,data/_source/isl_dictionary/New 2500 ISL Dictionary Videos/Yunikee 2/English/Infrastructure.mp4,15720,ISLRTC,src=New 2500 ISL Dictionary Videos/Yunikee 2/English/Infrastructure.mp4
infusion_stand,infusion stand,2,https://drive.google.com/drive/folders/1U-Pr4r1-cupgNOOq9NH_uTsQnPSVEKco,data/_source/isl_dictionary/I/Infusion_Stand.mp4,8440,ISLRTC,src=I/Infusion_Stand.mp4
ingadulicis,ingadulicis,1,https://drive.google.com/drive/folders/1U-Pr4r1-cupgNOOq9NH_uTsQnPSVEKco,data/_source/isl_dictionary/I/Ingadulicis.mp4,12333,ISLRTC,src=I/Ingadulicis.mp4
inhaler,inhaler,1,https://drive.google.com/drive/folders/1U-Pr4r1-cupgNOOq9NH_uTsQnPSVEKco,data/_source/isl_dictionary/I/Inhaler.mp4,9600,ISLRTC,src=I/Inhaler.mp4
initial_margin,initial margin,2,https://drive.google.com/drive/folders/1U-Pr4r1-cupgNOOq9NH_uTsQnPSVEKco,data/_source/isl_dictionary/I/Initial_Margin.mp4,26029,ISLRTC,src=I/Initial_Margin.mp4
injection,injection,1,https://drive.google.com/drive/folders/1U-Pr4r1-cupgNOOq9NH_uTsQnPSVEKco,data/_source/isl_dictionary/I/Injection.mp4,3120,ISLRTC,src=I/Injection.mp4
injury,injury,1,https://drive.google.com/drive/folders/1U-Pr4r1-cupgNOOq9NH_uTsQnPSVEKco,data/_source/isl_dictionary/I/Injury.mp4,2840,ISLRTC,src=I/Injury.mp4
inline_graphics,inline graphics,2,https://drive.google.com/drive/folders/1U-Pr4r1-cupgNOOq9NH_uTsQnPSVEKco,data/_source/isl_dictionary/I/Inline_Graphics.mp4,20417,ISLRTC,src=I/Inline_Graphics.mp4
inner_shell_membrane,inner shell membrane,3,https://drive.google.com/drive/folders/1U-Pr4r1-cupgNOOq9NH_uTsQnPSVEKco,data/_source/isl_dictionary/I/Inner_Shell_Membrane.mp4,13458,ISLRTC,src=I/Inner_Shell_Membrane.mp4
innings,innings,1,https://drive.google.com/drive/folders/1U-Pr4r1-cupgNOOq9NH_uTsQnPSVEKco,data/_source/isl_dictionary/I/Innings.mp4,4920,ISLRTC,src=I/Innings.mp4
inquiry_counter_enquiry_counter,inquiry counter enquiry counter,4,https://drive.google.com/drive/folders/1U-Pr4r1-cupgNOOq9NH_uTsQnPSVEKco,data/_source/isl_dictionary/I/Inquiry_Counter_Enquiry_Counter.mp4,14480,ISLRTC,src=I/Inquiry_Counter_Enquiry_Counter.mp4
insectivorous_plants,insectivorous plants,2,https://drive.google.com/drive/folders/1U-Pr4r1-cupgNOOq9NH_uTsQnPSVEKco,data/_source/isl_dictionary/I/Insectivorous_Plants.mp4,17750,ISLRTC,src=I/Insectivorous_Plants.mp4
instagram,instagram,1,https://drive.google.com/drive/folders/1U-Pr4r1-cupgNOOq9NH_uTsQnPSVEKco,data/_source/isl_dictionary/I/Instagram.mp4,2440,ISLRTC,src=I/Instagram.mp4; 1 other variant(s)
institutional_development_plan,institutional development plan,3,https://drive.google.com/drive/folders/1U-Pr4r1-cupgNOOq9NH_uTsQnPSVEKco,data/_source/isl_dictionary/I/Institutional_Development_Plan_(IDP).mp4,7292,ISLRTC,src=I/Institutional_Development_Plan_(IDP).mp4
instrinisic_tourists,instrinisic tourists,2,https://drive.google.com/drive/folders/1U-Pr4r1-cupgNOOq9NH_uTsQnPSVEKco,data/_source/isl_dictionary/I/Instrinisic_Tourists.mp4,11542,ISLRTC,src=I/Instrinisic_Tourists.mp4
insulator,insulator,1,https://drive.google.com/drive/folders/1U-Pr4r1-cupgNOOq9NH_uTsQnPSVEKco,data/_source/isl_dictionary/I/Insulator_(Sign_2).mp4,26125,ISLRTC,src=I/Insulator_(Sign_2).mp4
insulin_pen,insulin pen,2,https://drive.google.com/drive/folders/1U-Pr4r1-cupgNOOq9NH_uTsQnPSVEKco,data/_source/isl_dictionary/I/Insulin_Pen.mp4,10640,ISLRTC,src=I/Insulin_Pen.mp4
insurance,insurance,1,https://drive.google.com/drive/folders/1U-Pr4r1-cupgNOOq9NH_uTsQnPSVEKco,data/_source/isl_dictionary/I/Insurance_(Sign_2).mp4,29610,ISLRTC,src=I/Insurance_(Sign_2).mp4
integrated_circuit,integrated circuit,2,https://drive.google.com/drive/folders/1U-Pr4r1-cupgNOOq9NH_uTsQnPSVEKco,data/_source/isl_dictionary/I/Integrated_Circuit.mp4,28800,ISLRTC,src=I/Integrated_Circuit.mp4
intelligence_knowledge,intelligence knowledge,2,https://drive.google.com/drive/folders/1U-Pr4r1-cupgNOOq9NH_uTsQnPSVEKco,data/_source/isl_dictionary/I/Intelligence__Knowledge.mp4,3760,ISLRTC,src=I/Intelligence__Knowledge.mp4
intelligent_knowledgeable,intelligent knowledgeable,2,https://drive.google.com/drive/folders/1U-Pr4r1-cupgNOOq9NH_uTsQnPSVEKco,data/_source/isl_dictionary/I/Intelligent_Knowledgeable.mp4,3920,ISLRTC,src=I/Intelligent_Knowledgeable.mp4
interconnection,interconnection,1,https://drive.google.com/drive/folders/1U-Pr4r1-cupgNOOq9NH_uTsQnPSVEKco,data/_source/isl_dictionary/I/Interconnection.mp4,7667,ISLRTC,src=I/Interconnection.mp4
interest,interest,1,https://drive.google.com/drive/folders/1U-Pr4r1-cupgNOOq9NH_uTsQnPSVEKco,data/_source/isl_dictionary/I/Interest.mp4,19456,ISLRTC,src=I/Interest.mp4; 2 other variant(s)
interest_rate,interest rate,2,https://drive.google.com/drive/folders/1U-Pr4r1-cupgNOOq9NH_uTsQnPSVEKco,data/_source/isl_dictionary/I/Interest_rate.mp4,23499,ISLRTC,src=I/Interest_rate.mp4
interlining,interlining,1,https://drive.google.com/drive/folders/1U-Pr4r1-cupgNOOq9NH_uTsQnPSVEKco,data/_source/isl_dictionary/I/Interlining.mp4,10080,ISLRTC,src=I/Interlining.mp4
internal_body_parts,internal body parts,3,https://drive.google.com/drive/folders/1U-Pr4r1-cupgNOOq9NH_uTsQnPSVEKco,data/_source/isl_dictionary/I/Internal_Body_Parts.mp4,2960,ISLRTC,src=I/Internal_Body_Parts.mp4
international,international,1,https://drive.google.com/drive/folders/1U-Pr4r1-cupgNOOq9NH_uTsQnPSVEKco,data/_source/isl_dictionary/I/International.mp4,4400,ISLRTC,src=I/International.mp4; 1 other variant(s)
international_color_code,international color code,3,https://drive.google.com/drive/folders/1U-Pr4r1-cupgNOOq9NH_uTsQnPSVEKco,data/_source/isl_dictionary/I/International_Color_Code.mp4,27040,ISLRTC,src=I/International_Color_Code.mp4
international_sign_international_sign_language,international sign international sign language,5,https://drive.google.com/drive/folders/1U-Pr4r1-cupgNOOq9NH_uTsQnPSVEKco,data/_source/isl_dictionary/I/International_Sign_International_Sign_Language.mp4,3583,ISLRTC,src=I/International_Sign_International_Sign_Language.mp4
international_week_of_the_deaf,international week of the deaf,5,https://drive.google.com/drive/folders/1U-Pr4r1-cupgNOOq9NH_uTsQnPSVEKco,data/_source/isl_dictionary/I/International_Week_of_the_Deaf.mp4,8417,ISLRTC,src=I/International_Week_of_the_Deaf.mp4
internet,internet,1,https://drive.google.com/drive/folders/1U-Pr4r1-cupgNOOq9NH_uTsQnPSVEKco,data/_source/isl_dictionary/I/Internet.mp4,7000,ISLRTC,src=I/Internet.mp4
internet_banking_online_banking_web_banking,internet banking online banking web banking,6,https://drive.google.com/drive/folders/1U-Pr4r1-cupgNOOq9NH_uTsQnPSVEKco,data/_source/isl_dictionary/I/Internet_Banking_Online_Banking_Web_Banking.mp4,4583,ISLRTC,src=I/Internet_Banking_Online_Banking_Web_Banking.mp4
internet_disconnection,internet disconnection,2,https://drive.google.com/drive/folders/1U-Pr4r1-cupgNOOq9NH_uTsQnPSVEKco,data/_source/isl_dictionary/I/Internet_Disconnection.mp4,4640,ISLRTC,src=I/Internet_Disconnection.mp4
interpret,interpret,1,https://drive.google.com/drive/folders/1U-Pr4r1-cupgNOOq9NH_uTsQnPSVEKco,data/_source/isl_dictionary/I/Interpret.mp4,3960,ISLRTC,src=I/Interpret.mp4
interpretation,interpretation,1,https://drive.google.com/drive/folders/1U-Pr4r1-cupgNOOq9NH_uTsQnPSVEKco,data/_source/isl_dictionary/I/Interpretation.mp4,19680,ISLRTC,src=I/Interpretation.mp4
interpreting_ethics,interpreting ethics,2,https://drive.google.com/drive/folders/1U-Pr4r1-cupgNOOq9NH_uTsQnPSVEKco,data/_source/isl_dictionary/I/Interpreting_Ethics.mp4,24167,ISLRTC,src=I/Interpreting_Ethics.mp4
interpreting_practices,interpreting practices,2,https://drive.google.com/drive/folders/1U-Pr4r1-cupgNOOq9NH_uTsQnPSVEKco,data/_source/isl_dictionary/I/Interpreting_Practices.mp4,18792,ISLRTC,src=I/Interpreting_Practices.mp4
interrogatory_interrogation,interrogatory interrogation,2,https://drive.google.com/drive/folders/1U-Pr4r1-cupgNOOq9NH_uTsQnPSVEKco,data/_source/isl_dictionary/I/Interrogatory_Interrogation.mp4,24000,ISLRTC,src=I/Interrogatory_Interrogation.mp4
intersecting_lines,intersecting lines,2,https://drive.google.com/drive/folders/1U-Pr4r1-cupgNOOq9NH_uTsQnPSVEKco,data/_source/isl_dictionary/I/Intersecting_Lines.mp4,7625,ISLRTC,src=I/Intersecting_Lines.mp4
interview,interview,1,https://drive.google.com/drive/folders/1U-Pr4r1-cupgNOOq9NH_uTsQnPSVEKco,data/_source/isl_dictionary/I/Interview.mp4,5280,ISLRTC,src=I/Interview.mp4; 1 other variant(s)
intestate,intestate,1,https://drive.google.com/drive/folders/1U-Pr4r1-cupgNOOq9NH_uTsQnPSVEKco,data/_source/isl_dictionary/I/Intestate.mp4,12936,ISLRTC,src=I/Intestate.mp4
introduce,introduce,1,https://drive.google.com/drive/folders/1U-Pr4r1-cupgNOOq9NH_uTsQnPSVEKco,data/_source/isl_dictionary/I/Introduce.mp4,3760,ISLRTC,src=I/Introduce.mp4
inventory,inventory,1,https://drive.google.com/drive/folders/1U-Pr4r1-cupgNOOq9NH_uTsQnPSVEKco,data/_source/isl_dictionary/I/Inventory.mp4,23720,ISLRTC,src=I/Inventory.mp4; 1 other variant(s)
inventory_management,inventory management,2,https://drive.google.com/drive/folders/1U-Pr4r1-cupgNOOq9NH_uTsQnPSVEKco,data/_source/isl_dictionary/I/Inventory_Management.mp4,21917,ISLRTC,src=I/Inventory_Management.mp4
invertebrates,invertebrates,1,https://drive.google.com/drive/folders/1U-Pr4r1-cupgNOOq9NH_uTsQnPSVEKco,data/_source/isl_dictionary/I/Invertebrates.mp4,17667,ISLRTC,src=I/Invertebrates.mp4
investment,investment,1,https://drive.google.com/drive/folders/1U-Pr4r1-cupgNOOq9NH_uTsQnPSVEKco,data/_source/isl_dictionary/I/Investment.mp4,28800,ISLRTC,src=I/Investment.mp4
investor,investor,1,https://drive.google.com/drive/folders/1U-Pr4r1-cupgNOOq9NH_uTsQnPSVEKco,data/_source/isl_dictionary/I/Investor.mp4,29354,ISLRTC,src=I/Investor.mp4; 1 other variant(s)
invisible_cut,invisible cut,2,https://drive.google.com/drive/folders/1U-Pr4r1-cupgNOOq9NH_uTsQnPSVEKco,data/_source/isl_dictionary/I/Invisible_Cut.mp4,28125,ISLRTC,src=I/Invisible_Cut.mp4
invitation_email,invitation email,2,https://drive.google.com/drive/folders/1U-Pr4r1-cupgNOOq9NH_uTsQnPSVEKco,data/_source/isl_dictionary/I/Invitation_Email.mp4,18840,ISLRTC,src=I/Invitation_Email.mp4
invite_welcome,invite welcome,2,https://drive.google.com/drive/folders/1U-Pr4r1-cupgNOOq9NH_uTsQnPSVEKco,data/_source/isl_dictionary/I/Invite_Welcome.mp4,4120,ISLRTC,src=I/Invite_Welcome.mp4
ipad,ipad,1,https://drive.google.com/drive/folders/1U-Pr4r1-cupgNOOq9NH_uTsQnPSVEKco,data/_source/isl_dictionary/I/iPad.mp4,11880,ISLRTC,src=I/iPad.mp4
iphone,iphone,1,https://drive.google.com/drive/folders/1U-Pr4r1-cupgNOOq9NH_uTsQnPSVEKco,data/_source/isl_dictionary/I/Iphone.mp4,4320,ISLRTC,src=I/Iphone.mp4
ipomea_cornea,ipomea cornea,2,https://drive.google.com/drive/folders/1U-Pr4r1-cupgNOOq9NH_uTsQnPSVEKco,data/_source/isl_dictionary/I/Ipomea_Cornea.mp4,16600,ISLRTC,src=I/Ipomea_Cornea.mp4
iran,iran,1,https://drive.google.com/drive/folders/1U-Pr4r1-cupgNOOq9NH_uTsQnPSVEKco,data/_source/isl_dictionary/I/Iran.mp4,3240,ISLRTC,src=I/Iran.mp4
iraq,iraq,1,https://drive.google.com/drive/folders/1U-Pr4r1-cupgNOOq9NH_uTsQnPSVEKco,data/_source/isl_dictionary/I/Iraq.mp4,3040,ISLRTC,src=I/Iraq.mp4
ireland,ireland,1,https://drive.google.com/drive/folders/1U-Pr4r1-cupgNOOq9NH_uTsQnPSVEKco,data/_source/isl_dictionary/I/Ireland.mp4,3200,ISLRTC,src=I/Ireland.mp4
iron,iron,1,https://drive.google.com/drive/folders/1U-Pr4r1-cupgNOOq9NH_uTsQnPSVEKco,data/_source/isl_dictionary/I/Iron_(Metal).mp4,3040,ISLRTC,src=I/Iron_(Metal).mp4; 1 other variant(s)
irrigation,irrigation,1,https://drive.google.com/drive/folders/1U-Pr4r1-cupgNOOq9NH_uTsQnPSVEKco,data/_source/isl_dictionary/I/Irrigation_(Sign_2).mp4,25680,ISLRTC,src=I/Irrigation_(Sign_2).mp4
islam_muslim,islam muslim,2,https://drive.google.com/drive/folders/1U-Pr4r1-cupgNOOq9NH_uTsQnPSVEKco,data/_source/isl_dictionary/I/Islam__Muslim.mp4,3040,ISLRTC,src=I/Islam__Muslim.mp4; 1 other variant(s)
island,island,1,https://drive.google.com/drive/folders/1U-Pr4r1-cupgNOOq9NH_uTsQnPSVEKco,data/_source/isl_dictionary/I/Island_(Sign_2).mp4,6576,ISLRTC,src=I/Island_(Sign_2).mp4
isosceles_triangle,isosceles triangle,2,https://drive.google.com/drive/folders/1U-Pr4r1-cupgNOOq9NH_uTsQnPSVEKco,data/_source/isl_dictionary/I/Isosceles_Triangle.mp4,16488,ISLRTC,src=I/Isosceles_Triangle.mp4
israel,israel,1,https://drive.google.com/drive/folders/1U-Pr4r1-cupgNOOq9NH_uTsQnPSVEKco,data/_source/isl_dictionary/I/Israel.mp4,4640,ISLRTC,src=I/Israel.mp4
issue_price,issue price,2,https://drive.google.com/drive/folders/1U-Pr4r1-cupgNOOq9NH_uTsQnPSVEKco,data/_source/isl_dictionary/I/Issue_Price.mp4,25751,ISLRTC,src=I/Issue_Price.mp4
it,it,1,https://drive.google.com/drive/folders/1U-Pr4r1-cupgNOOq9NH_uTsQnPSVEKco,data/_source/isl_dictionary/I/It.mp4,3000,ISLRTC,src=I/It.mp4
it_s_a_piece_of_cake,it's a piece of cake,5,https://drive.google.com/drive/folders/1U-Pr4r1-cupgNOOq9NH_uTsQnPSVEKco,data/_source/isl_dictionary/I/It_s_a_Piece_of_Cake.mp4,15960,ISLRTC,src=I/It_s_a_Piece_of_Cake.mp4
it_s_not_rocket_science,it's not rocket science,4,https://drive.google.com/drive/folders/1U-Pr4r1-cupgNOOq9NH_uTsQnPSVEKco,data/_source/isl_dictionary/I/It_s_Not_Rocket_Science.mp4,19960,ISLRTC,src=I/It_s_Not_Rocket_Science.mp4
it_s_raining_cats_and_dogs,it's raining cats and dogs,5,https://drive.google.com/drive/folders/1U-Pr4r1-cupgNOOq9NH_uTsQnPSVEKco,data/_source/isl_dictionary/I/It_s_Raining_Cats_and_Dogs.mp4,6440,ISLRTC,src=I/It_s_Raining_Cats_and_Dogs.mp4
italy,italy,1,https://drive.google.com/drive/folders/1U-Pr4r1-cupgNOOq9NH_uTsQnPSVEKco,data/_source/isl_dictionary/I/Italy.mp4,2800,ISLRTC,src=I/Italy.mp4
itinerary,itinerary,1,https://drive.google.com/drive/folders/1U-Pr4r1-cupgNOOq9NH_uTsQnPSVEKco,data/_source/isl_dictionary/I/Itinerary.mp4,19167,ISLRTC,src=I/Itinerary.mp4
its,its,1,https://drive.google.com/drive/folders/1U-Pr4r1-cupgNOOq9NH_uTsQnPSVEKco,data/_source/isl_dictionary/I/Its.mp4,4160,ISLRTC,src=I/Its.mp4
itself,itself,1,https://drive.google.com/drive/folders/1U-Pr4r1-cupgNOOq9NH_uTsQnPSVEKco,data/_source/isl_dictionary/I/Itself.mp4,2240,ISLRTC,src=I/Itself.mp4
j_and_k_bank,j and k bank,4,https://drive.google.com/drive/folders/1U-Pr4r1-cupgNOOq9NH_uTsQnPSVEKco,data/_source/isl_dictionary/J/J&k_Bank.mp4,4875,ISLRTC,src=J/J&k_Bank.mp4
jabot,jabot,1,https://drive.google.com/drive/folders/1U-Pr4r1-cupgNOOq9NH_uTsQnPSVEKco,data/_source/isl_dictionary/J/Jabot.mp4,4760,ISLRTC,src=J/Jabot.mp4
jack,jack,1,https://drive.google.com/drive/folders/1U-Pr4r1-cupgNOOq9NH_uTsQnPSVEKco,data/_source/isl_dictionary/J/Jack.mp4,27800,ISLRTC,src=J/Jack.mp4
jack_plane,jack plane,2,https://drive.google.com/drive/folders/1U-Pr4r1-cupgNOOq9NH_uTsQnPSVEKco,data/_source/isl_dictionary/J/Jack_Plane.mp4,3560,ISLRTC,src=J/Jack_Plane.mp4
jacket,jacket,1,https://drive.google.com/drive/folders/1U-Pr4r1-cupgNOOq9NH_uTsQnPSVEKco,data/_source/isl_dictionary/J/Jacket.mp4,3440,ISLRTC,src=J/Jacket.mp4
jackfruit,jackfruit,1,https://drive.google.com/drive/folders/1U-Pr4r1-cupgNOOq9NH_uTsQnPSVEKco,data/_source/isl_dictionary/J/Jackfruit.mp4,5360,ISLRTC,src=J/Jackfruit.mp4; 1 other variant(s)
jackpot,jackpot,1,https://drive.google.com/drive/folders/1U-Pr4r1-cupgNOOq9NH_uTsQnPSVEKco,data/_source/isl_dictionary/J/Jackpot.mp4,11078,ISLRTC,src=J/Jackpot.mp4
jagannath_ratha_yatra,jagannath ratha yatra,3,https://drive.google.com/drive/folders/1U-Pr4r1-cupgNOOq9NH_uTsQnPSVEKco,data/_source/isl_dictionary/J/Jagannath_Ratha_Yatra.mp4,5400,ISLRTC,src=J/Jagannath_Ratha_Yatra.mp4
jail,jail,1,https://drive.google.com/drive/folders/1U-Pr4r1-cupgNOOq9NH_uTsQnPSVEKco,data/_source/isl_dictionary/J/Jail.mp4,3960,ISLRTC,src=J/Jail.mp4
jainism_jain,jainism jain,2,https://drive.google.com/drive/folders/1U-Pr4r1-cupgNOOq9NH_uTsQnPSVEKco,data/_source/isl_dictionary/J/Jainism_Jain.mp4,2960,ISLRTC,src=J/Jainism_Jain.mp4
jaipur,jaipur,1,https://drive.google.com/drive/folders/1U-Pr4r1-cupgNOOq9NH_uTsQnPSVEKco,data/_source/isl_dictionary/J/Jaipur.mp4,4320,ISLRTC,src=J/Jaipur.mp4; 1 other variant(s)
jal_mahal,jal mahal,2,https://drive.google.com/drive/folders/1U-Pr4r1-cupgNOOq9NH_uTsQnPSVEKco,data/_source/isl_dictionary/J/Jal_Mahal.mp4,5360,ISLRTC,src=J/Jal_Mahal.mp4
jalebi,jalebi,1,https://drive.google.com/drive/folders/1U-Pr4r1-cupgNOOq9NH_uTsQnPSVEKco,data/_source/isl_dictionary/J/Jalebi.mp4,7200,ISLRTC,src=J/Jalebi.mp4
jam,jam,1,https://drive.google.com/drive/folders/1U-Pr4r1-cupgNOOq9NH_uTsQnPSVEKco,data/_source/isl_dictionary/J/Jam.mp4,5720,ISLRTC,src=J/Jam.mp4
jama_masjid,jama masjid,2,https://drive.google.com/drive/folders/1U-Pr4r1-cupgNOOq9NH_uTsQnPSVEKco,data/_source/isl_dictionary/J/Jama_Masjid.mp4,4200,ISLRTC,src=J/Jama_Masjid.mp4
jamaica,jamaica,1,https://drive.google.com/drive/folders/1U-Pr4r1-cupgNOOq9NH_uTsQnPSVEKco,data/_source/isl_dictionary/J/Jamaica.mp4,2800,ISLRTC,src=J/Jamaica.mp4
jammu_and_kashmir,jammu and kashmir,3,https://drive.google.com/drive/folders/1U-Pr4r1-cupgNOOq9NH_uTsQnPSVEKco,data/_source/isl_dictionary/J/Jammu_&_Kashmir.mp4,4320,ISLRTC,src=J/Jammu_&_Kashmir.mp4
jammu_and_kashmir_peoples_democratic_party,jammu and kashmir peoples democratic party,6,https://drive.google.com/drive/folders/1U-Pr4r1-cupgNOOq9NH_uTsQnPSVEKco,data/_source/isl_dictionary/J/Jammu_and_Kashmir_Peoples_Democratic_Party_(JKPDP).mp4,4833,ISLRTC,src=J/Jammu_and_Kashmir_Peoples_Democratic_Party_(JKPDP).mp4
jams,jams,1,https://drive.google.com/drive/folders/1U-Pr4r1-cupgNOOq9NH_uTsQnPSVEKco,data/_source/isl_dictionary/J/Jams.mp4,9600,ISLRTC,src=J/Jams.mp4
jamun,jamun,1,https://drive.google.com/drive/folders/1U-Pr4r1-cupgNOOq9NH_uTsQnPSVEKco,data/_source/isl_dictionary/J/Jamun.mp4,4600,ISLRTC,src=J/Jamun.mp4
janitor,janitor,1,https://drive.google.com/drive/folders/1U-Pr4r1-cupgNOOq9NH_uTsQnPSVEKco,data/_source/isl_dictionary/J/Janitor.mp4,5280,ISLRTC,src=J/Janitor.mp4
janmashtami,janmashtami,1,https://drive.google.com/drive/folders/1U-Pr4r1-cupgNOOq9NH_uTsQnPSVEKco,data/_source/isl_dictionary/J/Janmashtami.mp4,4440,ISLRTC,src=J/Janmashtami.mp4; 1 other variant(s)
janta_dal_united,janta dal united,3,https://drive.google.com/drive/folders/1U-Pr4r1-cupgNOOq9NH_uTsQnPSVEKco,data/_source/isl_dictionary/J/Janta_Dal_United_(JDU).mp4,3800,ISLRTC,src=J/Janta_Dal_United_(JDU).mp4
jantar_mantar,jantar mantar,2,https://drive.google.com/drive/folders/1U-Pr4r1-cupgNOOq9NH_uTsQnPSVEKco,data/_source/isl_dictionary/J/Jantar_Mantar.mp4,4840,ISLRTC,src=J/Jantar_Mantar.mp4
january,january,1,https://drive.google.com/drive/folders/1U-Pr4r1-cupgNOOq9NH_uTsQnPSVEKco,data/_source/isl_dictionary/J/January.mp4,3240,ISLRTC,src=J/January.mp4; 1 other variant(s)
japan,japan,1,https://drive.google.com/drive/folders/1U-Pr4r1-cupgNOOq9NH_uTsQnPSVEKco,data/_source/isl_dictionary/J/Japan.mp4,2800,ISLRTC,src=J/Japan.mp4
jasmine,jasmine,1,https://drive.google.com/drive/folders/1U-Pr4r1-cupgNOOq9NH_uTsQnPSVEKco,data/_source/isl_dictionary/J/Jasmine.mp4,4840,ISLRTC,src=J/Jasmine.mp4
jasminum_sambac,jasminum sambac,2,https://drive.google.com/drive/folders/1U-Pr4r1-cupgNOOq9NH_uTsQnPSVEKco,data/_source/isl_dictionary/J/Jasminum_Sambac.mp4,8640,ISLRTC,src=J/Jasminum_Sambac.mp4
jaundice,jaundice,1,https://drive.google.com/drive/folders/1U-Pr4r1-cupgNOOq9NH_uTsQnPSVEKco,data/_source/isl_dictionary/J/Jaundice.mp4,4720,ISLRTC,src=J/Jaundice.mp4
javelin_throw,javelin throw,2,https://drive.google.com/drive/folders/1U-Pr4r1-cupgNOOq9NH_uTsQnPSVEKco,data/_source/isl_dictionary/J/Javelin_Throw.mp4,2080,ISLRTC,src=J/Javelin_Throw.mp4
jaw,jaw,1,https://drive.google.com/drive/folders/1U-Pr4r1-cupgNOOq9NH_uTsQnPSVEKco,data/_source/isl_dictionary/J/Jaw.mp4,6480,ISLRTC,src=J/Jaw.mp4
jawaharlal_nehru,jawaharlal nehru,2,https://drive.google.com/drive/folders/1U-Pr4r1-cupgNOOq9NH_uTsQnPSVEKco,data/_source/isl_dictionary/J/Jawaharlal_Nehru.mp4,3360,ISLRTC,src=J/Jawaharlal_Nehru.mp4; 1 other variant(s)
jealous,jealous,1,https://drive.google.com/drive/folders/1U-Pr4r1-cupgNOOq9NH_uTsQnPSVEKco,data/_source/isl_dictionary/J/Jealous.mp4,4680,ISLRTC,src=J/Jealous.mp4
jellyfish,jellyfish,1,https://drive.google.com/drive/folders/1U-Pr4r1-cupgNOOq9NH_uTsQnPSVEKco,data/_source/isl_dictionary/J/Jellyfish.mp4,4160,ISLRTC,src=J/Jellyfish.mp4
jesus_christ,jesus christ,2,https://drive.google.com/drive/folders/1U-Pr4r1-cupgNOOq9NH_uTsQnPSVEKco,data/_source/isl_dictionary/J/Jesus_Christ.mp4,3640,ISLRTC,src=J/Jesus_Christ.mp4
jet_airways,jet airways,2,https://drive.google.com/drive/folders/1U-Pr4r1-cupgNOOq9NH_uTsQnPSVEKco,data/_source/isl_dictionary/J/Jet_Airways.mp4,5280,ISLRTC,src=J/Jet_Airways.mp4
jew,jew,1,https://drive.google.com/drive/folders/1U-Pr4r1-cupgNOOq9NH_uTsQnPSVEKco,data/_source/isl_dictionary/J/Jew.mp4,5160,ISLRTC,src=J/Jew.mp4
jewel_neckline,jewel neckline,2,https://drive.google.com/drive/folders/1U-Pr4r1-cupgNOOq9NH_uTsQnPSVEKco,data/_source/isl_dictionary/J/Jewel_Neckline`.mp4,4600,ISLRTC,src=J/Jewel_Neckline`.mp4
jewelery,jewelery,1,https://drive.google.com/drive/folders/1U-Pr4r1-cupgNOOq9NH_uTsQnPSVEKco,data/_source/isl_dictionary/J/Jewelery.mp4,5040,ISLRTC,src=J/Jewelery.mp4
jeweller,jeweller,1,https://drive.google.com/drive/folders/1U-Pr4r1-cupgNOOq9NH_uTsQnPSVEKco,data/_source/isl_dictionary/J/Jeweller.mp4,6440,ISLRTC,src=J/Jeweller.mp4
jewellery_laser_engraving_machine,jewellery laser engraving machine,4,https://drive.google.com/drive/folders/1U-Pr4r1-cupgNOOq9NH_uTsQnPSVEKco,data/_source/isl_dictionary/J/Jewellery_Laser_Engraving_Machine.mp4,22292,ISLRTC,src=J/Jewellery_Laser_Engraving_Machine.mp4
jharkhand,jharkhand,1,https://drive.google.com/drive/folders/1U-Pr4r1-cupgNOOq9NH_uTsQnPSVEKco,data/_source/isl_dictionary/J/Jharkhand.mp4,4320,ISLRTC,src=J/Jharkhand.mp4
jigsaw_puzzle,jigsaw puzzle,2,https://drive.google.com/drive/folders/1U-Pr4r1-cupgNOOq9NH_uTsQnPSVEKco,data/_source/isl_dictionary/J/Jigsaw_Puzzle.mp4,4667,ISLRTC,src=J/Jigsaw_Puzzle.mp4
jio,jio,1,https://drive.google.com/drive/folders/1U-Pr4r1-cupgNOOq9NH_uTsQnPSVEKco,data/_source/isl_dictionary/J/Jio.mp4,4320,ISLRTC,src=J/Jio.mp4
jizya,jizya,1,https://drive.google.com/drive/folders/1U-Pr4r1-cupgNOOq9NH_uTsQnPSVEKco,data/_source/isl_dictionary/J/Jizya.mp4,26040,ISLRTC,src=J/Jizya.mp4; 1 other variant(s)
job,job,1,https://drive.google.com/drive/folders/1U-Pr4r1-cupgNOOq9NH_uTsQnPSVEKco,data/_source/isl_dictionary/J/Job.mp4,4840,ISLRTC,src=J/Job.mp4; 1 other variant(s)
jobless_unemployed,jobless unemployed,2,https://drive.google.com/drive/folders/1U-Pr4r1-cupgNOOq9NH_uTsQnPSVEKco,data/_source/isl_dictionary/J/Jobless_Unemployed.mp4,3440,ISLRTC,src=J/Jobless_Unemployed.mp4
jobless_unemployed_out_of_work,jobless unemployed out of work,5,https://drive.google.com/drive/folders/1U-Pr4r1-cupgNOOq9NH_uTsQnPSVEKco,data/_source/isl_dictionary/J/Jobless_Unemployed_Out_of_Work.mp4,3920,ISLRTC,src=J/Jobless_Unemployed_Out_of_Work.mp4
jockey,jockey,1,https://drive.google.com/drive/folders/1U-Pr4r1-cupgNOOq9NH_uTsQnPSVEKco,data/_source/isl_dictionary/J/Jockey_(Horse).mp4,4805,ISLRTC,src=J/Jockey_(Horse).mp4
jodhpur_pants,jodhpur pants,2,https://drive.google.com/drive/folders/1U-Pr4r1-cupgNOOq9NH_uTsQnPSVEKco,data/_source/isl_dictionary/J/Jodhpur_Pants.mp4,9120,ISLRTC,src=J/Jodhpur_Pants.mp4
joey,joey,1,https://drive.google.com/drive/folders/1U-Pr4r1-cupgNOOq9NH_uTsQnPSVEKco,data/_source/isl_dictionary/J/Joey.mp4,4292,ISLRTC,src=J/Joey.mp4
john_abraham,john abraham,2,https://drive.google.com/drive/folders/1U-Pr4r1-cupgNOOq9NH_uTsQnPSVEKco,data/_source/isl_dictionary/J/John_Abraham.mp4,3760,ISLRTC,src=J/John_Abraham.mp4
join,join,1,https://drive.google.com/drive/folders/1U-Pr4r1-cupgNOOq9NH_uTsQnPSVEKco,data/_source/isl_dictionary/J/Join.mp4,3560,ISLRTC,src=J/Join.mp4; 1 other variant(s)
joint,joint,1,https://drive.google.com/drive/folders/1U-Pr4r1-cupgNOOq9NH_uTsQnPSVEKco,data/_source/isl_dictionary/J/Joint.mp4,12080,ISLRTC,src=J/Joint.mp4
joint_custody,joint custody,2,https://drive.google.com/drive/folders/1U-Pr4r1-cupgNOOq9NH_uTsQnPSVEKco,data/_source/isl_dictionary/J/Joint_Custody.mp4,18360,ISLRTC,src=J/Joint_Custody.mp4
joint_family,joint family,2,https://drive.google.com/drive/folders/1U-Pr4r1-cupgNOOq9NH_uTsQnPSVEKco,data/_source/isl_dictionary/J/Joint_Family.mp4,22080,ISLRTC,src=J/Joint_Family.mp4
joint_family_sign,joint family sign,3,https://drive.google.com/drive/folders/1U-Pr4r1-cupgNOOq9NH_uTsQnPSVEKco,data/_source/isl_dictionary/J/Joint_Family_Sign.mp4,2760,ISLRTC,src=J/Joint_Family_Sign.mp4
joint_venture,joint venture,2,https://drive.google.com/drive/folders/1U-Pr4r1-cupgNOOq9NH_uTsQnPSVEKco,data/_source/isl_dictionary/J/Joint_Venture.mp4,16333,ISLRTC,src=J/Joint_Venture.mp4
jointing,jointing,1,https://drive.google.com/drive/folders/1U-Pr4r1-cupgNOOq9NH_uTsQnPSVEKco,data/_source/isl_dictionary/J/Jointing.mp4,13960,ISLRTC,src=J/Jointing.mp4
joints,joints,1,https://drive.google.com/drive/folders/1U-Pr4r1-cupgNOOq9NH_uTsQnPSVEKco,data/_source/isl_dictionary/J/Joints.mp4,20960,ISLRTC,src=J/Joints.mp4
joke_funny_tease,joke funny tease,3,https://drive.google.com/drive/folders/1U-Pr4r1-cupgNOOq9NH_uTsQnPSVEKco,data/_source/isl_dictionary/J/Joke_Funny_Tease.mp4,6000,ISLRTC,src=J/Joke_Funny_Tease.mp4
jordan,jordan,1,https://drive.google.com/drive/folders/1U-Pr4r1-cupgNOOq9NH_uTsQnPSVEKco,data/_source/isl_dictionary/J/Jordan.mp4,2800,ISLRTC,src=J/Jordan.mp4
journalist_reporter,journalist reporter,2,https://drive.google.com/drive/folders/1U-Pr4r1-cupgNOOq9NH_uTsQnPSVEKco,data/_source/isl_dictionary/J/Journalist_Reporter.mp4,6960,ISLRTC,src=J/Journalist_Reporter.mp4; 1 other variant(s)
journey,journey,1,https://drive.google.com/drive/folders/1U-Pr4r1-cupgNOOq9NH_uTsQnPSVEKco,data/_source/isl_dictionary/J/Journey.mp4,19880,ISLRTC,src=J/Journey.mp4
joystick,joystick,1,https://drive.google.com/drive/folders/1U-Pr4r1-cupgNOOq9NH_uTsQnPSVEKco,data/_source/isl_dictionary/J/Joystick.mp4,15600,ISLRTC,src=J/Joystick.mp4
jpeg,jpeg,1,https://drive.google.com/drive/folders/1U-Pr4r1-cupgNOOq9NH_uTsQnPSVEKco,data/_source/isl_dictionary/J/JPEG.mp4,20440,ISLRTC,src=J/JPEG.mp4
judaism,judaism,1,https://drive.google.com/drive/folders/1U-Pr4r1-cupgNOOq9NH_uTsQnPSVEKco,data/_source/isl_dictionary/J/Judaism.mp4,4200,ISLRTC,src=J/Judaism.mp4
judge,judge,1,https://drive.google.com/drive/folders/1U-Pr4r1-cupgNOOq9NH_uTsQnPSVEKco,data/_source/isl_dictionary/J/Judge.mp4,7728,ISLRTC,src=J/Judge.mp4
judgement,judgement,1,https://drive.google.com/drive/folders/1U-Pr4r1-cupgNOOq9NH_uTsQnPSVEKco,data/_source/isl_dictionary/J/Judgement.mp4,9360,ISLRTC,src=J/Judgement.mp4
judgemental,judgemental,1,https://drive.google.com/drive/folders/1U-Pr4r1-cupgNOOq9NH_uTsQnPSVEKco,data/_source/isl_dictionary/MHSL - 259/Judgemental.mp4,20842,ISLRTC,src=MHSL - 259/Judgemental.mp4
judicial_service_centre,judicial service centre,3,https://drive.google.com/drive/folders/1U-Pr4r1-cupgNOOq9NH_uTsQnPSVEKco,data/_source/isl_dictionary/J/Judicial_Service_Centre.mp4,28600,ISLRTC,src=J/Judicial_Service_Centre.mp4
juhu_beach,juhu beach,2,https://drive.google.com/drive/folders/1U-Pr4r1-cupgNOOq9NH_uTsQnPSVEKco,data/_source/isl_dictionary/J/Juhu_Beach.mp4,3760,ISLRTC,src=J/Juhu_Beach.mp4
juice,juice,1,https://drive.google.com/drive/folders/1U-Pr4r1-cupgNOOq9NH_uTsQnPSVEKco,data/_source/isl_dictionary/J/Juice.mp4,5000,ISLRTC,src=J/Juice.mp4
julienne,julienne,1,https://drive.google.com/drive/folders/1U-Pr4r1-cupgNOOq9NH_uTsQnPSVEKco,data/_source/isl_dictionary/J/Julienne.mp4,12800,ISLRTC,src=J/Julienne.mp4
juliet_sleeve,juliet sleeve,2,https://drive.google.com/drive/folders/1U-Pr4r1-cupgNOOq9NH_uTsQnPSVEKco,data/_source/isl_dictionary/J/Juliet_Sleeve.mp4,6720,ISLRTC,src=J/Juliet_Sleeve.mp4
july,july,1,https://drive.google.com/drive/folders/1U-Pr4r1-cupgNOOq9NH_uTsQnPSVEKco,data/_source/isl_dictionary/J/July.mp4,3840,ISLRTC,src=J/July.mp4
jump,jump,1,https://drive.google.com/drive/folders/1U-Pr4r1-cupgNOOq9NH_uTsQnPSVEKco,data/_source/isl_dictionary/J/Jump.mp4,5680,ISLRTC,src=J/Jump.mp4
junction_box,junction box,2,https://drive.google.com/drive/folders/1U-Pr4r1-cupgNOOq9NH_uTsQnPSVEKco,data/_source/isl_dictionary/J/Junction_Box.mp4,15720,ISLRTC,src=J/Junction_Box.mp4
june,june,1,https://drive.google.com/drive/folders/1U-Pr4r1-cupgNOOq9NH_uTsQnPSVEKco,data/_source/isl_dictionary/J/June.mp4,3640,ISLRTC,src=J/June.mp4
justify,justify,1,https://drive.google.com/drive/folders/1U-Pr4r1-cupgNOOq9NH_uTsQnPSVEKco,data/_source/isl_dictionary/J/Justify.mp4,25160,ISLRTC,src=J/Justify.mp4
jutti_mojri,jutti mojri,2,https://drive.google.com/drive/folders/1U-Pr4r1-cupgNOOq9NH_uTsQnPSVEKco,data/_source/isl_dictionary/J/Jutti_Mojri.mp4,4500,ISLRTC,src=J/Jutti_Mojri.mp4
juvenile,juvenile,1,https://drive.google.com/drive/folders/1U-Pr4r1-cupgNOOq9NH_uTsQnPSVEKco,data/_source/isl_dictionary/J/Juvenile.mp4,10600,ISLRTC,src=J/Juvenile.mp4; 1 other variant(s)
kabaddi,kabaddi,1,https://drive.google.com/drive/folders/1U-Pr4r1-cupgNOOq9NH_uTsQnPSVEKco,data/_source/isl_dictionary/K/Kabaddi.mp4,9720,ISLRTC,src=K/Kabaddi.mp4
kajal,kajal,1,https://drive.google.com/drive/folders/1U-Pr4r1-cupgNOOq9NH_uTsQnPSVEKco,data/_source/isl_dictionary/K/Kajal.mp4,3720,ISLRTC,src=K/Kajal.mp4
kaleidoscope,kaleidoscope,1,https://drive.google.com/drive/folders/1U-Pr4r1-cupgNOOq9NH_uTsQnPSVEKco,data/_source/isl_dictionary/K/Kaleidoscope.mp4,21920,ISLRTC,src=K/Kaleidoscope.mp4
kali_mata,kali mata,2,https://drive.google.com/drive/folders/1U-Pr4r1-cupgNOOq9NH_uTsQnPSVEKco,data/_source/isl_dictionary/K/Kali_Mata.mp4,4240,ISLRTC,src=K/Kali_Mata.mp4; 1 other variant(s)
kangaroo,kangaroo,1,https://drive.google.com/drive/folders/1U-Pr4r1-cupgNOOq9NH_uTsQnPSVEKco,data/_derived/h264/K/Kangaroo.mp4,7968,ISLRTC,src=K/Kangaroo.mpg; transcoded from mpeg2video
kangaroo_pocket,kangaroo pocket,2,https://drive.google.com/drive/folders/1U-Pr4r1-cupgNOOq9NH_uTsQnPSVEKco,data/_source/isl_dictionary/K/Kangaroo_Pocket.mp4,6720,ISLRTC,src=K/Kangaroo_Pocket.mp4
kannada,kannada,1,https://drive.google.com/drive/folders/1U-Pr4r1-cupgNOOq9NH_uTsQnPSVEKco,data/_source/isl_dictionary/K/Kannada.mp4,6360,ISLRTC,src=K/Kannada.mp4; 1 other variant(s)
kaposi_sarcoma,kaposi sarcoma,2,https://drive.google.com/drive/folders/1U-Pr4r1-cupgNOOq9NH_uTsQnPSVEKco,data/_source/isl_dictionary/K/Kaposi_Sarcoma.mp4,6560,ISLRTC,src=K/Kaposi_Sarcoma.mp4
karate,karate,1,https://drive.google.com/drive/folders/1U-Pr4r1-cupgNOOq9NH_uTsQnPSVEKco,data/_source/isl_dictionary/K/Karate.mp4,2720,ISLRTC,src=K/Karate.mp4
kareena_kapoor_khan,kareena kapoor khan,3,https://drive.google.com/drive/folders/1U-Pr4r1-cupgNOOq9NH_uTsQnPSVEKco,data/_source/isl_dictionary/K/Kareena_Kapoor_Khan.mp4,3440,ISLRTC,src=K/Kareena_Kapoor_Khan.mp4
karnal,karnal,1,https://drive.google.com/drive/folders/1U-Pr4r1-cupgNOOq9NH_uTsQnPSVEKco,data/_source/isl_dictionary/K/Karnal.mp4,8667,ISLRTC,src=K/Karnal.mp4
karnataka,karnataka,1,https://drive.google.com/drive/folders/1U-Pr4r1-cupgNOOq9NH_uTsQnPSVEKco,data/_source/isl_dictionary/K/Karnataka.mp4,3600,ISLRTC,src=K/Karnataka.mp4
karnataka_bank,karnataka bank,2,https://drive.google.com/drive/folders/1U-Pr4r1-cupgNOOq9NH_uTsQnPSVEKco,data/_source/isl_dictionary/K/Karnataka_Bank.mp4,4458,ISLRTC,src=K/Karnataka_Bank.mp4
kathakali,kathakali,1,https://drive.google.com/drive/folders/1U-Pr4r1-cupgNOOq9NH_uTsQnPSVEKco,data/_source/isl_dictionary/K/Kathakali.mp4,5520,ISLRTC,src=K/Kathakali.mp4
kayak,kayak,1,https://drive.google.com/drive/folders/1U-Pr4r1-cupgNOOq9NH_uTsQnPSVEKco,data/_source/isl_dictionary/K/Kayak.mp4,11960,ISLRTC,src=K/Kayak.mp4
kazakhstan,kazakhstan,1,https://drive.google.com/drive/folders/1U-Pr4r1-cupgNOOq9NH_uTsQnPSVEKco,data/_source/isl_dictionary/K/Kazakhstan.mp4,2800,ISLRTC,src=K/Kazakhstan.mp4
keep,keep,1,https://drive.google.com/drive/folders/1U-Pr4r1-cupgNOOq9NH_uTsQnPSVEKco,data/_source/isl_dictionary/K/Keep.mp4,30000,ISLRTC,src=K/Keep.mp4
keep_hold_retain_store,keep hold retain store,4,https://drive.google.com/drive/folders/1U-Pr4r1-cupgNOOq9NH_uTsQnPSVEKco,data/_source/isl_dictionary/K/Keep_Hold_Retain_Store.mp4,3360,ISLRTC,src=K/Keep_Hold_Retain_Store.mp4
kennel,kennel,1,https://drive.google.com/drive/folders/1U-Pr4r1-cupgNOOq9NH_uTsQnPSVEKco,data/_source/isl_dictionary/K/Kennel.mp4,6792,ISLRTC,src=K/Kennel.mp4
kenya,kenya,1,https://drive.google.com/drive/folders/1U-Pr4r1-cupgNOOq9NH_uTsQnPSVEKco,data/_source/isl_dictionary/K/Kenya.mp4,2800,ISLRTC,src=K/Kenya.mp4
kerala,kerala,1,https://drive.google.com/drive/folders/1U-Pr4r1-cupgNOOq9NH_uTsQnPSVEKco,data/_source/isl_dictionary/K/Kerala.mp4,4440,ISLRTC,src=K/Kerala.mp4
kerb_crawling_kerb_crawler,kerb crawling kerb crawler,4,https://drive.google.com/drive/folders/1U-Pr4r1-cupgNOOq9NH_uTsQnPSVEKco,data/_source/isl_dictionary/K/Kerb_Crawling_Kerb_Crawler.mp4,26080,ISLRTC,src=K/Kerb_Crawling_Kerb_Crawler.mp4
kerning,kerning,1,https://drive.google.com/drive/folders/1U-Pr4r1-cupgNOOq9NH_uTsQnPSVEKco,data/_source/isl_dictionary/K/Kerning.mp4,11042,ISLRTC,src=K/Kerning.mp4
ketchup_sauce,ketchup sauce,2,https://drive.google.com/drive/folders/1U-Pr4r1-cupgNOOq9NH_uTsQnPSVEKco,data/_source/isl_dictionary/K/Ketchup_Sauce.mp4,3600,ISLRTC,src=K/Ketchup_Sauce.mp4
key,key,1,https://drive.google.com/drive/folders/1U-Pr4r1-cupgNOOq9NH_uTsQnPSVEKco,data/_source/isl_dictionary/K/Key.mp4,4160,ISLRTC,src=K/Key.mp4
key_card,key card,2,https://drive.google.com/drive/folders/1U-Pr4r1-cupgNOOq9NH_uTsQnPSVEKco,data/_source/isl_dictionary/K/Key_Card.mp4,24920,ISLRTC,src=K/Key_Card.mp4
key_ring_key_chain,key ring key chain,4,https://drive.google.com/drive/folders/1U-Pr4r1-cupgNOOq9NH_uTsQnPSVEKco,data/_source/isl_dictionary/K/Key_Ring_Key_Chain.mp4,9920,ISLRTC,src=K/Key_Ring_Key_Chain.mp4
keyboard,keyboard,1,https://drive.google.com/drive/folders/1U-Pr4r1-cupgNOOq9NH_uTsQnPSVEKco,data/_source/isl_dictionary/K/Keyboard.mp4,9600,ISLRTC,src=K/Keyboard.mp4
keyhole,keyhole,1,https://drive.google.com/drive/folders/1U-Pr4r1-cupgNOOq9NH_uTsQnPSVEKco,data/_source/isl_dictionary/K/Keyhole.mp4,7680,ISLRTC,src=K/Keyhole.mp4
keying,keying,1,https://drive.google.com/drive/folders/1U-Pr4r1-cupgNOOq9NH_uTsQnPSVEKco,data/_source/isl_dictionary/K/Keying.mp4,13125,ISLRTC,src=K/Keying.mp4
khoa_or_mawa,khoa or mawa,3,https://drive.google.com/drive/folders/1U-Pr4r1-cupgNOOq9NH_uTsQnPSVEKco,data/_source/isl_dictionary/K/Khoa_or_Mawa.mp4,15375,ISLRTC,src=K/Khoa_or_Mawa.mp4
kick_eject_fire_from_job,kick eject fire from job,5,https://drive.google.com/drive/folders/1U-Pr4r1-cupgNOOq9NH_uTsQnPSVEKco,data/_source/isl_dictionary/K/Kick_Eject_Fire_From_Job.mp4,4160,ISLRTC,src=K/Kick_Eject_Fire_From_Job.mp4
kick_out_eject,kick out eject,3,https://drive.google.com/drive/folders/1U-Pr4r1-cupgNOOq9NH_uTsQnPSVEKco,data/_source/isl_dictionary/K/Kick_Out_Eject.mp4,3760,ISLRTC,src=K/Kick_Out_Eject.mp4
kid,kid,1,https://drive.google.com/drive/folders/1U-Pr4r1-cupgNOOq9NH_uTsQnPSVEKco,data/_source/isl_dictionary/K/Kid.mp4,4833,ISLRTC,src=K/Kid.mp4
kidnap,kidnap,1,https://drive.google.com/drive/folders/1U-Pr4r1-cupgNOOq9NH_uTsQnPSVEKco,data/_source/isl_dictionary/K/Kidnap.mp4,3960,ISLRTC,src=K/Kidnap.mp4
kidnapping_and_abducting,kidnapping and abducting,3,https://drive.google.com/drive/folders/1U-Pr4r1-cupgNOOq9NH_uTsQnPSVEKco,data/_source/isl_dictionary/K/Kidnapping_&_Abducting.mp4,10120,ISLRTC,src=K/Kidnapping_&_Abducting.mp4
kidney,kidney,1,https://drive.google.com/drive/folders/1U-Pr4r1-cupgNOOq9NH_uTsQnPSVEKco,data/_source/isl_dictionary/K/Kidney.mp4,7000,ISLRTC,src=K/Kidney.mp4
kidney_beans,kidney beans,2,https://drive.google.com/drive/folders/1U-Pr4r1-cupgNOOq9NH_uTsQnPSVEKco,data/_source/isl_dictionary/K/Kidney_Beans.mp4,3800,ISLRTC,src=K/Kidney_Beans.mp4; 1 other variant(s)
kidney_cancer,kidney cancer,2,https://drive.google.com/drive/folders/1U-Pr4r1-cupgNOOq9NH_uTsQnPSVEKco,data/_source/isl_dictionary/K/Kidney_Cancer_(Renal_Cell).mp4,3760,ISLRTC,src=K/Kidney_Cancer_(Renal_Cell).mp4
kidney_disease,kidney disease,2,https://drive.google.com/drive/folders/1U-Pr4r1-cupgNOOq9NH_uTsQnPSVEKco,data/_source/isl_dictionary/K/Kidney_Disease.mp4,5200,ISLRTC,src=K/Kidney_Disease.mp4
kill_murder,kill murder,2,https://drive.google.com/drive/folders/1U-Pr4r1-cupgNOOq9NH_uTsQnPSVEKco,data/_source/isl_dictionary/K/Kill_Murder.mp4,2720,ISLRTC,src=K/Kill_Murder.mp4; 1 other variant(s)
kilobyte,kilobyte,1,https://drive.google.com/drive/folders/1U-Pr4r1-cupgNOOq9NH_uTsQnPSVEKco,data/_source/isl_dictionary/K/Kilobyte_(KB).mp4,22560,ISLRTC,src=K/Kilobyte_(KB).mp4
kilogram,kilogram,1,https://drive.google.com/drive/folders/1U-Pr4r1-cupgNOOq9NH_uTsQnPSVEKco,data/_source/isl_dictionary/K/Kilogram_(KG).mp4,7440,ISLRTC,src=K/Kilogram_(KG).mp4
kilometre,kilometre,1,https://drive.google.com/drive/folders/1U-Pr4r1-cupgNOOq9NH_uTsQnPSVEKco,data/_source/isl_dictionary/K/Kilometre_(KM).mp4,8400,ISLRTC,src=K/Kilometre_(KM).mp4
kin,kin,1,https://drive.google.com/drive/folders/1U-Pr4r1-cupgNOOq9NH_uTsQnPSVEKco,data/_source/isl_dictionary/K/Kin.mp4,15264,ISLRTC,src=K/Kin.mp4
kind_kindhearted,kind kindhearted,2,https://drive.google.com/drive/folders/1U-Pr4r1-cupgNOOq9NH_uTsQnPSVEKco,data/_source/isl_dictionary/K/Kind_Kindhearted.mp4,5360,ISLRTC,src=K/Kind_Kindhearted.mp4
kinds_of_germination,kinds of germination,3,https://drive.google.com/drive/folders/1U-Pr4r1-cupgNOOq9NH_uTsQnPSVEKco,data/_source/isl_dictionary/K/Kinds_of_Germination.mp4,12500,ISLRTC,src=K/Kinds_of_Germination.mp4
kinds_of_honey_bee_found_in_india,kinds of honey bee found in india,7,https://drive.google.com/drive/folders/1U-Pr4r1-cupgNOOq9NH_uTsQnPSVEKco,data/_source/isl_dictionary/K/Kinds_of_Honey_Bee_Found_in_India.mp4,9125,ISLRTC,src=K/Kinds_of_Honey_Bee_Found_in_India.mp4
king,king,1,https://drive.google.com/drive/folders/1U-Pr4r1-cupgNOOq9NH_uTsQnPSVEKco,data/_source/isl_dictionary/K/King.mp4,3240,ISLRTC,src=K/King.mp4
king_post,king post,2,https://drive.google.com/drive/folders/1U-Pr4r1-cupgNOOq9NH_uTsQnPSVEKco,data/_source/isl_dictionary/K/King_Post.mp4,21125,ISLRTC,src=K/King_Post.mp4
kingdom_of_animals,kingdom of animals,3,https://drive.google.com/drive/folders/1U-Pr4r1-cupgNOOq9NH_uTsQnPSVEKco,data/_source/isl_dictionary/K/Kingdom_of_Animals.mp4,17375,ISLRTC,src=K/Kingdom_of_Animals.mp4
kiss,kiss,1,https://drive.google.com/drive/folders/1U-Pr4r1-cupgNOOq9NH_uTsQnPSVEKco,data/_source/isl_dictionary/K/Kiss.mp4,4440,ISLRTC,src=K/Kiss.mp4
kitchen,kitchen,1,https://drive.google.com/drive/folders/1U-Pr4r1-cupgNOOq9NH_uTsQnPSVEKco,data/_source/isl_dictionary/K/Kitchen.mp4,5720,ISLRTC,src=K/Kitchen.mp4
kitchen_gardening,kitchen gardening,2,https://drive.google.com/drive/folders/1U-Pr4r1-cupgNOOq9NH_uTsQnPSVEKco,data/_source/isl_dictionary/K/Kitchen_Gardening.mp4,18200,ISLRTC,src=K/Kitchen_Gardening.mp4
kite,kite,1,https://drive.google.com/drive/folders/1U-Pr4r1-cupgNOOq9NH_uTsQnPSVEKco,data/_source/isl_dictionary/K/Kite.mp4,4160,ISLRTC,src=K/Kite.mp4
kitosis,kitosis,1,https://drive.google.com/drive/folders/1U-Pr4r1-cupgNOOq9NH_uTsQnPSVEKco,data/_source/isl_dictionary/K/Kitosis.mp4,15833,ISLRTC,src=K/Kitosis.mp4
kitten,kitten,1,https://drive.google.com/drive/folders/1U-Pr4r1-cupgNOOq9NH_uTsQnPSVEKco,data/_source/isl_dictionary/K/Kitten.mp4,4542,ISLRTC,src=K/Kitten.mp4
knead,knead,1,https://drive.google.com/drive/folders/1U-Pr4r1-cupgNOOq9NH_uTsQnPSVEKco,data/_source/isl_dictionary/K/Knead.mp4,11640,ISLRTC,src=K/Knead.mp4
knee,knee,1,https://drive.google.com/drive/folders/1U-Pr4r1-cupgNOOq9NH_uTsQnPSVEKco,data/_source/isl_dictionary/K/Knee.mp4,7200,ISLRTC,src=K/Knee.mp4
kneel,kneel,1,https://drive.google.com/drive/folders/1U-Pr4r1-cupgNOOq9NH_uTsQnPSVEKco,data/_source/isl_dictionary/K/Kneel.mp4,24240,ISLRTC,src=K/Kneel.mp4
knife,knife,1,https://drive.google.com/drive/folders/1U-Pr4r1-cupgNOOq9NH_uTsQnPSVEKco,data/_source/isl_dictionary/K/Knife.mp4,4160,ISLRTC,src=K/Knife.mp4; 2 other variant(s)
knit,knit,1,https://drive.google.com/drive/folders/1U-Pr4r1-cupgNOOq9NH_uTsQnPSVEKco,data/_source/isl_dictionary/K/Knit.mp4,17880,ISLRTC,src=K/Knit.mp4
knock,knock,1,https://drive.google.com/drive/folders/1U-Pr4r1-cupgNOOq9NH_uTsQnPSVEKco,data/_source/isl_dictionary/K/Knock.mp4,2880,ISLRTC,src=K/Knock.mp4
know,know,1,https://drive.google.com/drive/folders/1U-Pr4r1-cupgNOOq9NH_uTsQnPSVEKco,data/_source/isl_dictionary/K/Know.mp4,2880,ISLRTC,src=K/Know.mp4
know_your_customer,know your customer,3,https://drive.google.com/drive/folders/1U-Pr4r1-cupgNOOq9NH_uTsQnPSVEKco,data/_source/isl_dictionary/K/Know_Your_Customer_(KYC).mp4,7667,ISLRTC,src=K/Know_Your_Customer_(KYC).mp4
knowledge_expertise,knowledge expertise,2,https://drive.google.com/drive/folders/1U-Pr4r1-cupgNOOq9NH_uTsQnPSVEKco,data/_source/isl_dictionary/K/Knowledge_Expertise.mp4,3200,ISLRTC,src=K/Knowledge_Expertise.mp4
knurling,knurling,1,https://drive.google.com/drive/folders/1U-Pr4r1-cupgNOOq9NH_uTsQnPSVEKco,data/_source/isl_dictionary/K/Knurling.mp4,6240,ISLRTC,src=K/Knurling.mp4
kochi,kochi,1,https://drive.google.com/drive/folders/1U-Pr4r1-cupgNOOq9NH_uTsQnPSVEKco,data/_source/isl_dictionary/K/Kochi_(Cochin).mp4,5200,ISLRTC,src=K/Kochi_(Cochin).mp4
kohima,kohima,1,https://drive.google.com/drive/folders/1U-Pr4r1-cupgNOOq9NH_uTsQnPSVEKco,data/_source/isl_dictionary/K/Kohima.mp4,4440,ISLRTC,src=K/Kohima.mp4
kolkata,kolkata,1,https://drive.google.com/drive/folders/1U-Pr4r1-cupgNOOq9NH_uTsQnPSVEKco,data/_source/isl_dictionary/K/Kolkata_(Calcutta_).mp4,4320,ISLRTC,src=K/Kolkata_(Calcutta_).mp4
konark_sun_temple,konark sun temple,3,https://drive.google.com/drive/folders/1U-Pr4r1-cupgNOOq9NH_uTsQnPSVEKco,data/_source/isl_dictionary/K/Konark_Sun_Temple.mp4,6680,ISLRTC,src=K/Konark_Sun_Temple.mp4
korea,korea,1,https://drive.google.com/drive/folders/1U-Pr4r1-cupgNOOq9NH_uTsQnPSVEKco,data/_source/isl_dictionary/K/Korea.mp4,2800,ISLRTC,src=K/Korea.mp4
kotak_mahindra_bank,kotak mahindra bank,3,https://drive.google.com/drive/folders/1U-Pr4r1-cupgNOOq9NH_uTsQnPSVEKco,data/_source/isl_dictionary/K/Kotak_Mahindra_Bank.mp4,4875,ISLRTC,src=K/Kotak_Mahindra_Bank.mp4
krishna,krishna,1,https://drive.google.com/drive/folders/1U-Pr4r1-cupgNOOq9NH_uTsQnPSVEKco,data/_source/isl_dictionary/K/Krishna.mp4,3960,ISLRTC,src=K/Krishna.mp4
kumbh_mela,kumbh mela,2,https://drive.google.com/drive/folders/1U-Pr4r1-cupgNOOq9NH_uTsQnPSVEKco,data/_source/isl_dictionary/K/Kumbh_Mela.mp4,3640,ISLRTC,src=K/Kumbh_Mela.mp4; 1 other variant(s)
kurta,kurta,1,https://drive.google.com/drive/folders/1U-Pr4r1-cupgNOOq9NH_uTsQnPSVEKco,data/_source/isl_dictionary/K/Kurta.mp4,3720,ISLRTC,src=K/Kurta.mp4
kuwait,kuwait,1,https://drive.google.com/drive/folders/1U-Pr4r1-cupgNOOq9NH_uTsQnPSVEKco,data/_source/isl_dictionary/K/Kuwait.mp4,3200,ISLRTC,src=K/Kuwait.mp4
kyc,kyc,1,https://drive.google.com/drive/folders/1U-Pr4r1-cupgNOOq9NH_uTsQnPSVEKco,data/_source/isl_dictionary/K/KYC.mp4,28398,ISLRTC,src=K/KYC.mp4
label,label,1,https://drive.google.com/drive/folders/1U-Pr4r1-cupgNOOq9NH_uTsQnPSVEKco,data/_source/isl_dictionary/L/Label.mp4,3320,ISLRTC,src=L/Label.mp4
laboratory,laboratory,1,https://drive.google.com/drive/folders/1U-Pr4r1-cupgNOOq9NH_uTsQnPSVEKco,data/_derived/h264/L/Laboratory_(Academic).mp4,29248,ISLRTC,src=L/Laboratory_(Academic).mp4; transcoded from hevc
labour,labour,1,https://drive.google.com/drive/folders/1U-Pr4r1-cupgNOOq9NH_uTsQnPSVEKco,data/_source/isl_dictionary/L/Labour.mp4,11920,ISLRTC,src=L/Labour.mp4; 1 other variant(s)
labour_force,labour force,2,https://drive.google.com/drive/folders/1U-Pr4r1-cupgNOOq9NH_uTsQnPSVEKco,data/_source/isl_dictionary/L/Labour_Force.mp4,14781,ISLRTC,src=L/Labour_Force.mp4
labourer,labourer,1,https://drive.google.com/drive/folders/1U-Pr4r1-cupgNOOq9NH_uTsQnPSVEKco,data/_source/isl_dictionary/L/Labourer.mp4,14648,ISLRTC,src=L/Labourer.mp4
lace,lace,1,https://drive.google.com/drive/folders/1U-Pr4r1-cupgNOOq9NH_uTsQnPSVEKco,data/_source/isl_dictionary/L/Lace_(Cloth).mp4,18583,ISLRTC,src=L/Lace_(Cloth).mp4
lace_up,lace up,2,https://drive.google.com/drive/folders/1U-Pr4r1-cupgNOOq9NH_uTsQnPSVEKco,data/_source/isl_dictionary/L/Lace_Up.mp4,15040,ISLRTC,src=L/Lace_Up.mp4
lacerate,lacerate,1,https://drive.google.com/drive/folders/1U-Pr4r1-cupgNOOq9NH_uTsQnPSVEKco,data/_source/isl_dictionary/L/Lacerate.mp4,11200,ISLRTC,src=L/Lacerate.mp4
lacerate_criticize,lacerate criticize,2,https://drive.google.com/drive/folders/1U-Pr4r1-cupgNOOq9NH_uTsQnPSVEKco,data/_source/isl_dictionary/L/Lacerate_Criticize.mp4,13400,ISLRTC,src=L/Lacerate_Criticize.mp4
lack_of_communication,lack of communication,3,https://drive.google.com/drive/folders/1U-Pr4r1-cupgNOOq9NH_uTsQnPSVEKco,data/_source/isl_dictionary/MHSL - 259/Lack_of_Communication.mp4,26133,ISLRTC,src=MHSL - 259/Lack_of_Communication.mp4
lacklustre_boring_dull,lacklustre boring dull,3,https://drive.google.com/drive/folders/1U-Pr4r1-cupgNOOq9NH_uTsQnPSVEKco,data/_source/isl_dictionary/L/Lacklustre_Boring_Dull.mp4,10917,ISLRTC,src=L/Lacklustre_Boring_Dull.mp4
lactose,lactose,1,https://drive.google.com/drive/folders/1U-Pr4r1-cupgNOOq9NH_uTsQnPSVEKco,data/_source/isl_dictionary/L/Lactose.mp4,14014,ISLRTC,src=L/Lactose.mp4
lactose_intolerant,lactose intolerant,2,https://drive.google.com/drive/folders/1U-Pr4r1-cupgNOOq9NH_uTsQnPSVEKco,data/_source/isl_dictionary/L/Lactose_Intolerant.mp4,15516,ISLRTC,src=L/Lactose_Intolerant.mp4
lacunae,lacunae,1,https://drive.google.com/drive/folders/1U-Pr4r1-cupgNOOq9NH_uTsQnPSVEKco,data/_source/isl_dictionary/L/Lacunae.mp4,23323,ISLRTC,src=L/Lacunae.mp4
ladakh,ladakh,1,https://drive.google.com/drive/folders/1U-Pr4r1-cupgNOOq9NH_uTsQnPSVEKco,data/_source/isl_dictionary/L/Ladakh.mp4,5640,ISLRTC,src=L/Ladakh.mp4
ladle,ladle,1,https://drive.google.com/drive/folders/1U-Pr4r1-cupgNOOq9NH_uTsQnPSVEKco,data/_source/isl_dictionary/L/Ladle.mp4,7333,ISLRTC,src=L/Ladle.mp4
lady,lady,1,https://drive.google.com/drive/folders/1U-Pr4r1-cupgNOOq9NH_uTsQnPSVEKco,data/_source/isl_dictionary/L/Lady.mp4,2920,ISLRTC,src=L/Lady.mp4
ladybird,ladybird,1,https://drive.google.com/drive/folders/1U-Pr4r1-cupgNOOq9NH_uTsQnPSVEKco,data/_source/isl_dictionary/L/Ladybird.mp4,14792,ISLRTC,src=L/Ladybird.mp4
laidback,laidback,1,https://drive.google.com/drive/folders/1U-Pr4r1-cupgNOOq9NH_uTsQnPSVEKco,data/_source/isl_dictionary/L/Laidback.mp4,14748,ISLRTC,src=L/Laidback.mp4
lake,lake,1,https://drive.google.com/drive/folders/1U-Pr4r1-cupgNOOq9NH_uTsQnPSVEKco,data/_source/isl_dictionary/L/Lake.mp4,7120,ISLRTC,src=L/Lake.mp4
lamb,lamb,1,https://drive.google.com/drive/folders/1U-Pr4r1-cupgNOOq9NH_uTsQnPSVEKco,data/_source/isl_dictionary/L/Lamb.mp4,6167,ISLRTC,src=L/Lamb.mp4
laminate,laminate,1,https://drive.google.com/drive/folders/1U-Pr4r1-cupgNOOq9NH_uTsQnPSVEKco,data/_source/isl_dictionary/L/Laminate_(Wood).mp4,7792,ISLRTC,src=L/Laminate_(Wood).mp4; 1 other variant(s)
land,land,1,https://drive.google.com/drive/folders/1U-Pr4r1-cupgNOOq9NH_uTsQnPSVEKco,data/_source/isl_dictionary/L/Land.mp4,13640,ISLRTC,src=L/Land.mp4; 2 other variant(s)
land_breeze,land breeze,2,https://drive.google.com/drive/folders/1U-Pr4r1-cupgNOOq9NH_uTsQnPSVEKco,data/_source/isl_dictionary/L/Land_Breeze(1).mp4,19792,ISLRTC,src=L/Land_Breeze(1).mp4
land_fill,land fill,2,https://drive.google.com/drive/folders/1U-Pr4r1-cupgNOOq9NH_uTsQnPSVEKco,data/_source/isl_dictionary/L/Land_Fill.mp4,23042,ISLRTC,src=L/Land_Fill.mp4
land_side,land side,2,https://drive.google.com/drive/folders/1U-Pr4r1-cupgNOOq9NH_uTsQnPSVEKco,data/_source/isl_dictionary/L/Land_Side.mp4,25320,ISLRTC,src=L/Land_Side.mp4
landfill,landfill,1,https://drive.google.com/drive/folders/1U-Pr4r1-cupgNOOq9NH_uTsQnPSVEKco,data/_source/isl_dictionary/L/Landfill_(Sign_2).mp4,13360,ISLRTC,src=L/Landfill_(Sign_2).mp4
landing_page,landing page,2,https://drive.google.com/drive/folders/1U-Pr4r1-cupgNOOq9NH_uTsQnPSVEKco,data/_source/isl_dictionary/L/Landing_Page.mp4,23750,ISLRTC,src=L/Landing_Page.mp4
landline_telephone_phoneline,landline telephone phoneline,3,https://drive.google.com/drive/folders/1U-Pr4r1-cupgNOOq9NH_uTsQnPSVEKco,data/_source/isl_dictionary/L/Landline_Telephone_Phoneline_.mp4,10792,ISLRTC,src=L/Landline_Telephone_Phoneline_.mp4
landlord,landlord,1,https://drive.google.com/drive/folders/1U-Pr4r1-cupgNOOq9NH_uTsQnPSVEKco,data/_source/isl_dictionary/L/Landlord.mp4,3560,ISLRTC,src=L/Landlord.mp4
landmass,landmass,1,https://drive.google.com/drive/folders/1U-Pr4r1-cupgNOOq9NH_uTsQnPSVEKco,data/_source/isl_dictionary/L/Landmass.mp4,6375,ISLRTC,src=L/Landmass.mp4
landscape,landscape,1,https://drive.google.com/drive/folders/1U-Pr4r1-cupgNOOq9NH_uTsQnPSVEKco,data/_source/isl_dictionary/L/Landscape.mp4,13840,ISLRTC,src=L/Landscape.mp4
language,language,1,https://drive.google.com/drive/folders/1U-Pr4r1-cupgNOOq9NH_uTsQnPSVEKco,data/_source/isl_dictionary/L/Language.mp4,2640,ISLRTC,src=L/Language.mp4
language_acquisition,language acquisition,2,https://drive.google.com/drive/folders/1U-Pr4r1-cupgNOOq9NH_uTsQnPSVEKco,data/_source/isl_dictionary/L/Language_Acquisition_(Sign).mp4,3744,ISLRTC,src=L/Language_Acquisition_(Sign).mp4
language_change,language change,2,https://drive.google.com/drive/folders/1U-Pr4r1-cupgNOOq9NH_uTsQnPSVEKco,data/_source/isl_dictionary/L/Language_Change.mp4,28792,ISLRTC,src=L/Language_Change.mp4
language_contact,language contact,2,https://drive.google.com/drive/folders/1U-Pr4r1-cupgNOOq9NH_uTsQnPSVEKco,data/_source/isl_dictionary/L/Language_Contact.mp4,16333,ISLRTC,src=L/Language_Contact.mp4
language_death,language death,2,https://drive.google.com/drive/folders/1U-Pr4r1-cupgNOOq9NH_uTsQnPSVEKco,data/_source/isl_dictionary/L/Language_Death.mp4,28292,ISLRTC,src=L/Language_Death.mp4
language_equality,language equality,2,https://drive.google.com/drive/folders/1U-Pr4r1-cupgNOOq9NH_uTsQnPSVEKco,data/_source/isl_dictionary/L/Language_Equality.mp4,28833,ISLRTC,src=L/Language_Equality.mp4
lantana_camera,lantana camera,2,https://drive.google.com/drive/folders/1U-Pr4r1-cupgNOOq9NH_uTsQnPSVEKco,data/_source/isl_dictionary/L/Lantana_Camera.mp4,13840,ISLRTC,src=L/Lantana_Camera.mp4
lantern_oil_lamp,lantern oil lamp,3,https://drive.google.com/drive/folders/1U-Pr4r1-cupgNOOq9NH_uTsQnPSVEKco,data/_source/isl_dictionary/L/Lantern_Oil_Lamp.mp4,5833,ISLRTC,src=L/Lantern_Oil_Lamp.mp4
lapse,lapse,1,https://drive.google.com/drive/folders/1U-Pr4r1-cupgNOOq9NH_uTsQnPSVEKco,data/_source/isl_dictionary/L/Lapse.mp4,17083,ISLRTC,src=L/Lapse.mp4
laptop,laptop,1,https://drive.google.com/drive/folders/1U-Pr4r1-cupgNOOq9NH_uTsQnPSVEKco,data/_source/isl_dictionary/L/Laptop.mp4,4280,ISLRTC,src=L/Laptop.mp4
large,large,1,https://drive.google.com/drive/folders/1U-Pr4r1-cupgNOOq9NH_uTsQnPSVEKco,data/_source/isl_dictionary/L/Large.mp4,3360,ISLRTC,src=L/Large.mp4
large_size_seed_crops,large size seed crops,4,https://drive.google.com/drive/folders/1U-Pr4r1-cupgNOOq9NH_uTsQnPSVEKco,data/_source/isl_dictionary/L/Large_Size_Seed_Crops.mp4,21042,ISLRTC,src=L/Large_Size_Seed_Crops.mp4
larvivorus_fishes,larvivorus fishes,2,https://drive.google.com/drive/folders/1U-Pr4r1-cupgNOOq9NH_uTsQnPSVEKco,data/_source/isl_dictionary/L/Larvivorus_Fishes.mp4,22542,ISLRTC,src=L/Larvivorus_Fishes.mp4
latch_door_latch,latch door latch,3,https://drive.google.com/drive/folders/1U-Pr4r1-cupgNOOq9NH_uTsQnPSVEKco,data/_source/isl_dictionary/L/Latch_Door_Latch.mp4,6200,ISLRTC,src=L/Latch_Door_Latch.mp4
late,late,1,https://drive.google.com/drive/folders/1U-Pr4r1-cupgNOOq9NH_uTsQnPSVEKco,data/_source/isl_dictionary/L/Late_(Sign_2).mp4,2360,ISLRTC,src=L/Late_(Sign_2).mp4
late_blight_of_potato,late blight of potato,4,https://drive.google.com/drive/folders/1U-Pr4r1-cupgNOOq9NH_uTsQnPSVEKco,data/_source/isl_dictionary/L/Late_Blight_of_Potato.mp4,17840,ISLRTC,src=L/Late_Blight_of_Potato.mp4
lather,lather,1,https://drive.google.com/drive/folders/1U-Pr4r1-cupgNOOq9NH_uTsQnPSVEKco,data/_source/isl_dictionary/L/Lather.mp4,20792,ISLRTC,src=L/Lather.mp4
lathi,lathi,1,https://drive.google.com/drive/folders/1U-Pr4r1-cupgNOOq9NH_uTsQnPSVEKco,data/_source/isl_dictionary/L/Lathi.mp4,14400,ISLRTC,src=L/Lathi.mp4
lava,lava,1,https://drive.google.com/drive/folders/1U-Pr4r1-cupgNOOq9NH_uTsQnPSVEKco,data/_source/isl_dictionary/L/Lava.mp4,15864,ISLRTC,src=L/Lava.mp4
law,law,1,https://drive.google.com/drive/folders/1U-Pr4r1-cupgNOOq9NH_uTsQnPSVEKco,data/_source/isl_dictionary/L/Law_(Sign_3).mp4,4000,ISLRTC,src=L/Law_(Sign_3).mp4
lawn,lawn,1,https://drive.google.com/drive/folders/1U-Pr4r1-cupgNOOq9NH_uTsQnPSVEKco,data/_source/isl_dictionary/L/Lawn.mp4,7400,ISLRTC,src=L/Lawn.mp4
lawsonia_alba,lawsonia alba,2,https://drive.google.com/drive/folders/1U-Pr4r1-cupgNOOq9NH_uTsQnPSVEKco,data/_source/isl_dictionary/L/Lawsonia_Alba.mp4,23280,ISLRTC,src=L/Lawsonia_Alba.mp4
lawyer,lawyer,1,https://drive.google.com/drive/folders/1U-Pr4r1-cupgNOOq9NH_uTsQnPSVEKco,data/_source/isl_dictionary/L/Lawyer.mp4,4080,ISLRTC,src=L/Lawyer.mp4
layout,layout,1,https://drive.google.com/drive/folders/1U-Pr4r1-cupgNOOq9NH_uTsQnPSVEKco,data/_source/isl_dictionary/New 2500 ISL Dictionary Videos/BCS/Layout - English.mp4,15820,ISLRTC,src=New 2500 ISL Dictionary Videos/BCS/Layout - English.mp4
leaching,leaching,1,https://drive.google.com/drive/folders/1U-Pr4r1-cupgNOOq9NH_uTsQnPSVEKco,data/_source/isl_dictionary/L/Leaching.mp4,23042,ISLRTC,src=L/Leaching.mp4
leaders,leaders,1,https://drive.google.com/drive/folders/1U-Pr4r1-cupgNOOq9NH_uTsQnPSVEKco,data/_source/isl_dictionary/L/Leaders.mp4,13125,ISLRTC,src=L/Leaders.mp4
leading_life_of_prostitute,leading life of prostitute,4,https://drive.google.com/drive/folders/1U-Pr4r1-cupgNOOq9NH_uTsQnPSVEKco,data/_source/isl_dictionary/L/Leading_Life_of_Prostitute.mp4,21875,ISLRTC,src=L/Leading_Life_of_Prostitute.mp4
leaf_spot,leaf spot,2,https://drive.google.com/drive/folders/1U-Pr4r1-cupgNOOq9NH_uTsQnPSVEKco,data/_source/isl_dictionary/L/Leaf_Spot.mp4,17160,ISLRTC,src=L/Leaf_Spot.mp4
leaf_spring,leaf spring,2,https://drive.google.com/drive/folders/1U-Pr4r1-cupgNOOq9NH_uTsQnPSVEKco,data/_source/isl_dictionary/L/Leaf_Spring_(Sign_2).mp4,13708,ISLRTC,src=L/Leaf_Spring_(Sign_2).mp4
learn,learn,1,https://drive.google.com/drive/folders/1U-Pr4r1-cupgNOOq9NH_uTsQnPSVEKco,data/_source/isl_dictionary/L/Learn.mp4,5520,ISLRTC,src=L/Learn.mp4
leave,leave,1,https://drive.google.com/drive/folders/1U-Pr4r1-cupgNOOq9NH_uTsQnPSVEKco,data/_source/isl_dictionary/L/Leave_(Absent).mp4,6160,ISLRTC,src=L/Leave_(Absent).mp4
leave_account,leave account,2,https://drive.google.com/drive/folders/1U-Pr4r1-cupgNOOq9NH_uTsQnPSVEKco,data/_source/isl_dictionary/L/Leave_Account.mp4,18760,ISLRTC,src=L/Leave_Account.mp4
leaves_propagated_weeds,leaves propagated weeds,3,https://drive.google.com/drive/folders/1U-Pr4r1-cupgNOOq9NH_uTsQnPSVEKco,data/_source/isl_dictionary/L/Leaves_Propagated_Weeds.mp4,17250,ISLRTC,src=L/Leaves_Propagated_Weeds.mp4
led,led,1,https://drive.google.com/drive/folders/1U-Pr4r1-cupgNOOq9NH_uTsQnPSVEKco,data/_source/isl_dictionary/New 2500 ISL Dictionary Videos/Yunikee 1/New English/Led.mp4,27960,ISLRTC,src=New 2500 ISL Dictionary Videos/Yunikee 1/New English/Led.mp4
left,left,1,https://drive.google.com/drive/folders/1U-Pr4r1-cupgNOOq9NH_uTsQnPSVEKco,data/_source/isl_dictionary/L/Left_(Hand).mp4,3720,ISLRTC,src=L/Left_(Hand).mp4
left_democratic_front,left democratic front,3,https://drive.google.com/drive/folders/1U-Pr4r1-cupgNOOq9NH_uTsQnPSVEKco,data/_source/isl_dictionary/L/Left_Democratic_Front_(LDF).mp4,2800,ISLRTC,src=L/Left_Democratic_Front_(LDF).mp4
left_indent,left indent,2,https://drive.google.com/drive/folders/1U-Pr4r1-cupgNOOq9NH_uTsQnPSVEKco,data/_source/isl_dictionary/L/Left_Indent.mp4,7917,ISLRTC,src=L/Left_Indent.mp4
leg_spin,leg spin,2,https://drive.google.com/drive/folders/1U-Pr4r1-cupgNOOq9NH_uTsQnPSVEKco,data/_source/isl_dictionary/L/Leg_Spin.mp4,3083,ISLRTC,src=L/Leg_Spin.mp4
legal_aid_services,legal aid services,3,https://drive.google.com/drive/folders/1U-Pr4r1-cupgNOOq9NH_uTsQnPSVEKco,data/_source/isl_dictionary/MHSL - 259/Legal_Aid_services.mp4,24618,ISLRTC,src=MHSL - 259/Legal_Aid_services.mp4
legalese,legalese,1,https://drive.google.com/drive/folders/1U-Pr4r1-cupgNOOq9NH_uTsQnPSVEKco,data/_source/isl_dictionary/L/Legalese.mp4,14120,ISLRTC,src=L/Legalese.mp4
legcuffs_or_footcuffs_or_shackles,legcuffs or footcuffs or shackles,5,https://drive.google.com/drive/folders/1U-Pr4r1-cupgNOOq9NH_uTsQnPSVEKco,data/_source/isl_dictionary/L/Legcuffs_or_Footcuffs_or_Shackles.mp4,16960,ISLRTC,src=L/Legcuffs_or_Footcuffs_or_Shackles.mp4
legged_robots,legged robots,2,https://drive.google.com/drive/folders/1U-Pr4r1-cupgNOOq9NH_uTsQnPSVEKco,data/_source/isl_dictionary/L/Legged_Robots.mp4,12083,ISLRTC,src=L/Legged_Robots.mp4
legislation,legislation,1,https://drive.google.com/drive/folders/1U-Pr4r1-cupgNOOq9NH_uTsQnPSVEKco,data/_source/isl_dictionary/New 2500 ISL Dictionary Videos/Yunikee 2/English/Legislation.mp4,15520,ISLRTC,src=New 2500 ISL Dictionary Videos/Yunikee 2/English/Legislation.mp4
legislative_assembly,legislative assembly,2,https://drive.google.com/drive/folders/1U-Pr4r1-cupgNOOq9NH_uTsQnPSVEKco,data/_source/isl_dictionary/L/Legislative_Assembly.mp4,20808,ISLRTC,src=L/Legislative_Assembly.mp4
leisure,leisure,1,https://drive.google.com/drive/folders/1U-Pr4r1-cupgNOOq9NH_uTsQnPSVEKco,data/_source/isl_dictionary/L/Leisure.mp4,26417,ISLRTC,src=L/Leisure.mp4
length,length,1,https://drive.google.com/drive/folders/1U-Pr4r1-cupgNOOq9NH_uTsQnPSVEKco,data/_source/isl_dictionary/L/Length.mp4,3160,ISLRTC,src=L/Length.mp4
less,less,1,https://drive.google.com/drive/folders/1U-Pr4r1-cupgNOOq9NH_uTsQnPSVEKco,data/_source/isl_dictionary/L/Less_Few.mp4,3080,ISLRTC,alias of 'less few': dictionary files both words under one sign
less_few,less few,2,https://drive.google.com/drive/folders/1U-Pr4r1-cupgNOOq9NH_uTsQnPSVEKco,data/_source/isl_dictionary/L/Less_Few.mp4,3080,ISLRTC,src=L/Less_Few.mp4
less_than,less than,2,https://drive.google.com/drive/folders/1U-Pr4r1-cupgNOOq9NH_uTsQnPSVEKco,data/_source/isl_dictionary/L/Less_Than.mp4,22042,ISLRTC,src=L/Less_Than.mp4
lesson_plan,lesson plan,2,https://drive.google.com/drive/folders/1U-Pr4r1-cupgNOOq9NH_uTsQnPSVEKco,data/_source/isl_dictionary/L/Lesson_Plan_(Sign).mp4,3336,ISLRTC,src=L/Lesson_Plan_(Sign).mp4
letter,letter,1,https://drive.google.com/drive/folders/1U-Pr4r1-cupgNOOq9NH_uTsQnPSVEKco,data/_source/isl_dictionary/L/Letter.mp4,4360,ISLRTC,src=L/Letter.mp4
level,level,1,https://drive.google.com/drive/folders/1U-Pr4r1-cupgNOOq9NH_uTsQnPSVEKco,data/_source/isl_dictionary/L/Level.mp4,3600,ISLRTC,src=L/Level.mp4
leveling_staff,leveling staff,2,https://drive.google.com/drive/folders/1U-Pr4r1-cupgNOOq9NH_uTsQnPSVEKco,data/_source/isl_dictionary/L/Leveling_Staff.mp4,25500,ISLRTC,src=L/Leveling_Staff.mp4
liberty,liberty,1,https://drive.google.com/drive/folders/1U-Pr4r1-cupgNOOq9NH_uTsQnPSVEKco,data/_source/isl_dictionary/New 2500 ISL Dictionary Videos/BCS/Liberty - English.mp4,24180,ISLRTC,src=New 2500 ISL Dictionary Videos/BCS/Liberty - English.mp4
library,library,1,https://drive.google.com/drive/folders/1U-Pr4r1-cupgNOOq9NH_uTsQnPSVEKco,data/_source/isl_dictionary/L/Library.mp4,3600,ISLRTC,src=L/Library.mp4
libya,libya,1,https://drive.google.com/drive/folders/1U-Pr4r1-cupgNOOq9NH_uTsQnPSVEKco,data/_source/isl_dictionary/L/Libya.mp4,3040,ISLRTC,src=L/Libya.mp4
licence_licencee,licence licencee,2,https://drive.google.com/drive/folders/1U-Pr4r1-cupgNOOq9NH_uTsQnPSVEKco,data/_source/isl_dictionary/L/Licence_Licencee.mp4,14808,ISLRTC,src=L/Licence_Licencee.mp4
license,license,1,https://drive.google.com/drive/folders/1U-Pr4r1-cupgNOOq9NH_uTsQnPSVEKco,data/_source/isl_dictionary/L/License.mp4,4040,ISLRTC,src=L/License.mp4
life,life,1,https://drive.google.com/drive/folders/1U-Pr4r1-cupgNOOq9NH_uTsQnPSVEKco,data/_source/isl_dictionary/L/Life.mp4,4400,ISLRTC,src=L/Life.mp4
life_jacket,life jacket,2,https://drive.google.com/drive/folders/1U-Pr4r1-cupgNOOq9NH_uTsQnPSVEKco,data/_source/isl_dictionary/L/Life_Jacket.mp4,11720,ISLRTC,src=L/Life_Jacket.mp4
lifeskills,lifeskills,1,https://drive.google.com/drive/folders/1U-Pr4r1-cupgNOOq9NH_uTsQnPSVEKco,data/_source/isl_dictionary/MHSL - 259/Lifeskills.mp4,16320,ISLRTC,src=MHSL - 259/Lifeskills.mp4
lifestyle,lifestyle,1,https://drive.google.com/drive/folders/1U-Pr4r1-cupgNOOq9NH_uTsQnPSVEKco,data/_source/isl_dictionary/MHSL - 259/Lifestyle.mp4,27818,ISLRTC,src=MHSL - 259/Lifestyle.mp4
light,light,1,https://drive.google.com/drive/folders/1U-Pr4r1-cupgNOOq9NH_uTsQnPSVEKco,data/_source/isl_dictionary/L/Light_(Less_Weight).mp4,3240,ISLRTC,src=L/Light_(Less_Weight).mp4
lighthouse,lighthouse,1,https://drive.google.com/drive/folders/1U-Pr4r1-cupgNOOq9NH_uTsQnPSVEKco,data/_source/isl_dictionary/L/Lighthouse.mp4,6560,ISLRTC,src=L/Lighthouse.mp4
lighting_control_and_retrofit,lighting control and retrofit,4,https://drive.google.com/drive/folders/1U-Pr4r1-cupgNOOq9NH_uTsQnPSVEKco,data/_source/isl_dictionary/L/Lighting_Control_and_Retrofit.mp4,24000,ISLRTC,src=L/Lighting_Control_and_Retrofit.mp4
lighting_control_system,lighting control system,3,https://drive.google.com/drive/folders/1U-Pr4r1-cupgNOOq9NH_uTsQnPSVEKco,data/_source/isl_dictionary/L/Lighting_Control_System.mp4,23000,ISLRTC,src=L/Lighting_Control_System.mp4
lightning,lightning,1,https://drive.google.com/drive/folders/1U-Pr4r1-cupgNOOq9NH_uTsQnPSVEKco,data/_derived/h264/L/Lightning_(Academic).mp4,25578,ISLRTC,src=L/Lightning_(Academic).mp4; transcoded from hevc
like,like,1,https://drive.google.com/drive/folders/1U-Pr4r1-cupgNOOq9NH_uTsQnPSVEKco,data/_source/isl_dictionary/L/Like_(Social_Media).mp4,3400,ISLRTC,src=L/Like_(Social_Media).mp4; 1 other variant(s)
lilacwater,lilacwater,1,https://drive.google.com/drive/folders/1U-Pr4r1-cupgNOOq9NH_uTsQnPSVEKco,data/_source/isl_dictionary/L/Lilacwater.mp4,12458,ISLRTC,src=L/Lilacwater.mp4
liliaceae_family_of_crops,liliaceae family of crops,4,https://drive.google.com/drive/folders/1U-Pr4r1-cupgNOOq9NH_uTsQnPSVEKco,data/_source/isl_dictionary/L/Liliaceae_Family_of_Crops.mp4,15417,ISLRTC,src=L/Liliaceae_Family_of_Crops.mp4
limit,limit,1,https://drive.google.com/drive/folders/1U-Pr4r1-cupgNOOq9NH_uTsQnPSVEKco,data/_source/isl_dictionary/L/Limit.mp4,3480,ISLRTC,src=L/Limit.mp4
limitation,limitation,1,https://drive.google.com/drive/folders/1U-Pr4r1-cupgNOOq9NH_uTsQnPSVEKco,data/_source/isl_dictionary/L/Limitation.mp4,4667,ISLRTC,src=L/Limitation.mp4
limnology,limnology,1,https://drive.google.com/drive/folders/1U-Pr4r1-cupgNOOq9NH_uTsQnPSVEKco,data/_source/isl_dictionary/L/Limnology.mp4,15833,ISLRTC,src=L/Limnology.mp4
limnology_fishries_pisciculture,limnology fishries pisciculture,3,https://drive.google.com/drive/folders/1U-Pr4r1-cupgNOOq9NH_uTsQnPSVEKco,data/_source/isl_dictionary/L/Limnology_Fishries_Pisciculture.mp4,12500,ISLRTC,src=L/Limnology_Fishries_Pisciculture.mp4
line,line,1,https://drive.google.com/drive/folders/1U-Pr4r1-cupgNOOq9NH_uTsQnPSVEKco,data/_source/isl_dictionary/L/Line.mp4,5880,ISLRTC,src=L/Line.mp4
line_of_collimation,line of collimation,3,https://drive.google.com/drive/folders/1U-Pr4r1-cupgNOOq9NH_uTsQnPSVEKco,data/_source/isl_dictionary/L/Line_of_Collimation.mp4,27375,ISLRTC,src=L/Line_of_Collimation.mp4
line_spacing,line spacing,2,https://drive.google.com/drive/folders/1U-Pr4r1-cupgNOOq9NH_uTsQnPSVEKco,data/_source/isl_dictionary/L/Line_Spacing.mp4,20208,ISLRTC,src=L/Line_Spacing.mp4
lingua_franca,lingua franca,2,https://drive.google.com/drive/folders/1U-Pr4r1-cupgNOOq9NH_uTsQnPSVEKco,data/_source/isl_dictionary/L/Lingua_Franca.mp4,26417,ISLRTC,src=L/Lingua_Franca.mp4
linguistic_diversity,linguistic diversity,2,https://drive.google.com/drive/folders/1U-Pr4r1-cupgNOOq9NH_uTsQnPSVEKco,data/_source/isl_dictionary/L/Linguistic_Diversity.mp4,19333,ISLRTC,src=L/Linguistic_Diversity.mp4
linguistic_minority,linguistic minority,2,https://drive.google.com/drive/folders/1U-Pr4r1-cupgNOOq9NH_uTsQnPSVEKco,data/_source/isl_dictionary/L/Linguistic_Minority.mp4,23667,ISLRTC,src=L/Linguistic_Minority.mp4
linguistics,linguistics,1,https://drive.google.com/drive/folders/1U-Pr4r1-cupgNOOq9NH_uTsQnPSVEKco,data/_source/isl_dictionary/L/Linguistics_(Sign).mp4,3024,ISLRTC,src=L/Linguistics_(Sign).mp4
lintel,lintel,1,https://drive.google.com/drive/folders/1U-Pr4r1-cupgNOOq9NH_uTsQnPSVEKco,data/_source/isl_dictionary/L/Lintel.mp4,4120,ISLRTC,src=L/Lintel.mp4
liquid,liquid,1,https://drive.google.com/drive/folders/1U-Pr4r1-cupgNOOq9NH_uTsQnPSVEKco,data/_source/isl_dictionary/L/Liquid_(Sign).mp4,3096,ISLRTC,src=L/Liquid_(Sign).mp4
liquidity,liquidity,1,https://drive.google.com/drive/folders/1U-Pr4r1-cupgNOOq9NH_uTsQnPSVEKco,data/_source/isl_dictionary/L/Liquidity.mp4,23680,ISLRTC,src=L/Liquidity.mp4
list,list,1,https://drive.google.com/drive/folders/1U-Pr4r1-cupgNOOq9NH_uTsQnPSVEKco,data/_source/isl_dictionary/L/List.mp4,3760,ISLRTC,src=L/List.mp4
listen,listen,1,https://drive.google.com/drive/folders/1U-Pr4r1-cupgNOOq9NH_uTsQnPSVEKco,data/_source/isl_dictionary/L/Listen_(Visual).mp4,3880,ISLRTC,src=L/Listen_(Visual).mp4
litter,litter,1,https://drive.google.com/drive/folders/1U-Pr4r1-cupgNOOq9NH_uTsQnPSVEKco,data/_source/isl_dictionary/L/Litter.mp4,18250,ISLRTC,src=L/Litter.mp4
litter_of_kittens,litter of kittens,3,https://drive.google.com/drive/folders/1U-Pr4r1-cupgNOOq9NH_uTsQnPSVEKco,data/_source/isl_dictionary/L/Litter_of_Kittens.mp4,6042,ISLRTC,src=L/Litter_of_Kittens.mp4
litter_of_puppies,litter of puppies,3,https://drive.google.com/drive/folders/1U-Pr4r1-cupgNOOq9NH_uTsQnPSVEKco,data/_source/isl_dictionary/L/Litter_of_Puppies.mp4,5292,ISLRTC,src=L/Litter_of_Puppies.mp4
little,little,1,https://drive.google.com/drive/folders/1U-Pr4r1-cupgNOOq9NH_uTsQnPSVEKco,data/_source/isl_dictionary/L/Little_Meager.mp4,3520,ISLRTC,alias of 'little meager': dictionary files both words under one sign
little_bee,little bee,2,https://drive.google.com/drive/folders/1U-Pr4r1-cupgNOOq9NH_uTsQnPSVEKco,data/_source/isl_dictionary/L/Little_Bee_(Apis_Florea).mp4,25917,ISLRTC,src=L/Little_Bee_(Apis_Florea).mp4
little_meager,little meager,2,https://drive.google.com/drive/folders/1U-Pr4r1-cupgNOOq9NH_uTsQnPSVEKco,data/_source/isl_dictionary/L/Little_Meager.mp4,3520,ISLRTC,src=L/Little_Meager.mp4
live,live,1,https://drive.google.com/drive/folders/1U-Pr4r1-cupgNOOq9NH_uTsQnPSVEKco,data/_source/isl_dictionary/L/Live.mp4,4400,ISLRTC,src=L/Live.mp4
live_fishes,live fishes,2,https://drive.google.com/drive/folders/1U-Pr4r1-cupgNOOq9NH_uTsQnPSVEKco,data/_source/isl_dictionary/L/Live_Fishes.mp4,29792,ISLRTC,src=L/Live_Fishes.mp4
live_stock_production,live stock production,3,https://drive.google.com/drive/folders/1U-Pr4r1-cupgNOOq9NH_uTsQnPSVEKco,data/_source/isl_dictionary/L/Live_Stock_Production.mp4,19208,ISLRTC,src=L/Live_Stock_Production.mp4
live_training,live training,2,https://drive.google.com/drive/folders/1U-Pr4r1-cupgNOOq9NH_uTsQnPSVEKco,data/_source/isl_dictionary/L/Live_Training.mp4,29640,ISLRTC,src=L/Live_Training.mp4
livein_relationship,livein relationship,2,https://drive.google.com/drive/folders/1U-Pr4r1-cupgNOOq9NH_uTsQnPSVEKco,data/_source/isl_dictionary/L/Live-in_Relationship.mp4,15840,ISLRTC,src=L/Live-in_Relationship.mp4
loading,loading,1,https://drive.google.com/drive/folders/1U-Pr4r1-cupgNOOq9NH_uTsQnPSVEKco,data/_source/isl_dictionary/New 2500 ISL Dictionary Videos/Anuprayaas/English/Loading.mp4,4000,ISLRTC,src=New 2500 ISL Dictionary Videos/Anuprayaas/English/Loading.mp4
loan,loan,1,https://drive.google.com/drive/folders/1U-Pr4r1-cupgNOOq9NH_uTsQnPSVEKco,data/_source/isl_dictionary/L/Loan.mp4,4320,ISLRTC,src=L/Loan.mp4; 1 other variant(s)
local,local,1,https://drive.google.com/drive/folders/1U-Pr4r1-cupgNOOq9NH_uTsQnPSVEKco,data/_source/isl_dictionary/L/Local.mp4,4040,ISLRTC,src=L/Local.mp4
local_data_centre,local data centre,3,https://drive.google.com/drive/folders/1U-Pr4r1-cupgNOOq9NH_uTsQnPSVEKco,data/_source/isl_dictionary/L/Local_Data_Centre.mp4,29875,ISLRTC,src=L/Local_Data_Centre.mp4
local_recording,local recording,2,https://drive.google.com/drive/folders/1U-Pr4r1-cupgNOOq9NH_uTsQnPSVEKco,data/_source/isl_dictionary/L/Local_Recording.mp4,16000,ISLRTC,src=L/Local_Recording.mp4
localized_disease,localized disease,2,https://drive.google.com/drive/folders/1U-Pr4r1-cupgNOOq9NH_uTsQnPSVEKco,data/_source/isl_dictionary/L/Localized_Disease.mp4,25520,ISLRTC,src=L/Localized_Disease.mp4
location,location,1,https://drive.google.com/drive/folders/1U-Pr4r1-cupgNOOq9NH_uTsQnPSVEKco,data/_source/isl_dictionary/L/Location.mp4,3292,ISLRTC,src=L/Location.mp4; 1 other variant(s)
lofts,lofts,1,https://drive.google.com/drive/folders/1U-Pr4r1-cupgNOOq9NH_uTsQnPSVEKco,data/_source/isl_dictionary/L/Lofts.mp4,21625,ISLRTC,src=L/Lofts.mp4
login,login,1,https://drive.google.com/drive/folders/1U-Pr4r1-cupgNOOq9NH_uTsQnPSVEKco,data/_source/isl_dictionary/L/Login.mp4,5760,ISLRTC,src=L/Login.mp4
logo,logo,1,https://drive.google.com/drive/folders/1U-Pr4r1-cupgNOOq9NH_uTsQnPSVEKco,data/_source/isl_dictionary/L/Logo.mp4,5160,ISLRTC,src=L/Logo.mp4
lok_janshakti_party_ljp,lok janshakti party ljp,4,https://drive.google.com/drive/folders/1U-Pr4r1-cupgNOOq9NH_uTsQnPSVEKco,data/_source/isl_dictionary/L/Lok_Janshakti_Party__LJP.mp4,3480,ISLRTC,src=L/Lok_Janshakti_Party__LJP.mp4
lollipop,lollipop,1,https://drive.google.com/drive/folders/1U-Pr4r1-cupgNOOq9NH_uTsQnPSVEKco,data/_source/isl_dictionary/L/Lollipop.mp4,4680,ISLRTC,src=L/Lollipop.mp4
lonely_isolated_alone,lonely isolated alone,3,https://drive.google.com/drive/folders/1U-Pr4r1-cupgNOOq9NH_uTsQnPSVEKco,data/_source/isl_dictionary/L/Lonely_Isolated_Alone.mp4,3880,ISLRTC,src=L/Lonely_Isolated_Alone.mp4
long,long,1,https://drive.google.com/drive/folders/1U-Pr4r1-cupgNOOq9NH_uTsQnPSVEKco,data/_source/isl_dictionary/L/Long.mp4,4280,ISLRTC,src=L/Long.mp4
long_day_plant,long day plant,3,https://drive.google.com/drive/folders/1U-Pr4r1-cupgNOOq9NH_uTsQnPSVEKco,data/_source/isl_dictionary/L/Long_Day_Plant_(LDP).mp4,14417,ISLRTC,src=L/Long_Day_Plant_(LDP).mp4
long_jump,long jump,2,https://drive.google.com/drive/folders/1U-Pr4r1-cupgNOOq9NH_uTsQnPSVEKco,data/_source/isl_dictionary/L/Long_Jump.mp4,2960,ISLRTC,src=L/Long_Jump.mp4
long_term,long term,2,https://drive.google.com/drive/folders/1U-Pr4r1-cupgNOOq9NH_uTsQnPSVEKco,data/_source/isl_dictionary/L/Long_term.mp4,27167,ISLRTC,src=L/Long_term.mp4
longitude,longitude,1,https://drive.google.com/drive/folders/1U-Pr4r1-cupgNOOq9NH_uTsQnPSVEKco,data/_source/isl_dictionary/L/Longitude.mp4,17304,ISLRTC,src=L/Longitude.mp4
longterm,longterm,1,https://drive.google.com/drive/folders/1U-Pr4r1-cupgNOOq9NH_uTsQnPSVEKco,data/_source/isl_dictionary/L/Long-Term.mp4,2750,ISLRTC,src=L/Long-Term.mp4
look,look,1,https://drive.google.com/drive/folders/1U-Pr4r1-cupgNOOq9NH_uTsQnPSVEKco,data/_source/isl_dictionary/L/Look_Gaze_See.mp4,3640,ISLRTC,alias of 'look gaze see': dictionary files three synonyms under one sign
look_gaze_see,look gaze see,3,https://drive.google.com/drive/folders/1U-Pr4r1-cupgNOOq9NH_uTsQnPSVEKco,data/_source/isl_dictionary/L/Look_Gaze_See.mp4,3640,ISLRTC,src=L/Look_Gaze_See.mp4
loose_smut_of_wheat,loose smut of wheat,4,https://drive.google.com/drive/folders/1U-Pr4r1-cupgNOOq9NH_uTsQnPSVEKco,data/_source/isl_dictionary/L/Loose_Smut_of_Wheat.mp4,19000,ISLRTC,src=L/Loose_Smut_of_Wheat.mp4
loose_tracking,loose tracking,2,https://drive.google.com/drive/folders/1U-Pr4r1-cupgNOOq9NH_uTsQnPSVEKco,data/_source/isl_dictionary/L/Loose_Tracking.mp4,16417,ISLRTC,src=L/Loose_Tracking.mp4
loss,loss,1,https://drive.google.com/drive/folders/1U-Pr4r1-cupgNOOq9NH_uTsQnPSVEKco,data/_source/isl_dictionary/L/Loss_(Financial).mp4,28514,ISLRTC,src=L/Loss_(Financial).mp4
losses_due_to_exessive_water,losses due to exessive water,5,https://drive.google.com/drive/folders/1U-Pr4r1-cupgNOOq9NH_uTsQnPSVEKco,data/_source/isl_dictionary/L/Losses_Due_to_Exessive_Water.mp4,9792,ISLRTC,src=L/Losses_Due_to_Exessive_Water.mp4
lottery,lottery,1,https://drive.google.com/drive/folders/1U-Pr4r1-cupgNOOq9NH_uTsQnPSVEKco,data/_source/isl_dictionary/L/Lottery.mp4,3720,ISLRTC,src=L/Lottery.mp4
lotus_temple,lotus temple,2,https://drive.google.com/drive/folders/1U-Pr4r1-cupgNOOq9NH_uTsQnPSVEKco,data/_source/isl_dictionary/L/Lotus_Temple.mp4,5360,ISLRTC,src=L/Lotus_Temple.mp4
louse,louse,1,https://drive.google.com/drive/folders/1U-Pr4r1-cupgNOOq9NH_uTsQnPSVEKco,data/_source/isl_dictionary/L/Louse.mp4,6520,ISLRTC,src=L/Louse.mp4
love,love,1,https://drive.google.com/drive/folders/1U-Pr4r1-cupgNOOq9NH_uTsQnPSVEKco,data/_source/isl_dictionary/L/Love.mp4,2680,ISLRTC,src=L/Love.mp4
love_marriage,love marriage,2,https://drive.google.com/drive/folders/1U-Pr4r1-cupgNOOq9NH_uTsQnPSVEKco,data/_source/isl_dictionary/L/Love_Marriage.mp4,14125,ISLRTC,src=L/Love_Marriage.mp4
low,low,1,https://drive.google.com/drive/folders/1U-Pr4r1-cupgNOOq9NH_uTsQnPSVEKco,data/_source/isl_dictionary/L/Low.mp4,3760,ISLRTC,src=L/Low.mp4
low_lying_area,low lying area,3,https://drive.google.com/drive/folders/1U-Pr4r1-cupgNOOq9NH_uTsQnPSVEKco,data/_source/isl_dictionary/L/Low_Lying_Area.mp4,9083,ISLRTC,src=L/Low_Lying_Area.mp4
lower_court,lower court,2,https://drive.google.com/drive/folders/1U-Pr4r1-cupgNOOq9NH_uTsQnPSVEKco,data/_source/isl_dictionary/L/Lower_Court.mp4,14448,ISLRTC,src=L/Lower_Court.mp4
lower_division_clerk_ldc,lower division clerk ldc,4,https://drive.google.com/drive/folders/1U-Pr4r1-cupgNOOq9NH_uTsQnPSVEKco,data/_source/isl_dictionary/L/Lower_Division_Clerk__LDC.mp4,3833,ISLRTC,src=L/Lower_Division_Clerk__LDC.mp4
lower_third,lower third,2,https://drive.google.com/drive/folders/1U-Pr4r1-cupgNOOq9NH_uTsQnPSVEKco,data/_source/isl_dictionary/L/Lower_Third.mp4,28917,ISLRTC,src=L/Lower_Third.mp4
luck,luck,1,https://drive.google.com/drive/folders/1U-Pr4r1-cupgNOOq9NH_uTsQnPSVEKco,data/_source/isl_dictionary/L/Luck.mp4,3480,ISLRTC,src=L/Luck.mp4
lucknow,lucknow,1,https://drive.google.com/drive/folders/1U-Pr4r1-cupgNOOq9NH_uTsQnPSVEKco,data/_source/isl_dictionary/L/Lucknow.mp4,4320,ISLRTC,src=L/Lucknow.mp4
ludo,ludo,1,https://drive.google.com/drive/folders/1U-Pr4r1-cupgNOOq9NH_uTsQnPSVEKco,data/_source/isl_dictionary/L/Ludo_(Game).mp4,4583,ISLRTC,src=L/Ludo_(Game).mp4
luggage,luggage,1,https://drive.google.com/drive/folders/1U-Pr4r1-cupgNOOq9NH_uTsQnPSVEKco,data/_source/isl_dictionary/L/Luggage.mp4,5120,ISLRTC,src=L/Luggage.mp4
lunar_new_year,lunar new year,3,https://drive.google.com/drive/folders/1U-Pr4r1-cupgNOOq9NH_uTsQnPSVEKco,data/_source/isl_dictionary/New 2500 ISL Dictionary Videos/BCS/Lunar New Year - English.mp4,28340,ISLRTC,src=New 2500 ISL Dictionary Videos/BCS/Lunar New Year - English.mp4
lunch,lunch,1,https://drive.google.com/drive/folders/1U-Pr4r1-cupgNOOq9NH_uTsQnPSVEKco,data/_source/isl_dictionary/L/Lunch.mp4,2800,ISLRTC,src=L/Lunch.mp4
machin_field_efficiency,machin field efficiency,3,https://drive.google.com/drive/folders/1U-Pr4r1-cupgNOOq9NH_uTsQnPSVEKco,data/_source/isl_dictionary/M/Machin_Field_Efficiency.mp4,19240,ISLRTC,src=M/Machin_Field_Efficiency.mp4
machine,machine,1,https://drive.google.com/drive/folders/1U-Pr4r1-cupgNOOq9NH_uTsQnPSVEKco,data/_source/isl_dictionary/M/Machine_(Water_Pump).mp4,8417,ISLRTC,src=M/Machine_(Water_Pump).mp4
machine_control_unit,machine control unit,3,https://drive.google.com/drive/folders/1U-Pr4r1-cupgNOOq9NH_uTsQnPSVEKco,data/_source/isl_dictionary/M/Machine_Control_Unit.mp4,14400,ISLRTC,src=M/Machine_Control_Unit.mp4
madhya_pradesh,madhya pradesh,2,https://drive.google.com/drive/folders/1U-Pr4r1-cupgNOOq9NH_uTsQnPSVEKco,data/_source/isl_dictionary/M/Madhya_Pradesh.mp4,3360,ISLRTC,src=M/Madhya_Pradesh.mp4
magic,magic,1,https://drive.google.com/drive/folders/1U-Pr4r1-cupgNOOq9NH_uTsQnPSVEKco,data/_source/isl_dictionary/M/Magic.mp4,3440,ISLRTC,src=M/Magic.mp4
magnet,magnet,1,https://drive.google.com/drive/folders/1U-Pr4r1-cupgNOOq9NH_uTsQnPSVEKco,data/_source/isl_dictionary/M/Magnet_(Sign_2).mp4,2800,ISLRTC,src=M/Magnet_(Sign_2).mp4
magnetic_ink_character_recognition,magnetic ink character recognition,4,https://drive.google.com/drive/folders/1U-Pr4r1-cupgNOOq9NH_uTsQnPSVEKco,data/_source/isl_dictionary/M/Magnetic_Ink_Character_Recognition.mp4,14000,ISLRTC,src=M/Magnetic_Ink_Character_Recognition.mp4
maha_shivaratri,maha shivaratri,2,https://drive.google.com/drive/folders/1U-Pr4r1-cupgNOOq9NH_uTsQnPSVEKco,data/_source/isl_dictionary/M/Maha_Shivaratri_(Sign_3).mp4,3560,ISLRTC,src=M/Maha_Shivaratri_(Sign_3).mp4
maharashtra,maharashtra,1,https://drive.google.com/drive/folders/1U-Pr4r1-cupgNOOq9NH_uTsQnPSVEKco,data/_source/isl_dictionary/M/Maharashtra.mp4,3360,ISLRTC,src=M/Maharashtra.mp4
mahavir,mahavir,1,https://drive.google.com/drive/folders/1U-Pr4r1-cupgNOOq9NH_uTsQnPSVEKco,data/_source/isl_dictionary/M/Mahavir.mp4,3080,ISLRTC,src=M/Mahavir.mp4
maiden_over,maiden over,2,https://drive.google.com/drive/folders/1U-Pr4r1-cupgNOOq9NH_uTsQnPSVEKco,data/_source/isl_dictionary/M/Maiden_Over.mp4,4375,ISLRTC,src=M/Maiden_Over.mp4
main_objectives_of_lawn,main objectives of lawn,4,https://drive.google.com/drive/folders/1U-Pr4r1-cupgNOOq9NH_uTsQnPSVEKco,data/_source/isl_dictionary/M/Main_Objectives_of_Lawn.mp4,24080,ISLRTC,src=M/Main_Objectives_of_Lawn.mp4
mainiature_garden,mainiature garden,2,https://drive.google.com/drive/folders/1U-Pr4r1-cupgNOOq9NH_uTsQnPSVEKco,data/_source/isl_dictionary/M/Mainiature_Garden.mp4,15920,ISLRTC,src=M/Mainiature_Garden.mp4
maintenance,maintenance,1,https://drive.google.com/drive/folders/1U-Pr4r1-cupgNOOq9NH_uTsQnPSVEKco,data/_source/isl_dictionary/New 2500 ISL Dictionary Videos/BCS/Maintenance - English.mp4,21000,ISLRTC,src=New 2500 ISL Dictionary Videos/BCS/Maintenance - English.mp4
make,make,1,https://drive.google.com/drive/folders/1U-Pr4r1-cupgNOOq9NH_uTsQnPSVEKco,data/_source/isl_dictionary/M/Make.mp4,3880,ISLRTC,src=M/Make.mp4
man,man,1,https://drive.google.com/drive/folders/1U-Pr4r1-cupgNOOq9NH_uTsQnPSVEKco,data/_source/isl_dictionary/M/Man.mp4,3840,ISLRTC,src=M/Man.mp4
manager,manager,1,https://drive.google.com/drive/folders/1U-Pr4r1-cupgNOOq9NH_uTsQnPSVEKco,data/_source/isl_dictionary/M/Manager.mp4,5760,ISLRTC,src=M/Manager.mp4
manipur,manipur,1,https://drive.google.com/drive/folders/1U-Pr4r1-cupgNOOq9NH_uTsQnPSVEKco,data/_source/isl_dictionary/M/Manipur.mp4,3360,ISLRTC,src=M/Manipur.mp4; 1 other variant(s)
many,many,1,https://drive.google.com/drive/folders/1U-Pr4r1-cupgNOOq9NH_uTsQnPSVEKco,data/_source/isl_dictionary/M/Many_Numerous.mp4,3320,ISLRTC,alias of 'many numerous': dictionary files both words under one sign
many_numerous,many numerous,2,https://drive.google.com/drive/folders/1U-Pr4r1-cupgNOOq9NH_uTsQnPSVEKco,data/_source/isl_dictionary/M/Many_Numerous.mp4,3320,ISLRTC,src=M/Many_Numerous.mp4
map,map,1,https://drive.google.com/drive/folders/1U-Pr4r1-cupgNOOq9NH_uTsQnPSVEKco,data/_derived/h264/M/Map.mp4,5928,ISLRTC,src=M/Map.mpg; transcoded from mpeg2video
marble_engraving_machine,marble engraving machine,3,https://drive.google.com/drive/folders/1U-Pr4r1-cupgNOOq9NH_uTsQnPSVEKco,data/_source/isl_dictionary/M/Marble_Engraving_Machine.mp4,19875,ISLRTC,src=M/Marble_Engraving_Machine.mp4
march,march,1,https://drive.google.com/drive/folders/1U-Pr4r1-cupgNOOq9NH_uTsQnPSVEKco,data/_source/isl_dictionary/M/March.mp4,4680,ISLRTC,src=M/March.mp4
margin,margin,1,https://drive.google.com/drive/folders/1U-Pr4r1-cupgNOOq9NH_uTsQnPSVEKco,data/_source/isl_dictionary/M/Margin.mp4,24566,ISLRTC,src=M/Margin.mp4
margin_call,margin call,2,https://drive.google.com/drive/folders/1U-Pr4r1-cupgNOOq9NH_uTsQnPSVEKco,data/_source/isl_dictionary/M/Margin_call.mp4,22825,ISLRTC,src=M/Margin_call.mp4
margin_difference,margin difference,2,https://drive.google.com/drive/folders/1U-Pr4r1-cupgNOOq9NH_uTsQnPSVEKco,data/_source/isl_dictionary/M/Margin_Difference_(Numbers).mp4,13500,ISLRTC,src=M/Margin_Difference_(Numbers).mp4
marginal_weeds_deep_water_rooted_plants,marginal weeds deep water rooted plants,6,https://drive.google.com/drive/folders/1U-Pr4r1-cupgNOOq9NH_uTsQnPSVEKco,data/_source/isl_dictionary/M/Marginal_Weeds_Deep_Water_Rooted_Plants.mp4,15792,ISLRTC,src=M/Marginal_Weeds_Deep_Water_Rooted_Plants.mp4
marinade,marinade,1,https://drive.google.com/drive/folders/1U-Pr4r1-cupgNOOq9NH_uTsQnPSVEKco,data/_source/isl_dictionary/M/Marinade.mp4,15958,ISLRTC,src=M/Marinade.mp4
marine_fisheries,marine fisheries,2,https://drive.google.com/drive/folders/1U-Pr4r1-cupgNOOq9NH_uTsQnPSVEKco,data/_source/isl_dictionary/M/Marine_Fisheries.mp4,17250,ISLRTC,src=M/Marine_Fisheries.mp4
mark_to_market_margin,mark to market margin,4,https://drive.google.com/drive/folders/1U-Pr4r1-cupgNOOq9NH_uTsQnPSVEKco,data/_source/isl_dictionary/M/Mark_to_market_margin.mp4,26819,ISLRTC,src=M/Mark_to_market_margin.mp4
market,market,1,https://drive.google.com/drive/folders/1U-Pr4r1-cupgNOOq9NH_uTsQnPSVEKco,data/_source/isl_dictionary/M/Market.mp4,3720,ISLRTC,src=M/Market.mp4
marketing_of_vegetables,marketing of vegetables,3,https://drive.google.com/drive/folders/1U-Pr4r1-cupgNOOq9NH_uTsQnPSVEKco,data/_source/isl_dictionary/M/Marketing_of_Vegetables.mp4,11520,ISLRTC,src=M/Marketing_of_Vegetables.mp4
mash,mash,1,https://drive.google.com/drive/folders/1U-Pr4r1-cupgNOOq9NH_uTsQnPSVEKco,data/_source/isl_dictionary/M/Mash.mp4,22760,ISLRTC,src=M/Mash.mp4
mask,mask,1,https://drive.google.com/drive/folders/1U-Pr4r1-cupgNOOq9NH_uTsQnPSVEKco,data/_source/isl_dictionary/M/Mask.mp4,10560,ISLRTC,src=M/Mask.mp4
mason,mason,1,https://drive.google.com/drive/folders/1U-Pr4r1-cupgNOOq9NH_uTsQnPSVEKco,data/_source/isl_dictionary/M/Mason.mp4,4320,ISLRTC,src=M/Mason.mp4
mass_tourism,mass tourism,2,https://drive.google.com/drive/folders/1U-Pr4r1-cupgNOOq9NH_uTsQnPSVEKco,data/_source/isl_dictionary/M/Mass_Tourism.mp4,24458,ISLRTC,src=M/Mass_Tourism.mp4
master_of_education,master of education,3,https://drive.google.com/drive/folders/1U-Pr4r1-cupgNOOq9NH_uTsQnPSVEKco,data/_source/isl_dictionary/M/Master_of_Education_(M_Ed).mp4,7792,ISLRTC,src=M/Master_of_Education_(M_Ed).mp4
master_of_philosophy,master of philosophy,3,https://drive.google.com/drive/folders/1U-Pr4r1-cupgNOOq9NH_uTsQnPSVEKco,data/_source/isl_dictionary/M/Master_of_Philosophy_(M_Phil).mp4,15583,ISLRTC,src=M/Master_of_Philosophy_(M_Phil).mp4
mastitis,mastitis,1,https://drive.google.com/drive/folders/1U-Pr4r1-cupgNOOq9NH_uTsQnPSVEKco,data/_source/isl_dictionary/M/Mastitis.mp4,17250,ISLRTC,src=M/Mastitis.mp4
masturbation,masturbation,1,https://drive.google.com/drive/folders/1U-Pr4r1-cupgNOOq9NH_uTsQnPSVEKco,data/_source/isl_dictionary/M/Masturbation_(Females).mp4,5167,ISLRTC,src=M/Masturbation_(Females).mp4; 1 other variant(s)
match,match,1,https://drive.google.com/drive/folders/1U-Pr4r1-cupgNOOq9NH_uTsQnPSVEKco,data/_source/isl_dictionary/M/Match_(Competition_Sports).mp4,3200,ISLRTC,src=M/Match_(Competition_Sports).mp4
match_cut,match cut,2,https://drive.google.com/drive/folders/1U-Pr4r1-cupgNOOq9NH_uTsQnPSVEKco,data/_source/isl_dictionary/M/Match_Cut.mp4,22875,ISLRTC,src=M/Match_Cut.mp4
material,material,1,https://drive.google.com/drive/folders/1U-Pr4r1-cupgNOOq9NH_uTsQnPSVEKco,data/_source/isl_dictionary/M/Material.mp4,4840,ISLRTC,src=M/Material.mp4
mating_method_of_poultry,mating method of poultry,4,https://drive.google.com/drive/folders/1U-Pr4r1-cupgNOOq9NH_uTsQnPSVEKco,data/_source/isl_dictionary/M/Mating_Method_of_Poultry.mp4,13917,ISLRTC,src=M/Mating_Method_of_Poultry.mp4
matrimonial_home,matrimonial home,2,https://drive.google.com/drive/folders/1U-Pr4r1-cupgNOOq9NH_uTsQnPSVEKco,data/_source/isl_dictionary/M/Matrimonial_Home.mp4,9984,ISLRTC,src=M/Matrimonial_Home.mp4
mattress,mattress,1,https://drive.google.com/drive/folders/1U-Pr4r1-cupgNOOq9NH_uTsQnPSVEKco,data/_source/isl_dictionary/M/Mattress.mp4,8040,ISLRTC,src=M/Mattress.mp4
mature,mature,1,https://drive.google.com/drive/folders/1U-Pr4r1-cupgNOOq9NH_uTsQnPSVEKco,data/_source/isl_dictionary/M/Mature.mp4,12160,ISLRTC,src=M/Mature.mp4
mausi,mausi,1,https://drive.google.com/drive/folders/1U-Pr4r1-cupgNOOq9NH_uTsQnPSVEKco,data/_source/isl_dictionary/M/Mausi.mp4,3181,ISLRTC,src=M/Mausi.mp4
maximum,maximum,1,https://drive.google.com/drive/folders/1U-Pr4r1-cupgNOOq9NH_uTsQnPSVEKco,data/_source/isl_dictionary/M/Maximum.mp4,3240,ISLRTC,src=M/Maximum.mp4
may,may,1,https://drive.google.com/drive/folders/1U-Pr4r1-cupgNOOq9NH_uTsQnPSVEKco,data/_source/isl_dictionary/M/May.mp4,4360,ISLRTC,src=M/May.mp4
maya,maya,1,https://drive.google.com/drive/folders/1U-Pr4r1-cupgNOOq9NH_uTsQnPSVEKco,data/_source/isl_dictionary/M/Maya.mp4,17250,ISLRTC,src=M/Maya.mp4
maybe,maybe,1,https://drive.google.com/drive/folders/1U-Pr4r1-cupgNOOq9NH_uTsQnPSVEKco,data/_source/isl_dictionary/M/Maybe.mp4,2560,ISLRTC,src=M/Maybe.mp4
mean,mean,1,https://drive.google.com/drive/folders/1U-Pr4r1-cupgNOOq9NH_uTsQnPSVEKco,data/_source/isl_dictionary/M/Mean_(Sign_2).mp4,3840,ISLRTC,src=M/Mean_(Sign_2).mp4
measure,measure,1,https://drive.google.com/drive/folders/1U-Pr4r1-cupgNOOq9NH_uTsQnPSVEKco,data/_source/isl_dictionary/M/Measure.mp4,3680,ISLRTC,src=M/Measure.mp4
mechanical_edging,mechanical edging,2,https://drive.google.com/drive/folders/1U-Pr4r1-cupgNOOq9NH_uTsQnPSVEKco,data/_source/isl_dictionary/M/Mechanical_Edging.mp4,25360,ISLRTC,src=M/Mechanical_Edging.mp4
mechanical_methods,mechanical methods,2,https://drive.google.com/drive/folders/1U-Pr4r1-cupgNOOq9NH_uTsQnPSVEKco,data/_source/isl_dictionary/M/Mechanical_Methods.mp4,27480,ISLRTC,src=M/Mechanical_Methods.mp4
medical_examination,medical examination,2,https://drive.google.com/drive/folders/1U-Pr4r1-cupgNOOq9NH_uTsQnPSVEKco,data/_source/isl_dictionary/M/Medical_Examination.mp4,16042,ISLRTC,src=M/Medical_Examination.mp4
medical_model_of_disability,medical model of disability,4,https://drive.google.com/drive/folders/1U-Pr4r1-cupgNOOq9NH_uTsQnPSVEKco,data/_source/isl_dictionary/M/Medical_Model_of_Disability_(Sign_2).mp4,4400,ISLRTC,src=M/Medical_Model_of_Disability_(Sign_2).mp4
medical_robot,medical robot,2,https://drive.google.com/drive/folders/1U-Pr4r1-cupgNOOq9NH_uTsQnPSVEKco,data/_source/isl_dictionary/M/Medical_Robot.mp4,24167,ISLRTC,src=M/Medical_Robot.mp4
medicine,medicine,1,https://drive.google.com/drive/folders/1U-Pr4r1-cupgNOOq9NH_uTsQnPSVEKco,data/_source/isl_dictionary/M/Medicine.mp4,3280,ISLRTC,src=M/Medicine.mp4
mediocre_average,mediocre average,2,https://drive.google.com/drive/folders/1U-Pr4r1-cupgNOOq9NH_uTsQnPSVEKco,data/_source/isl_dictionary/M/Mediocre_Average.mp4,29440,ISLRTC,src=M/Mediocre_Average.mp4
medium,medium,1,https://drive.google.com/drive/folders/1U-Pr4r1-cupgNOOq9NH_uTsQnPSVEKco,data/_source/isl_dictionary/M/Medium.mp4,10840,ISLRTC,src=M/Medium.mp4
medium_shrubs,medium shrubs,2,https://drive.google.com/drive/folders/1U-Pr4r1-cupgNOOq9NH_uTsQnPSVEKco,data/_source/isl_dictionary/M/Medium_Shrubs.mp4,7880,ISLRTC,src=M/Medium_Shrubs.mp4
meet,meet,1,https://drive.google.com/drive/folders/1U-Pr4r1-cupgNOOq9NH_uTsQnPSVEKco,data/_source/isl_dictionary/M/Meet.mp4,3480,ISLRTC,src=M/Meet.mp4
meeting,meeting,1,https://drive.google.com/drive/folders/1U-Pr4r1-cupgNOOq9NH_uTsQnPSVEKco,data/_source/isl_dictionary/M/Meeting.mp4,3480,ISLRTC,src=M/Meeting.mp4
meeting_point,meeting point,2,https://drive.google.com/drive/folders/1U-Pr4r1-cupgNOOq9NH_uTsQnPSVEKco,data/_source/isl_dictionary/M/Meeting_Point.mp4,7292,ISLRTC,src=M/Meeting_Point.mp4
meeting_reactions,meeting reactions,2,https://drive.google.com/drive/folders/1U-Pr4r1-cupgNOOq9NH_uTsQnPSVEKco,data/_source/isl_dictionary/M/Meeting_Reactions.mp4,22000,ISLRTC,src=M/Meeting_Reactions.mp4
meghalaya,meghalaya,1,https://drive.google.com/drive/folders/1U-Pr4r1-cupgNOOq9NH_uTsQnPSVEKco,data/_source/isl_dictionary/M/Meghalaya.mp4,3840,ISLRTC,src=M/Meghalaya.mp4; 1 other variant(s)
melanin,melanin,1,https://drive.google.com/drive/folders/1U-Pr4r1-cupgNOOq9NH_uTsQnPSVEKco,data/_source/isl_dictionary/M/Melanin.mp4,3760,ISLRTC,src=M/Melanin.mp4
melanocyte,melanocyte,1,https://drive.google.com/drive/folders/1U-Pr4r1-cupgNOOq9NH_uTsQnPSVEKco,data/_source/isl_dictionary/M/Melanocyte.mp4,3320,ISLRTC,src=M/Melanocyte.mp4
memorandum_of_understanding,memorandum of understanding,3,https://drive.google.com/drive/folders/1U-Pr4r1-cupgNOOq9NH_uTsQnPSVEKco,data/_source/isl_dictionary/M/Memorandum_of_Understanding_(MoU).mp4,17292,ISLRTC,src=M/Memorandum_of_Understanding_(MoU).mp4
memory_bank,memory bank,2,https://drive.google.com/drive/folders/1U-Pr4r1-cupgNOOq9NH_uTsQnPSVEKco,data/_source/isl_dictionary/M/Memory_Bank.mp4,24292,ISLRTC,src=M/Memory_Bank.mp4
mental_health,mental health,2,https://drive.google.com/drive/folders/1U-Pr4r1-cupgNOOq9NH_uTsQnPSVEKco,data/_source/isl_dictionary/MHSL - 259/Mental_Health.mp4,26005,ISLRTC,src=MHSL - 259/Mental_Health.mp4
mental_health_aid,mental health aid,3,https://drive.google.com/drive/folders/1U-Pr4r1-cupgNOOq9NH_uTsQnPSVEKco,data/_source/isl_dictionary/MHSL - 259/Mental_health_aid.mp4,14250,ISLRTC,src=MHSL - 259/Mental_health_aid.mp4
mental_health_legislation,mental health legislation,3,https://drive.google.com/drive/folders/1U-Pr4r1-cupgNOOq9NH_uTsQnPSVEKco,data/_source/isl_dictionary/MHSL - 259/Mental_Health_Legislation.mp4,22485,ISLRTC,src=MHSL - 259/Mental_Health_Legislation.mp4
mental_health_policy,mental health policy,3,https://drive.google.com/drive/folders/1U-Pr4r1-cupgNOOq9NH_uTsQnPSVEKco,data/_source/isl_dictionary/MHSL - 259/Mental_health_policy.mp4,21738,ISLRTC,src=MHSL - 259/Mental_health_policy.mp4
mental_health_professional,mental health professional,3,https://drive.google.com/drive/folders/1U-Pr4r1-cupgNOOq9NH_uTsQnPSVEKco,data/_source/isl_dictionary/MHSL - 259/Mental_health_professional.mp4,19605,ISLRTC,src=MHSL - 259/Mental_health_professional.mp4
mental_health_promotion,mental health promotion,3,https://drive.google.com/drive/folders/1U-Pr4r1-cupgNOOq9NH_uTsQnPSVEKco,data/_source/isl_dictionary/MHSL - 259/Mental_health_promotion.mp4,15978,ISLRTC,src=MHSL - 259/Mental_health_promotion.mp4
mental_health_services,mental health services,3,https://drive.google.com/drive/folders/1U-Pr4r1-cupgNOOq9NH_uTsQnPSVEKco,data/_source/isl_dictionary/MHSL - 259/Mental_Health_Services.mp4,22762,ISLRTC,src=MHSL - 259/Mental_Health_Services.mp4
menu,menu,1,https://drive.google.com/drive/folders/1U-Pr4r1-cupgNOOq9NH_uTsQnPSVEKco,data/_source/isl_dictionary/M/Menu.mp4,4800,ISLRTC,src=M/Menu.mp4
meow,meow,1,https://drive.google.com/drive/folders/1U-Pr4r1-cupgNOOq9NH_uTsQnPSVEKco,data/_source/isl_dictionary/M/Meow.mp4,6167,ISLRTC,src=M/Meow.mp4
message,message,1,https://drive.google.com/drive/folders/1U-Pr4r1-cupgNOOq9NH_uTsQnPSVEKco,data/_source/isl_dictionary/M/Message_(Video).mp4,4667,ISLRTC,src=M/Message_(Video).mp4
message_send,message send,2,https://drive.google.com/drive/folders/1U-Pr4r1-cupgNOOq9NH_uTsQnPSVEKco,data/_source/isl_dictionary/M/Message_Send.mp4,2750,ISLRTC,src=M/Message_Send.mp4
messages,messages,1,https://drive.google.com/drive/folders/1U-Pr4r1-cupgNOOq9NH_uTsQnPSVEKco,data/_source/isl_dictionary/M/Messages_(Videos).mp4,5833,ISLRTC,src=M/Messages_(Videos).mp4
metal,metal,1,https://drive.google.com/drive/folders/1U-Pr4r1-cupgNOOq9NH_uTsQnPSVEKco,data/_source/isl_dictionary/M/Metal.mp4,4800,ISLRTC,src=M/Metal.mp4
metamorphic_rocks,metamorphic rocks,2,https://drive.google.com/drive/folders/1U-Pr4r1-cupgNOOq9NH_uTsQnPSVEKco,data/_source/isl_dictionary/M/Metamorphic_Rocks.mp4,28560,ISLRTC,src=M/Metamorphic_Rocks.mp4
method,method,1,https://drive.google.com/drive/folders/1U-Pr4r1-cupgNOOq9NH_uTsQnPSVEKco,data/_source/isl_dictionary/M/Method.mp4,4080,ISLRTC,src=M/Method.mp4
methods_of_canning,methods of canning,3,https://drive.google.com/drive/folders/1U-Pr4r1-cupgNOOq9NH_uTsQnPSVEKco,data/_source/isl_dictionary/M/Methods_of_Canning.mp4,17667,ISLRTC,src=M/Methods_of_Canning.mp4
methods_of_drainage,methods of drainage,3,https://drive.google.com/drive/folders/1U-Pr4r1-cupgNOOq9NH_uTsQnPSVEKco,data/_source/isl_dictionary/M/Methods_of_Drainage.mp4,8625,ISLRTC,src=M/Methods_of_Drainage.mp4
methods_of_plantation,methods of plantation,3,https://drive.google.com/drive/folders/1U-Pr4r1-cupgNOOq9NH_uTsQnPSVEKco,data/_source/isl_dictionary/M/Methods_of_Plantation.mp4,18840,ISLRTC,src=M/Methods_of_Plantation.mp4
methods_of_planting_lawn,methods of planting lawn,4,https://drive.google.com/drive/folders/1U-Pr4r1-cupgNOOq9NH_uTsQnPSVEKco,data/_source/isl_dictionary/M/Methods_of_Planting_Lawn.mp4,16760,ISLRTC,src=M/Methods_of_Planting_Lawn.mp4
metropolitan_area_network,metropolitan area network,3,https://drive.google.com/drive/folders/1U-Pr4r1-cupgNOOq9NH_uTsQnPSVEKco,data/_source/isl_dictionary/M/Metropolitan_Area_Network.mp4,16083,ISLRTC,src=M/Metropolitan_Area_Network.mp4
metropolitan_development_authority,metropolitan development authority,3,https://drive.google.com/drive/folders/1U-Pr4r1-cupgNOOq9NH_uTsQnPSVEKco,data/_source/isl_dictionary/M/Metropolitan_Development_Authority.mp4,24000,ISLRTC,src=M/Metropolitan_Development_Authority.mp4
mexico,mexico,1,https://drive.google.com/drive/folders/1U-Pr4r1-cupgNOOq9NH_uTsQnPSVEKco,data/_source/isl_dictionary/M/Mexico.mp4,2640,ISLRTC,src=M/Mexico.mp4
micr_code,micr code,2,https://drive.google.com/drive/folders/1U-Pr4r1-cupgNOOq9NH_uTsQnPSVEKco,data/_source/isl_dictionary/M/MICR_Code.mp4,29808,ISLRTC,src=M/MICR_Code.mp4
microbiology,microbiology,1,https://drive.google.com/drive/folders/1U-Pr4r1-cupgNOOq9NH_uTsQnPSVEKco,data/_source/isl_dictionary/M/Microbiology.mp4,2720,ISLRTC,src=M/Microbiology.mp4
microscope,microscope,1,https://drive.google.com/drive/folders/1U-Pr4r1-cupgNOOq9NH_uTsQnPSVEKco,data/_source/isl_dictionary/M/Microscope.mp4,2320,ISLRTC,src=M/Microscope.mp4
microsoft_edge,microsoft edge,2,https://drive.google.com/drive/folders/1U-Pr4r1-cupgNOOq9NH_uTsQnPSVEKco,data/_source/isl_dictionary/M/Microsoft_Edge.mp4,21375,ISLRTC,src=M/Microsoft_Edge.mp4
microsoft_outlook_plugin,microsoft outlook plugin,3,https://drive.google.com/drive/folders/1U-Pr4r1-cupgNOOq9NH_uTsQnPSVEKco,data/_source/isl_dictionary/M/Microsoft_Outlook_Plugin.mp4,24500,ISLRTC,src=M/Microsoft_Outlook_Plugin.mp4; 1 other variant(s)
microsoft_teams,microsoft teams,2,https://drive.google.com/drive/folders/1U-Pr4r1-cupgNOOq9NH_uTsQnPSVEKco,data/_source/isl_dictionary/M/Microsoft_Teams.mp4,16542,ISLRTC,src=M/Microsoft_Teams.mp4
microwave_oven,microwave oven,2,https://drive.google.com/drive/folders/1U-Pr4r1-cupgNOOq9NH_uTsQnPSVEKco,data/_source/isl_dictionary/M/Microwave_Oven.mp4,6000,ISLRTC,src=M/Microwave_Oven.mp4
middle,middle,1,https://drive.google.com/drive/folders/1U-Pr4r1-cupgNOOq9NH_uTsQnPSVEKco,data/_source/isl_dictionary/M/Middle.mp4,3800,ISLRTC,src=M/Middle.mp4
might,might,1,https://drive.google.com/drive/folders/1U-Pr4r1-cupgNOOq9NH_uTsQnPSVEKco,data/_source/isl_dictionary/M/Might.mp4,2800,ISLRTC,src=M/Might.mp4
mild_hearing_loss,mild hearing loss,3,https://drive.google.com/drive/folders/1U-Pr4r1-cupgNOOq9NH_uTsQnPSVEKco,data/_source/isl_dictionary/M/Mild_Hearing_Loss.mp4,15625,ISLRTC,src=M/Mild_Hearing_Loss.mp4
military_robot,military robot,2,https://drive.google.com/drive/folders/1U-Pr4r1-cupgNOOq9NH_uTsQnPSVEKco,data/_source/isl_dictionary/M/Military_Robot.mp4,21500,ISLRTC,src=M/Military_Robot.mp4
milk,milk,1,https://drive.google.com/drive/folders/1U-Pr4r1-cupgNOOq9NH_uTsQnPSVEKco,data/_source/isl_dictionary/M/Milk.mp4,3560,ISLRTC,src=M/Milk.mp4
milk_adultration,milk adultration,2,https://drive.google.com/drive/folders/1U-Pr4r1-cupgNOOq9NH_uTsQnPSVEKco,data/_source/isl_dictionary/M/Milk_Adultration.mp4,8625,ISLRTC,src=M/Milk_Adultration.mp4
milk_cream_malai,milk cream malai,3,https://drive.google.com/drive/folders/1U-Pr4r1-cupgNOOq9NH_uTsQnPSVEKco,data/_source/isl_dictionary/M/Milk_Cream_Malai.mp4,8160,ISLRTC,src=M/Milk_Cream_Malai.mp4
milk_powder,milk powder,2,https://drive.google.com/drive/folders/1U-Pr4r1-cupgNOOq9NH_uTsQnPSVEKco,data/_source/isl_dictionary/M/Milk_Powder.mp4,6208,ISLRTC,src=M/Milk_Powder.mp4
milk_secretion,milk secretion,2,https://drive.google.com/drive/folders/1U-Pr4r1-cupgNOOq9NH_uTsQnPSVEKco,data/_source/isl_dictionary/M/Milk_Secretion.mp4,10083,ISLRTC,src=M/Milk_Secretion.mp4
milkman,milkman,1,https://drive.google.com/drive/folders/1U-Pr4r1-cupgNOOq9NH_uTsQnPSVEKco,data/_source/isl_dictionary/M/Milkman.mp4,5280,ISLRTC,src=M/Milkman.mp4
mince,mince,1,https://drive.google.com/drive/folders/1U-Pr4r1-cupgNOOq9NH_uTsQnPSVEKco,data/_source/isl_dictionary/M/Mince.mp4,10480,ISLRTC,src=M/Mince.mp4
mind_your_language_watch_your_language,mind your language watch your language,6,https://drive.google.com/drive/folders/1U-Pr4r1-cupgNOOq9NH_uTsQnPSVEKco,data/_source/isl_dictionary/M/Mind_Your_Language_Watch_Your_Language.mp4,27875,ISLRTC,src=M/Mind_Your_Language_Watch_Your_Language.mp4
mineral_matter,mineral matter,2,https://drive.google.com/drive/folders/1U-Pr4r1-cupgNOOq9NH_uTsQnPSVEKco,data/_source/isl_dictionary/M/Mineral_Matter.mp4,10000,ISLRTC,src=M/Mineral_Matter.mp4
minister,minister,1,https://drive.google.com/drive/folders/1U-Pr4r1-cupgNOOq9NH_uTsQnPSVEKco,data/_source/isl_dictionary/M/Minister.mp4,3920,ISLRTC,src=M/Minister.mp4
ministry_of_education,ministry of education,3,https://drive.google.com/drive/folders/1U-Pr4r1-cupgNOOq9NH_uTsQnPSVEKco,data/_source/isl_dictionary/M/Ministry_of_Education_(MoE).mp4,5042,ISLRTC,src=M/Ministry_of_Education_(MoE).mp4
ministry_of_health_and_family_welfare,ministry of health and family welfare,6,https://drive.google.com/drive/folders/1U-Pr4r1-cupgNOOq9NH_uTsQnPSVEKco,data/_source/isl_dictionary/M/Ministry_of_Health_and_Family_Welfare_(MHFW).mp4,9875,ISLRTC,src=M/Ministry_of_Health_and_Family_Welfare_(MHFW).mp4
ministry_of_human_resource_development,ministry of human resource development,5,https://drive.google.com/drive/folders/1U-Pr4r1-cupgNOOq9NH_uTsQnPSVEKco,data/_source/isl_dictionary/M/Ministry_of_Human_Resource_Development_(MHRD).mp4,27083,ISLRTC,src=M/Ministry_of_Human_Resource_Development_(MHRD).mp4
ministry_of_women_and_child_development,ministry of women and child development,6,https://drive.google.com/drive/folders/1U-Pr4r1-cupgNOOq9NH_uTsQnPSVEKco,data/_source/isl_dictionary/M/Ministry_of_Women_and_Child_Development_(MWCD).mp4,13333,ISLRTC,src=M/Ministry_of_Women_and_Child_Development_(MWCD).mp4
minor,minor,1,https://drive.google.com/drive/folders/1U-Pr4r1-cupgNOOq9NH_uTsQnPSVEKco,data/_source/isl_dictionary/M/Minor.mp4,7824,ISLRTC,src=M/Minor.mp4
mirror,mirror,1,https://drive.google.com/drive/folders/1U-Pr4r1-cupgNOOq9NH_uTsQnPSVEKco,data/_source/isl_dictionary/M/Mirror_(Sign_2).mp4,25250,ISLRTC,src=M/Mirror_(Sign_2).mp4
misogynist,misogynist,1,https://drive.google.com/drive/folders/1U-Pr4r1-cupgNOOq9NH_uTsQnPSVEKco,data/_source/isl_dictionary/M/Misogynist.mp4,17500,ISLRTC,src=M/Misogynist.mp4
missing,missing,1,https://drive.google.com/drive/folders/1U-Pr4r1-cupgNOOq9NH_uTsQnPSVEKco,data/_source/isl_dictionary/M/Missing.mp4,21455,ISLRTC,src=M/Missing.mp4
mix,mix,1,https://drive.google.com/drive/folders/1U-Pr4r1-cupgNOOq9NH_uTsQnPSVEKco,data/_source/isl_dictionary/M/Mix.mp4,2840,ISLRTC,src=M/Mix.mp4
mizoram,mizoram,1,https://drive.google.com/drive/folders/1U-Pr4r1-cupgNOOq9NH_uTsQnPSVEKco,data/_source/isl_dictionary/M/Mizoram.mp4,4400,ISLRTC,src=M/Mizoram.mp4; 1 other variant(s)
mode,mode,1,https://drive.google.com/drive/folders/1U-Pr4r1-cupgNOOq9NH_uTsQnPSVEKco,data/_source/isl_dictionary/M/Mode_(Sign_2).mp4,16208,ISLRTC,src=M/Mode_(Sign_2).mp4
model,model,1,https://drive.google.com/drive/folders/1U-Pr4r1-cupgNOOq9NH_uTsQnPSVEKco,data/_source/isl_dictionary/M/Model.mp4,4560,ISLRTC,src=M/Model.mp4
moderate_hearing_loss,moderate hearing loss,3,https://drive.google.com/drive/folders/1U-Pr4r1-cupgNOOq9NH_uTsQnPSVEKco,data/_source/isl_dictionary/M/Moderate_Hearing_Loss.mp4,12333,ISLRTC,src=M/Moderate_Hearing_Loss.mp4
moderately_severe_hearing_loss,moderately severe hearing loss,4,https://drive.google.com/drive/folders/1U-Pr4r1-cupgNOOq9NH_uTsQnPSVEKco,data/_source/isl_dictionary/M/Moderately_Severe_Hearing_Loss.mp4,13500,ISLRTC,src=M/Moderately_Severe_Hearing_Loss.mp4
moderates,moderates,1,https://drive.google.com/drive/folders/1U-Pr4r1-cupgNOOq9NH_uTsQnPSVEKco,data/_source/isl_dictionary/M/Moderates.mp4,23542,ISLRTC,src=M/Moderates.mp4
modern,modern,1,https://drive.google.com/drive/folders/1U-Pr4r1-cupgNOOq9NH_uTsQnPSVEKco,data/_source/isl_dictionary/M/Modern.mp4,3200,ISLRTC,src=M/Modern.mp4
modern_roof,modern roof,2,https://drive.google.com/drive/folders/1U-Pr4r1-cupgNOOq9NH_uTsQnPSVEKco,data/_source/isl_dictionary/M/Modern_Roof.mp4,7292,ISLRTC,src=M/Modern_Roof.mp4
moisture_loving_plantor_bog_plants,moisture loving plantor bog plants,5,https://drive.google.com/drive/folders/1U-Pr4r1-cupgNOOq9NH_uTsQnPSVEKco,data/_source/isl_dictionary/M/Moisture_Loving_Plantor_Bog_Plants.mp4,21520,ISLRTC,src=M/Moisture_Loving_Plantor_Bog_Plants.mp4
mole_birthmark,mole birthmark,2,https://drive.google.com/drive/folders/1U-Pr4r1-cupgNOOq9NH_uTsQnPSVEKco,data/_source/isl_dictionary/M/Mole_Birthmark.mp4,4958,ISLRTC,src=M/Mole_Birthmark.mp4
molecular,molecular,1,https://drive.google.com/drive/folders/1U-Pr4r1-cupgNOOq9NH_uTsQnPSVEKco,data/_source/isl_dictionary/M/Molecular.mp4,3040,ISLRTC,src=M/Molecular.mp4
molecular_biology,molecular biology,2,https://drive.google.com/drive/folders/1U-Pr4r1-cupgNOOq9NH_uTsQnPSVEKco,data/_source/isl_dictionary/M/Molecular_Biology.mp4,3360,ISLRTC,src=M/Molecular_Biology.mp4
molecules,molecules,1,https://drive.google.com/drive/folders/1U-Pr4r1-cupgNOOq9NH_uTsQnPSVEKco,data/_source/isl_dictionary/M/Molecules.mp4,15750,ISLRTC,src=M/Molecules.mp4
momos,momos,1,https://drive.google.com/drive/folders/1U-Pr4r1-cupgNOOq9NH_uTsQnPSVEKco,data/_source/isl_dictionary/M/Momos.mp4,5125,ISLRTC,src=M/Momos.mp4
monday,monday,1,https://drive.google.com/drive/folders/1U-Pr4r1-cupgNOOq9NH_uTsQnPSVEKco,data/_source/isl_dictionary/M/Monday.mp4,3440,ISLRTC,src=M/Monday.mp4
money,money,1,https://drive.google.com/drive/folders/1U-Pr4r1-cupgNOOq9NH_uTsQnPSVEKco,"data/_source/isl_dictionary/R/Rupee, money.mp4",4120,ISLRTC,"src=R/Rupee, money.mp4"
money_back_policy,money back policy,3,https://drive.google.com/drive/folders/1U-Pr4r1-cupgNOOq9NH_uTsQnPSVEKco,data/_source/isl_dictionary/M/Money_back_policy.mp4,26889,ISLRTC,src=M/Money_back_policy.mp4
monocot_ledoneae,monocot ledoneae,2,https://drive.google.com/drive/folders/1U-Pr4r1-cupgNOOq9NH_uTsQnPSVEKco,data/_source/isl_dictionary/M/Monocot_Ledoneae.mp4,10080,ISLRTC,src=M/Monocot_Ledoneae.mp4
monocot_weeds,monocot weeds,2,https://drive.google.com/drive/folders/1U-Pr4r1-cupgNOOq9NH_uTsQnPSVEKco,data/_source/isl_dictionary/M/Monocot_Weeds.mp4,16375,ISLRTC,src=M/Monocot_Weeds.mp4
monoculture,monoculture,1,https://drive.google.com/drive/folders/1U-Pr4r1-cupgNOOq9NH_uTsQnPSVEKco,data/_source/isl_dictionary/M/Monoculture.mp4,23840,ISLRTC,src=M/Monoculture.mp4
monohybrid_cross,monohybrid cross,2,https://drive.google.com/drive/folders/1U-Pr4r1-cupgNOOq9NH_uTsQnPSVEKco,data/_source/isl_dictionary/M/Monohybrid_Cross.mp4,20720,ISLRTC,src=M/Monohybrid_Cross.mp4
monoplane,monoplane,1,https://drive.google.com/drive/folders/1U-Pr4r1-cupgNOOq9NH_uTsQnPSVEKco,data/_source/isl_dictionary/New 2500 ISL Dictionary Videos/BCS/Monoplane - English.mp4,18020,ISLRTC,src=New 2500 ISL Dictionary Videos/BCS/Monoplane - English.mp4
monsoon,monsoon,1,https://drive.google.com/drive/folders/1U-Pr4r1-cupgNOOq9NH_uTsQnPSVEKco,data/_source/isl_dictionary/M/Monsoon_(Sign_2).mp4,21520,ISLRTC,src=M/Monsoon_(Sign_2).mp4
monster_truck,monster truck,2,https://drive.google.com/drive/folders/1U-Pr4r1-cupgNOOq9NH_uTsQnPSVEKco,data/_source/isl_dictionary/M/Monster_Truck.mp4,9500,ISLRTC,src=M/Monster_Truck.mp4
month,month,1,https://drive.google.com/drive/folders/1U-Pr4r1-cupgNOOq9NH_uTsQnPSVEKco,data/_source/isl_dictionary/M/Month_(Sign_2).mp4,4480,ISLRTC,src=M/Month_(Sign_2).mp4
monthly,monthly,1,https://drive.google.com/drive/folders/1U-Pr4r1-cupgNOOq9NH_uTsQnPSVEKco,data/_source/isl_dictionary/M/Monthly.mp4,4400,ISLRTC,src=M/Monthly.mp4
monthly_payment,monthly payment,2,https://drive.google.com/drive/folders/1U-Pr4r1-cupgNOOq9NH_uTsQnPSVEKco,data/_source/isl_dictionary/M/Monthly_Payment.mp4,23916,ISLRTC,src=M/Monthly_Payment.mp4
moo_low,moo low,2,https://drive.google.com/drive/folders/1U-Pr4r1-cupgNOOq9NH_uTsQnPSVEKco,data/_source/isl_dictionary/M/Moo_Low.mp4,5750,ISLRTC,src=M/Moo_Low.mp4
mood_swings,mood swings,2,https://drive.google.com/drive/folders/1U-Pr4r1-cupgNOOq9NH_uTsQnPSVEKco,data/_source/isl_dictionary/MHSL - 259/Mood_swings.mp4,26538,ISLRTC,src=MHSL - 259/Mood_swings.mp4
moon,moon,1,https://drive.google.com/drive/folders/1U-Pr4r1-cupgNOOq9NH_uTsQnPSVEKco,data/_source/isl_dictionary/M/Moon.mp4,4000,ISLRTC,src=M/Moon.mp4
more,more,1,https://drive.google.com/drive/folders/1U-Pr4r1-cupgNOOq9NH_uTsQnPSVEKco,data/_source/isl_dictionary/M/More.mp4,4000,ISLRTC,src=M/More.mp4
morning,morning,1,https://drive.google.com/drive/folders/1U-Pr4r1-cupgNOOq9NH_uTsQnPSVEKco,data/_source/isl_dictionary/M/Morning.mp4,2520,ISLRTC,src=M/Morning.mp4
morphology,morphology,1,https://drive.google.com/drive/folders/1U-Pr4r1-cupgNOOq9NH_uTsQnPSVEKco,data/_source/isl_dictionary/M/Morphology_(Sign).mp4,3720,ISLRTC,src=M/Morphology_(Sign).mp4
mortar_and_pestle,mortar and pestle,3,https://drive.google.com/drive/folders/1U-Pr4r1-cupgNOOq9NH_uTsQnPSVEKco,data/_source/isl_dictionary/M/Mortar_and_Pestle.mp4,11640,ISLRTC,src=M/Mortar_and_Pestle.mp4
mother,mother,1,https://drive.google.com/drive/folders/1U-Pr4r1-cupgNOOq9NH_uTsQnPSVEKco,data/_source/isl_dictionary/M/Mother.mp4,2840,ISLRTC,src=M/Mother.mp4
motor,motor,1,https://drive.google.com/drive/folders/1U-Pr4r1-cupgNOOq9NH_uTsQnPSVEKco,data/_source/isl_dictionary/M/Motor.mp4,5280,ISLRTC,src=M/Motor.mp4
motorcycle_air_filter,motorcycle air filter,3,https://drive.google.com/drive/folders/1U-Pr4r1-cupgNOOq9NH_uTsQnPSVEKco,data/_source/isl_dictionary/M/Motorcycle_Air_Filter.mp4,14000,ISLRTC,src=M/Motorcycle_Air_Filter.mp4
motorola,motorola,1,https://drive.google.com/drive/folders/1U-Pr4r1-cupgNOOq9NH_uTsQnPSVEKco,data/_source/isl_dictionary/M/Motorola.mp4,4320,ISLRTC,src=M/Motorola.mp4
mould_board_plough,mould board plough,3,https://drive.google.com/drive/folders/1U-Pr4r1-cupgNOOq9NH_uTsQnPSVEKco,data/_source/isl_dictionary/M/Mould_Board_Plough.mp4,28600,ISLRTC,src=M/Mould_Board_Plough.mp4
mountain,mountain,1,https://drive.google.com/drive/folders/1U-Pr4r1-cupgNOOq9NH_uTsQnPSVEKco,data/_source/isl_dictionary/M/Mountain.mp4,5040,ISLRTC,src=M/Mountain.mp4
mourning,mourning,1,https://drive.google.com/drive/folders/1U-Pr4r1-cupgNOOq9NH_uTsQnPSVEKco,data/_source/isl_dictionary/MHSL - 259/Mourning.mp4,27680,ISLRTC,src=MHSL - 259/Mourning.mp4
mouse,mouse,1,https://drive.google.com/drive/folders/1U-Pr4r1-cupgNOOq9NH_uTsQnPSVEKco,data/_source/isl_dictionary/M/Mouse.mp4,4440,ISLRTC,src=M/Mouse.mp4
moustache,moustache,1,https://drive.google.com/drive/folders/1U-Pr4r1-cupgNOOq9NH_uTsQnPSVEKco,data/_source/isl_dictionary/New 2500 ISL Dictionary Videos/BCS/Moustache - English.mp4,16080,ISLRTC,src=New 2500 ISL Dictionary Videos/BCS/Moustache - English.mp4
mouth_parts,mouth parts,2,https://drive.google.com/drive/folders/1U-Pr4r1-cupgNOOq9NH_uTsQnPSVEKco,data/_source/isl_dictionary/M/Mouth_Parts.mp4,11360,ISLRTC,src=M/Mouth_Parts.mp4
mouthing,mouthing,1,https://drive.google.com/drive/folders/1U-Pr4r1-cupgNOOq9NH_uTsQnPSVEKco,data/_source/isl_dictionary/M/Mouthing.mp4,19667,ISLRTC,src=M/Mouthing.mp4
move,move,1,https://drive.google.com/drive/folders/1U-Pr4r1-cupgNOOq9NH_uTsQnPSVEKco,data/_source/isl_dictionary/M/Move.mp4,4400,ISLRTC,src=M/Move.mp4
movement,movement,1,https://drive.google.com/drive/folders/1U-Pr4r1-cupgNOOq9NH_uTsQnPSVEKco,data/_source/isl_dictionary/M/Movement.mp4,2480,ISLRTC,src=M/Movement.mp4
movie,movie,1,https://drive.google.com/drive/folders/1U-Pr4r1-cupgNOOq9NH_uTsQnPSVEKco,data/_source/isl_dictionary/M/Movie.mp4,3760,ISLRTC,src=M/Movie.mp4
moving_walkway_autowalk_travelator,moving walkway autowalk travelator,4,https://drive.google.com/drive/folders/1U-Pr4r1-cupgNOOq9NH_uTsQnPSVEKco,data/_source/isl_dictionary/M/Moving_Walkway_Autowalk_Travelator.mp4,12280,ISLRTC,src=M/Moving_Walkway_Autowalk_Travelator.mp4
mrna,mrna,1,https://drive.google.com/drive/folders/1U-Pr4r1-cupgNOOq9NH_uTsQnPSVEKco,data/_source/isl_dictionary/M/m-RNA.mp4,1840,ISLRTC,src=M/m-RNA.mp4
mucosal_disease,mucosal disease,2,https://drive.google.com/drive/folders/1U-Pr4r1-cupgNOOq9NH_uTsQnPSVEKco,data/_source/isl_dictionary/M/Mucosal_Disease.mp4,12000,ISLRTC,src=M/Mucosal_Disease.mp4
mughal_rulers,mughal rulers,2,https://drive.google.com/drive/folders/1U-Pr4r1-cupgNOOq9NH_uTsQnPSVEKco,data/_source/isl_dictionary/M/Mughal_Rulers.mp4,25042,ISLRTC,src=M/Mughal_Rulers.mp4
mulberry_silk_moth,mulberry silk moth,3,https://drive.google.com/drive/folders/1U-Pr4r1-cupgNOOq9NH_uTsQnPSVEKco,data/_source/isl_dictionary/M/Mulberry_Silk_Moth.mp4,9167,ISLRTC,src=M/Mulberry_Silk_Moth.mp4
multidisciplinary_education_and_research_universities,multidisciplinary education and research universities,5,https://drive.google.com/drive/folders/1U-Pr4r1-cupgNOOq9NH_uTsQnPSVEKco,data/_source/isl_dictionary/M/Multidisciplinary_Education_and_Research_Universities_(MERU).mp4,6708,ISLRTC,src=M/Multidisciplinary_Education_and_Research_Universities_(MERU).mp4
multilevel_marketing,multilevel marketing,2,https://drive.google.com/drive/folders/1U-Pr4r1-cupgNOOq9NH_uTsQnPSVEKco,data/_source/isl_dictionary/M/Multi-Level_Marketing.mp4,7458,ISLRTC,src=M/Multi-Level_Marketing.mp4
multilingualism,multilingualism,1,https://drive.google.com/drive/folders/1U-Pr4r1-cupgNOOq9NH_uTsQnPSVEKco,data/_source/isl_dictionary/M/Multilingualism.mp4,16792,ISLRTC,src=M/Multilingualism.mp4
multiple,multiple,1,https://drive.google.com/drive/folders/1U-Pr4r1-cupgNOOq9NH_uTsQnPSVEKco,data/_source/isl_dictionary/M/Multiple.mp4,3440,ISLRTC,src=M/Multiple.mp4
mumbai,mumbai,1,https://drive.google.com/drive/folders/1U-Pr4r1-cupgNOOq9NH_uTsQnPSVEKco,data/_source/isl_dictionary/M/Mumbai.mp4,3680,ISLRTC,src=M/Mumbai.mp4
mumbai_underworld,mumbai underworld,2,https://drive.google.com/drive/folders/1U-Pr4r1-cupgNOOq9NH_uTsQnPSVEKco,data/_source/isl_dictionary/M/Mumbai_Underworld.mp4,20560,ISLRTC,src=M/Mumbai_Underworld.mp4
murder_and_murderer,murder and murderer,3,https://drive.google.com/drive/folders/1U-Pr4r1-cupgNOOq9NH_uTsQnPSVEKco,data/_source/isl_dictionary/M/Murder_and_Murderer.mp4,14784,ISLRTC,src=M/Murder_and_Murderer.mp4
murraya_exotica,murraya exotica,2,https://drive.google.com/drive/folders/1U-Pr4r1-cupgNOOq9NH_uTsQnPSVEKco,data/_source/isl_dictionary/M/Murraya_Exotica.mp4,12560,ISLRTC,src=M/Murraya_Exotica.mp4
mushroom_harvesting,mushroom harvesting,2,https://drive.google.com/drive/folders/1U-Pr4r1-cupgNOOq9NH_uTsQnPSVEKco,data/_source/isl_dictionary/M/Mushroom_Harvesting.mp4,7800,ISLRTC,src=M/Mushroom_Harvesting.mp4
mushroom_production,mushroom production,2,https://drive.google.com/drive/folders/1U-Pr4r1-cupgNOOq9NH_uTsQnPSVEKco,data/_source/isl_dictionary/M/Mushroom_Production.mp4,6040,ISLRTC,src=M/Mushroom_Production.mp4
mushroom_storage,mushroom storage,2,https://drive.google.com/drive/folders/1U-Pr4r1-cupgNOOq9NH_uTsQnPSVEKco,data/_source/isl_dictionary/M/Mushroom_Storage.mp4,12440,ISLRTC,src=M/Mushroom_Storage.mp4
music,music,1,https://drive.google.com/drive/folders/1U-Pr4r1-cupgNOOq9NH_uTsQnPSVEKco,data/_source/isl_dictionary/M/Music.mp4,3520,ISLRTC,src=M/Music.mp4
mustache,mustache,1,https://drive.google.com/drive/folders/1U-Pr4r1-cupgNOOq9NH_uTsQnPSVEKco,data/_source/isl_dictionary/M/Mustache.mp4,4583,ISLRTC,src=M/Mustache.mp4
mutual_fund,mutual fund,2,https://drive.google.com/drive/folders/1U-Pr4r1-cupgNOOq9NH_uTsQnPSVEKco,data/_source/isl_dictionary/M/Mutual_Fund.mp4,27492,ISLRTC,src=M/Mutual_Fund.mp4
my,my,1,https://drive.google.com/drive/folders/1U-Pr4r1-cupgNOOq9NH_uTsQnPSVEKco,data/_source/isl_dictionary/M/My.mp4,2440,ISLRTC,src=M/My.mp4
my_gov,my gov,2,https://drive.google.com/drive/folders/1U-Pr4r1-cupgNOOq9NH_uTsQnPSVEKco,data/_source/isl_dictionary/M/My_Gov.mp4,19042,ISLRTC,src=M/My_Gov.mp4
my_name_is,my name is,3,https://drive.google.com/drive/folders/1U-Pr4r1-cupgNOOq9NH_uTsQnPSVEKco,data/_source/isl_dictionary/M/My_Name_Is.mp4,3440,ISLRTC,src=M/My_Name_Is.mp4
myopia,myopia,1,https://drive.google.com/drive/folders/1U-Pr4r1-cupgNOOq9NH_uTsQnPSVEKco,data/_source/isl_dictionary/M/Myopia_(Myofic_Eye).mp4,9375,ISLRTC,src=M/Myopia_(Myofic_Eye).mp4
myrtus_communis,myrtus communis,2,https://drive.google.com/drive/folders/1U-Pr4r1-cupgNOOq9NH_uTsQnPSVEKco,data/_source/isl_dictionary/M/Myrtus_Communis.mp4,22200,ISLRTC,src=M/Myrtus_Communis.mp4
myself,myself,1,https://drive.google.com/drive/folders/1U-Pr4r1-cupgNOOq9NH_uTsQnPSVEKco,data/_source/isl_dictionary/M/Myself.mp4,3040,ISLRTC,src=M/Myself.mp4
mysuru,mysuru,1,https://drive.google.com/drive/folders/1U-Pr4r1-cupgNOOq9NH_uTsQnPSVEKco,data/_source/isl_dictionary/M/Mysuru_(Mysore).mp4,5520,ISLRTC,src=M/Mysuru_(Mysore).mp4
nagaland,nagaland,1,https://drive.google.com/drive/folders/1U-Pr4r1-cupgNOOq9NH_uTsQnPSVEKco,data/_source/isl_dictionary/N/Nagaland.mp4,3120,ISLRTC,src=N/Nagaland.mp4
nagpur,nagpur,1,https://drive.google.com/drive/folders/1U-Pr4r1-cupgNOOq9NH_uTsQnPSVEKco,data/_source/isl_dictionary/N/Nagpur.mp4,4760,ISLRTC,src=N/Nagpur.mp4
nail,nail,1,https://drive.google.com/drive/folders/1U-Pr4r1-cupgNOOq9NH_uTsQnPSVEKco,data/_source/isl_dictionary/N/Nail.mp4,3360,ISLRTC,src=N/Nail.mp4
nail_cutter,nail cutter,2,https://drive.google.com/drive/folders/1U-Pr4r1-cupgNOOq9NH_uTsQnPSVEKco,data/_source/isl_dictionary/N/Nail_Cutter.mp4,4640,ISLRTC,src=N/Nail_Cutter.mp4
namaste,namaste,1,https://drive.google.com/drive/folders/1U-Pr4r1-cupgNOOq9NH_uTsQnPSVEKco,data/_source/isl_dictionary/N/Namaste.mp4,3080,ISLRTC,src=N/Namaste.mp4
name,name,1,https://drive.google.com/drive/folders/1U-Pr4r1-cupgNOOq9NH_uTsQnPSVEKco,data/_source/isl_dictionary/N/Name.mp4,3400,ISLRTC,src=N/Name.mp4; 4 other variant(s)
name_plate,name plate,2,https://drive.google.com/drive/folders/1U-Pr4r1-cupgNOOq9NH_uTsQnPSVEKco,data/_source/isl_dictionary/N/Name_Plate.mp4,7458,ISLRTC,src=N/Name_Plate.mp4
namibia,namibia,1,https://drive.google.com/drive/folders/1U-Pr4r1-cupgNOOq9NH_uTsQnPSVEKco,data/_source/isl_dictionary/N/Namibia.mp4,2920,ISLRTC,src=N/Namibia.mp4
nap_fabrick,nap fabrick,2,https://drive.google.com/drive/folders/1U-Pr4r1-cupgNOOq9NH_uTsQnPSVEKco,data/_source/isl_dictionary/N/Nap_Fabrick.mp4,8160,ISLRTC,src=N/Nap_Fabrick.mp4
narco_analysis_test,narco analysis test,3,https://drive.google.com/drive/folders/1U-Pr4r1-cupgNOOq9NH_uTsQnPSVEKco,data/_source/isl_dictionary/N/Narco_Analysis_Test.mp4,29240,ISLRTC,src=N/Narco_Analysis_Test.mp4
narendra_modi_prime_minister,narendra modi prime minister,4,https://drive.google.com/drive/folders/1U-Pr4r1-cupgNOOq9NH_uTsQnPSVEKco,data/_source/isl_dictionary/N/Narendra_Modi_Prime_Minister.mp4,3320,ISLRTC,src=N/Narendra_Modi_Prime_Minister.mp4
narrowminded,narrowminded,1,https://drive.google.com/drive/folders/1U-Pr4r1-cupgNOOq9NH_uTsQnPSVEKco,data/_source/isl_dictionary/N/Narrow-Minded.mp4,3760,ISLRTC,src=N/Narrow-Minded.mp4
nasal_cavity,nasal cavity,2,https://drive.google.com/drive/folders/1U-Pr4r1-cupgNOOq9NH_uTsQnPSVEKco,data/_source/isl_dictionary/N/Nasal_Cavity.mp4,9000,ISLRTC,src=N/Nasal_Cavity.mp4
nasal_speculum,nasal speculum,2,https://drive.google.com/drive/folders/1U-Pr4r1-cupgNOOq9NH_uTsQnPSVEKco,data/_source/isl_dictionary/N/Nasal_Speculum.mp4,10600,ISLRTC,src=N/Nasal_Speculum.mp4
nasogastric_tube,nasogastric tube,2,https://drive.google.com/drive/folders/1U-Pr4r1-cupgNOOq9NH_uTsQnPSVEKco,data/_source/isl_dictionary/N/Nasogastric_Tube.mp4,16920,ISLRTC,src=N/Nasogastric_Tube.mp4
natality,natality,1,https://drive.google.com/drive/folders/1U-Pr4r1-cupgNOOq9NH_uTsQnPSVEKco,data/_source/isl_dictionary/N/Natality.mp4,12520,ISLRTC,src=N/Natality.mp4
national,national,1,https://drive.google.com/drive/folders/1U-Pr4r1-cupgNOOq9NH_uTsQnPSVEKco,data/_source/isl_dictionary/N/National.mp4,3640,ISLRTC,src=N/National.mp4; 1 other variant(s)
national_anthem,national anthem,2,https://drive.google.com/drive/folders/1U-Pr4r1-cupgNOOq9NH_uTsQnPSVEKco,data/_source/isl_dictionary/N/National_Anthem.mp4,4400,ISLRTC,src=N/National_Anthem.mp4; 1 other variant(s)
national_archives,national archives,2,https://drive.google.com/drive/folders/1U-Pr4r1-cupgNOOq9NH_uTsQnPSVEKco,data/_source/isl_dictionary/N/National_Archives.mp4,28800,ISLRTC,src=N/National_Archives.mp4
national_association_of_the_deaf,national association of the deaf,5,https://drive.google.com/drive/folders/1U-Pr4r1-cupgNOOq9NH_uTsQnPSVEKco,data/_source/isl_dictionary/N/National_Association_of_the_Deaf.mp4,2680,ISLRTC,src=N/National_Association_of_the_Deaf.mp4
national_capital_region,national capital region,3,https://drive.google.com/drive/folders/1U-Pr4r1-cupgNOOq9NH_uTsQnPSVEKco,data/_source/isl_dictionary/N/National_Capital_Region_(NCR).mp4,4320,ISLRTC,src=N/National_Capital_Region_(NCR).mp4
national_committee_for_the_integration_of_vocational_education,national committee for the integration of vocational education,8,https://drive.google.com/drive/folders/1U-Pr4r1-cupgNOOq9NH_uTsQnPSVEKco,data/_source/isl_dictionary/N/National_Committee_for_the_Integration_of_Vocational_Education_(NCIVE).mp4,15875,ISLRTC,src=N/National_Committee_for_the_Integration_of_Vocational_Education_(NCIVE).mp4
national_council_for_vocational_education_and_training,national council for vocational education and training,7,https://drive.google.com/drive/folders/1U-Pr4r1-cupgNOOq9NH_uTsQnPSVEKco,data/_source/isl_dictionary/N/National_Council_for_Vocational_Education_and_Training_(NCVET).mp4,6500,ISLRTC,src=N/National_Council_for_Vocational_Education_and_Training_(NCVET).mp4
national_crime_records_bureau,national crime records bureau,4,https://drive.google.com/drive/folders/1U-Pr4r1-cupgNOOq9NH_uTsQnPSVEKco,data/_source/isl_dictionary/N/National_Crime_Records_Bureau.mp4,22400,ISLRTC,src=N/National_Crime_Records_Bureau.mp4
national_curricular_and_pedagogical_framework_for_early_childhood_care_and_education,national curricular and pedagogical framework for early childhood care and education,11,https://drive.google.com/drive/folders/1U-Pr4r1-cupgNOOq9NH_uTsQnPSVEKco,data/_source/isl_dictionary/N/National_Curricular_and_Pedagogical_Framework_for_Early_Childhood_Care_and_Education_(NCPFECCE).mp4,11292,ISLRTC,src=N/National_Curricular_and_Pedagogical_Framework_for_Early_Childhood_Care_and_Education_(NCPFECCE).mp4
national_curriculum_framework_for_school_education,national curriculum framework for school education,6,https://drive.google.com/drive/folders/1U-Pr4r1-cupgNOOq9NH_uTsQnPSVEKco,data/_source/isl_dictionary/N/National_Curriculum_Framework_for_School_Education_(NCFSE).mp4,20417,ISLRTC,src=N/National_Curriculum_Framework_for_School_Education_(NCFSE).mp4
national_curriculum_framework_for_teacher_education,national curriculum framework for teacher education,6,https://drive.google.com/drive/folders/1U-Pr4r1-cupgNOOq9NH_uTsQnPSVEKco,data/_source/isl_dictionary/N/National_Curriculum_Framework_for_Teacher_Education_(NCFTE).mp4,22917,ISLRTC,src=N/National_Curriculum_Framework_for_Teacher_Education_(NCFTE).mp4
national_data_centre,national data centre,3,https://drive.google.com/drive/folders/1U-Pr4r1-cupgNOOq9NH_uTsQnPSVEKco,data/_source/isl_dictionary/N/National_Data_Centre.mp4,22833,ISLRTC,src=N/National_Data_Centre.mp4
national_educational_technology_forum,national educational technology forum,4,https://drive.google.com/drive/folders/1U-Pr4r1-cupgNOOq9NH_uTsQnPSVEKco,data/_source/isl_dictionary/N/National_Educational_Technology_Forum_(NETF).mp4,27792,ISLRTC,src=N/National_Educational_Technology_Forum_(NETF).mp4
national_eligibility_test,national eligibility test,3,https://drive.google.com/drive/folders/1U-Pr4r1-cupgNOOq9NH_uTsQnPSVEKco,data/_source/isl_dictionary/N/National_Eligibility_Test_(NET).mp4,10458,ISLRTC,src=N/National_Eligibility_Test_(NET).mp4
national_higher_education_regulatory_council,national higher education regulatory council,5,https://drive.google.com/drive/folders/1U-Pr4r1-cupgNOOq9NH_uTsQnPSVEKco,data/_source/isl_dictionary/N/National_Higher_Education_Regulatory_Council_(NHERC).mp4,9667,ISLRTC,src=N/National_Higher_Education_Regulatory_Council_(NHERC).mp4
national_informatics_centre,national informatics centre,3,https://drive.google.com/drive/folders/1U-Pr4r1-cupgNOOq9NH_uTsQnPSVEKco,data/_source/isl_dictionary/N/National_Informatics_Centre.mp4,19542,ISLRTC,src=N/National_Informatics_Centre.mp4
national_institute_of_technology,national institute of technology,4,https://drive.google.com/drive/folders/1U-Pr4r1-cupgNOOq9NH_uTsQnPSVEKco,data/_source/isl_dictionary/N/National_Institute_of_Technology_(NIT).mp4,6500,ISLRTC,src=N/National_Institute_of_Technology_(NIT).mp4
national_institution_for_transforming_india,national institution for transforming india,5,https://drive.google.com/drive/folders/1U-Pr4r1-cupgNOOq9NH_uTsQnPSVEKco,data/_source/isl_dictionary/N/National_Institution_for_Transforming_India_(NITI).mp4,7125,ISLRTC,src=N/National_Institution_for_Transforming_India_(NITI).mp4
national_professional_standards_for_teachers,national professional standards for teachers,5,https://drive.google.com/drive/folders/1U-Pr4r1-cupgNOOq9NH_uTsQnPSVEKco,data/_source/isl_dictionary/N/National_Professional_Standards_for_Teachers_(NPST).mp4,7083,ISLRTC,src=N/National_Professional_Standards_for_Teachers_(NPST).mp4
national_research_foundation,national research foundation,3,https://drive.google.com/drive/folders/1U-Pr4r1-cupgNOOq9NH_uTsQnPSVEKco,data/_source/isl_dictionary/N/National_Research_Foundation_(NRF).mp4,6792,ISLRTC,src=N/National_Research_Foundation_(NRF).mp4
national_sample_survey_office,national sample survey office,4,https://drive.google.com/drive/folders/1U-Pr4r1-cupgNOOq9NH_uTsQnPSVEKco,data/_source/isl_dictionary/N/National_Sample_Survey_Office_(NSSO).mp4,12792,ISLRTC,src=N/National_Sample_Survey_Office_(NSSO).mp4
national_testing_agency,national testing agency,3,https://drive.google.com/drive/folders/1U-Pr4r1-cupgNOOq9NH_uTsQnPSVEKco,data/_source/isl_dictionary/N/National_Testing_Agency_(NTA).mp4,8625,ISLRTC,src=N/National_Testing_Agency_(NTA).mp4
nationalism_incivism,nationalism incivism,2,https://drive.google.com/drive/folders/1U-Pr4r1-cupgNOOq9NH_uTsQnPSVEKco,data/_source/isl_dictionary/N/Nationalism_Incivism.mp4,24480,ISLRTC,src=N/Nationalism_Incivism.mp4
nationalist_congress_party_ncp,nationalist congress party ncp,4,https://drive.google.com/drive/folders/1U-Pr4r1-cupgNOOq9NH_uTsQnPSVEKco,data/_source/isl_dictionary/N/Nationalist_Congress_Party_NCP.mp4,4080,ISLRTC,src=N/Nationalist_Congress_Party_NCP.mp4; 1 other variant(s)
natural,natural,1,https://drive.google.com/drive/folders/1U-Pr4r1-cupgNOOq9NH_uTsQnPSVEKco,data/_source/isl_dictionary/N/Natural.mp4,5360,ISLRTC,src=N/Natural.mp4
natural_disasters,natural disasters,2,https://drive.google.com/drive/folders/1U-Pr4r1-cupgNOOq9NH_uTsQnPSVEKco,data/_source/isl_dictionary/N/Natural_Disasters.mp4,27560,ISLRTC,src=N/Natural_Disasters.mp4
natural_gas_resources,natural gas resources,3,https://drive.google.com/drive/folders/1U-Pr4r1-cupgNOOq9NH_uTsQnPSVEKco,data/_source/isl_dictionary/N/Natural_Gas_Resources.mp4,28500,ISLRTC,src=N/Natural_Gas_Resources.mp4
natural_justice,natural justice,2,https://drive.google.com/drive/folders/1U-Pr4r1-cupgNOOq9NH_uTsQnPSVEKco,data/_source/isl_dictionary/N/Natural_Justice.m4v,28360,ISLRTC,src=N/Natural_Justice.m4v
natural_numbers,natural numbers,2,https://drive.google.com/drive/folders/1U-Pr4r1-cupgNOOq9NH_uTsQnPSVEKco,data/_source/isl_dictionary/N/Natural_Numbers.mp4,8640,ISLRTC,src=N/Natural_Numbers.mp4
natural_water,natural water,2,https://drive.google.com/drive/folders/1U-Pr4r1-cupgNOOq9NH_uTsQnPSVEKco,data/_source/isl_dictionary/N/Natural_Water.mp4,3200,ISLRTC,src=N/Natural_Water.mp4
nature,nature,1,https://drive.google.com/drive/folders/1U-Pr4r1-cupgNOOq9NH_uTsQnPSVEKco,data/_source/isl_dictionary/N/Nature.mp4,4680,ISLRTC,src=N/Nature.mp4
nature_tourism,nature tourism,2,https://drive.google.com/drive/folders/1U-Pr4r1-cupgNOOq9NH_uTsQnPSVEKco,data/_source/isl_dictionary/N/Nature_Tourism.mp4,25917,ISLRTC,src=N/Nature_Tourism.mp4
naughty_mischievous_rowdy,naughty mischievous rowdy,3,https://drive.google.com/drive/folders/1U-Pr4r1-cupgNOOq9NH_uTsQnPSVEKco,data/_source/isl_dictionary/N/Naughty_Mischievous_Rowdy.mp4,5040,ISLRTC,src=N/Naughty_Mischievous_Rowdy.mp4
nausea_and_vomiting,nausea and vomiting,3,https://drive.google.com/drive/folders/1U-Pr4r1-cupgNOOq9NH_uTsQnPSVEKco,data/_source/isl_dictionary/N/Nausea_and_Vomiting.mp4,26640,ISLRTC,src=N/Nausea_and_Vomiting.mp4
nauseous,nauseous,1,https://drive.google.com/drive/folders/1U-Pr4r1-cupgNOOq9NH_uTsQnPSVEKco,data/_source/isl_dictionary/N/Nauseous.mp4,9120,ISLRTC,src=N/Nauseous.mp4
near_nearby_close_by,near nearby close by,4,https://drive.google.com/drive/folders/1U-Pr4r1-cupgNOOq9NH_uTsQnPSVEKco,data/_source/isl_dictionary/N/Near_Nearby_Close_By.mp4,3800,ISLRTC,src=N/Near_Nearby_Close_By.mp4
neat,neat,1,https://drive.google.com/drive/folders/1U-Pr4r1-cupgNOOq9NH_uTsQnPSVEKco,data/_source/isl_dictionary/N/Neat.mp4,3520,ISLRTC,src=N/Neat.mp4
nebulization,nebulization,1,https://drive.google.com/drive/folders/1U-Pr4r1-cupgNOOq9NH_uTsQnPSVEKco,data/_source/isl_dictionary/N/Nebulization.mp4,15360,ISLRTC,src=N/Nebulization.mp4
neck,neck,1,https://drive.google.com/drive/folders/1U-Pr4r1-cupgNOOq9NH_uTsQnPSVEKco,data/_source/isl_dictionary/N/Neck.mp4,3520,ISLRTC,src=N/Neck.mp4
neck_band,neck band,2,https://drive.google.com/drive/folders/1U-Pr4r1-cupgNOOq9NH_uTsQnPSVEKco,data/_source/isl_dictionary/N/Neck_Band.mp4,5280,ISLRTC,src=N/Neck_Band.mp4
necklace,necklace,1,https://drive.google.com/drive/folders/1U-Pr4r1-cupgNOOq9NH_uTsQnPSVEKco,data/_source/isl_dictionary/N/Necklace.mp4,4800,ISLRTC,src=N/Necklace.mp4
nectar,nectar,1,https://drive.google.com/drive/folders/1U-Pr4r1-cupgNOOq9NH_uTsQnPSVEKco,data/_source/isl_dictionary/N/Nectar.mp4,26458,ISLRTC,src=N/Nectar.mp4
need_of_irrigation,need of irrigation,3,https://drive.google.com/drive/folders/1U-Pr4r1-cupgNOOq9NH_uTsQnPSVEKco,data/_source/isl_dictionary/N/Need_of_Irrigation.mp4,18208,ISLRTC,src=N/Need_of_Irrigation.mp4
needle,needle,1,https://drive.google.com/drive/folders/1U-Pr4r1-cupgNOOq9NH_uTsQnPSVEKco,data/_source/isl_dictionary/N/Needle.mp4,6440,ISLRTC,src=N/Needle.mp4
needle_file,needle file,2,https://drive.google.com/drive/folders/1U-Pr4r1-cupgNOOq9NH_uTsQnPSVEKco,data/_source/isl_dictionary/N/Needle_File.mp4,24960,ISLRTC,src=N/Needle_File.mp4
negative,negative,1,https://drive.google.com/drive/folders/1U-Pr4r1-cupgNOOq9NH_uTsQnPSVEKco,data/_source/isl_dictionary/N/Negative.mp4,3520,ISLRTC,src=N/Negative.mp4
negative_integers,negative integers,2,https://drive.google.com/drive/folders/1U-Pr4r1-cupgNOOq9NH_uTsQnPSVEKco,data/_source/isl_dictionary/N/Negative_Integers.mp4,9583,ISLRTC,src=N/Negative_Integers.mp4
nehru_collar,nehru collar,2,https://drive.google.com/drive/folders/1U-Pr4r1-cupgNOOq9NH_uTsQnPSVEKco,data/_source/isl_dictionary/N/Nehru_Collar.mp4,6720,ISLRTC,src=N/Nehru_Collar.mp4
neigh,neigh,1,https://drive.google.com/drive/folders/1U-Pr4r1-cupgNOOq9NH_uTsQnPSVEKco,data/_source/isl_dictionary/N/Neigh.mp4,6250,ISLRTC,src=N/Neigh.mp4
neighbor,neighbor,1,https://drive.google.com/drive/folders/1U-Pr4r1-cupgNOOq9NH_uTsQnPSVEKco,data/_source/isl_dictionary/N/Neighbor.mp4,3880,ISLRTC,src=N/Neighbor.mp4
nemaphose,nemaphose,1,https://drive.google.com/drive/folders/1U-Pr4r1-cupgNOOq9NH_uTsQnPSVEKco,data/_source/isl_dictionary/N/Nemaphose.mp4,23800,ISLRTC,src=N/Nemaphose.mp4
nematicides,nematicides,1,https://drive.google.com/drive/folders/1U-Pr4r1-cupgNOOq9NH_uTsQnPSVEKco,data/_source/isl_dictionary/N/Nematicides.mp4,29200,ISLRTC,src=N/Nematicides.mp4
nematode_control,nematode control,2,https://drive.google.com/drive/folders/1U-Pr4r1-cupgNOOq9NH_uTsQnPSVEKco,data/_source/isl_dictionary/N/Nematode_Control.mp4,14320,ISLRTC,src=N/Nematode_Control.mp4
nematology,nematology,1,https://drive.google.com/drive/folders/1U-Pr4r1-cupgNOOq9NH_uTsQnPSVEKco,data/_source/isl_dictionary/N/Nematology.mp4,12200,ISLRTC,src=N/Nematology.mp4
neon,neon,1,https://drive.google.com/drive/folders/1U-Pr4r1-cupgNOOq9NH_uTsQnPSVEKco,data/_source/isl_dictionary/N/Neon.mp4,25667,ISLRTC,src=N/Neon.mp4
neonatologist,neonatologist,1,https://drive.google.com/drive/folders/1U-Pr4r1-cupgNOOq9NH_uTsQnPSVEKco,data/_source/isl_dictionary/N/Neonatologist.mp4,10080,ISLRTC,src=N/Neonatologist.mp4
nepal,nepal,1,https://drive.google.com/drive/folders/1U-Pr4r1-cupgNOOq9NH_uTsQnPSVEKco,data/_source/isl_dictionary/N/Nepal.mp4,4640,ISLRTC,src=N/Nepal.mp4
nephew,nephew,1,https://drive.google.com/drive/folders/1U-Pr4r1-cupgNOOq9NH_uTsQnPSVEKco,data/_source/isl_dictionary/N/Nephew.mp4,4320,ISLRTC,src=N/Nephew.mp4
nephrology,nephrology,1,https://drive.google.com/drive/folders/1U-Pr4r1-cupgNOOq9NH_uTsQnPSVEKco,data/_source/isl_dictionary/N/Nephrology.mp4,4360,ISLRTC,src=N/Nephrology.mp4
nervous,nervous,1,https://drive.google.com/drive/folders/1U-Pr4r1-cupgNOOq9NH_uTsQnPSVEKco,data/_source/isl_dictionary/N/Nervous.mp4,24960,ISLRTC,src=N/Nervous.mp4; 2 other variant(s)
nervous_system,nervous system,2,https://drive.google.com/drive/folders/1U-Pr4r1-cupgNOOq9NH_uTsQnPSVEKco,data/_source/isl_dictionary/N/Nervous_System.mp4,25920,ISLRTC,src=N/Nervous_System.mp4
nest,nest,1,https://drive.google.com/drive/folders/1U-Pr4r1-cupgNOOq9NH_uTsQnPSVEKco,data/_source/isl_dictionary/N/Nest.mp4,6320,ISLRTC,src=N/Nest.mp4; 1 other variant(s)
net,net,1,https://drive.google.com/drive/folders/1U-Pr4r1-cupgNOOq9NH_uTsQnPSVEKco,data/_source/isl_dictionary/New 2500 ISL Dictionary Videos/Yunikee 1/New English/Net.mp4,11040,ISLRTC,src=New 2500 ISL Dictionary Videos/Yunikee 1/New English/Net.mp4
net_cash_income,net cash income,3,https://drive.google.com/drive/folders/1U-Pr4r1-cupgNOOq9NH_uTsQnPSVEKco,data/_source/isl_dictionary/N/Net_Cash_Income.mp4,25625,ISLRTC,src=N/Net_Cash_Income.mp4
netaji_subhas_chandra_bose,netaji subhas chandra bose,4,https://drive.google.com/drive/folders/1U-Pr4r1-cupgNOOq9NH_uTsQnPSVEKco,data/_source/isl_dictionary/N/Netaji_Subhas_Chandra_Bose.mp4,5600,ISLRTC,src=N/Netaji_Subhas_Chandra_Bose.mp4
netflix,netflix,1,https://drive.google.com/drive/folders/1U-Pr4r1-cupgNOOq9NH_uTsQnPSVEKco,data/_source/isl_dictionary/N/Netflix.mp4,3360,ISLRTC,src=N/Netflix.mp4
netherlands,netherlands,1,https://drive.google.com/drive/folders/1U-Pr4r1-cupgNOOq9NH_uTsQnPSVEKco,data/_source/isl_dictionary/N/Netherlands.mp4,2920,ISLRTC,src=N/Netherlands.mp4
network,network,1,https://drive.google.com/drive/folders/1U-Pr4r1-cupgNOOq9NH_uTsQnPSVEKco,data/_source/isl_dictionary/N/Network.mp4,3960,ISLRTC,src=N/Network.mp4; 1 other variant(s)
neurologist,neurologist,1,https://drive.google.com/drive/folders/1U-Pr4r1-cupgNOOq9NH_uTsQnPSVEKco,data/_source/isl_dictionary/N/Neurologist.mp4,13840,ISLRTC,src=N/Neurologist.mp4
neuropsychology,neuropsychology,1,https://drive.google.com/drive/folders/1U-Pr4r1-cupgNOOq9NH_uTsQnPSVEKco,data/_source/isl_dictionary/N/Neuropsychology.mp4,27640,ISLRTC,src=N/Neuropsychology.mp4
neutral_conductor,neutral conductor,2,https://drive.google.com/drive/folders/1U-Pr4r1-cupgNOOq9NH_uTsQnPSVEKco,data/_source/isl_dictionary/N/Neutral_Conductor.mp4,16040,ISLRTC,src=N/Neutral_Conductor.mp4
never,never,1,https://drive.google.com/drive/folders/1U-Pr4r1-cupgNOOq9NH_uTsQnPSVEKco,data/_source/isl_dictionary/N/Never.mp4,4120,ISLRTC,src=N/Never.mp4
new,new,1,https://drive.google.com/drive/folders/1U-Pr4r1-cupgNOOq9NH_uTsQnPSVEKco,data/_source/isl_dictionary/N/New.mp4,3960,ISLRTC,src=N/New.mp4
new_delhi,new delhi,2,https://drive.google.com/drive/folders/1U-Pr4r1-cupgNOOq9NH_uTsQnPSVEKco,data/_source/isl_dictionary/N/New Delhi.mp4,4400,ISLRTC,src=N/New Delhi.mp4
new_zealand,new zealand,2,https://drive.google.com/drive/folders/1U-Pr4r1-cupgNOOq9NH_uTsQnPSVEKco,data/_source/isl_dictionary/N/New_Zealand.mp4,2920,ISLRTC,src=N/New_Zealand.mp4
newly_weds_newly_wed_couple,newly weds newly wed couple,5,https://drive.google.com/drive/folders/1U-Pr4r1-cupgNOOq9NH_uTsQnPSVEKco,data/_source/isl_dictionary/N/Newly_Weds_Newly_Wed_Couple.mp4,5280,ISLRTC,src=N/Newly_Weds_Newly_Wed_Couple.mp4
news,news,1,https://drive.google.com/drive/folders/1U-Pr4r1-cupgNOOq9NH_uTsQnPSVEKco,data/_source/isl_dictionary/N/News.mp4,3120,ISLRTC,src=N/News.mp4
newsreader,newsreader,1,https://drive.google.com/drive/folders/1U-Pr4r1-cupgNOOq9NH_uTsQnPSVEKco,data/_source/isl_dictionary/N/Newsreader.mp4,7640,ISLRTC,src=N/Newsreader.mp4
next,next,1,https://drive.google.com/drive/folders/1U-Pr4r1-cupgNOOq9NH_uTsQnPSVEKco,data/_source/isl_dictionary/N/Next.mp4,3840,ISLRTC,src=N/Next.mp4; 3 other variant(s)
next_month,next month,2,https://drive.google.com/drive/folders/1U-Pr4r1-cupgNOOq9NH_uTsQnPSVEKco,data/_source/isl_dictionary/N/Next_Month.mp4,3440,ISLRTC,src=N/Next_Month.mp4
next_week,next week,2,https://drive.google.com/drive/folders/1U-Pr4r1-cupgNOOq9NH_uTsQnPSVEKco,data/_source/isl_dictionary/N/Next_Week.mp4,3640,ISLRTC,src=N/Next_Week.mp4
next_year,next year,2,https://drive.google.com/drive/folders/1U-Pr4r1-cupgNOOq9NH_uTsQnPSVEKco,data/_source/isl_dictionary/N/Next_Year.mp4,3560,ISLRTC,src=N/Next_Year.mp4
nic_service_desk,nic service desk,3,https://drive.google.com/drive/folders/1U-Pr4r1-cupgNOOq9NH_uTsQnPSVEKco,data/_source/isl_dictionary/N/NIC_Service_Desk.mp4,24375,ISLRTC,src=N/NIC_Service_Desk.mp4
nice,nice,1,https://drive.google.com/drive/folders/1U-Pr4r1-cupgNOOq9NH_uTsQnPSVEKco,data/_source/isl_dictionary/N/Nice.mp4,3880,ISLRTC,src=N/Nice.mp4; 1 other variant(s)
nice_to_meet_you,nice to meet you,4,https://drive.google.com/drive/folders/1U-Pr4r1-cupgNOOq9NH_uTsQnPSVEKco,data/_source/isl_dictionary/N/Nice_to_Meet_You.mp4,3320,ISLRTC,src=N/Nice_to_Meet_You.mp4
nickel,nickel,1,https://drive.google.com/drive/folders/1U-Pr4r1-cupgNOOq9NH_uTsQnPSVEKco,data/_source/isl_dictionary/N/Nickel.mp4,21917,ISLRTC,src=N/Nickel.mp4
niece,niece,1,https://drive.google.com/drive/folders/1U-Pr4r1-cupgNOOq9NH_uTsQnPSVEKco,data/_source/isl_dictionary/N/Niece.mp4,3520,ISLRTC,src=N/Niece.mp4
niger,niger,1,https://drive.google.com/drive/folders/1U-Pr4r1-cupgNOOq9NH_uTsQnPSVEKco,data/_source/isl_dictionary/N/Niger.mp4,2640,ISLRTC,src=N/Niger.mp4
nigeria,nigeria,1,https://drive.google.com/drive/folders/1U-Pr4r1-cupgNOOq9NH_uTsQnPSVEKco,data/_source/isl_dictionary/N/Nigeria.mp4,3280,ISLRTC,src=N/Nigeria.mp4
night,night,1,https://drive.google.com/drive/folders/1U-Pr4r1-cupgNOOq9NH_uTsQnPSVEKco,data/_source/isl_dictionary/N/Night.mp4,2840,ISLRTC,src=N/Night.mp4
nightmare_bad_dream,nightmare bad dream,3,https://drive.google.com/drive/folders/1U-Pr4r1-cupgNOOq9NH_uTsQnPSVEKco,data/_source/isl_dictionary/N/Nightmare_Bad_Dream.mp4,12458,ISLRTC,src=N/Nightmare_Bad_Dream.mp4
nine,nine,1,https://drive.google.com/drive/folders/1U-Pr4r1-cupgNOOq9NH_uTsQnPSVEKco,data/_source/isl_dictionary/Numbers/9_Nine.mp4,3800,ISLRTC,src=Numbers/9_Nine.mp4
nineteen,nineteen,1,https://drive.google.com/drive/folders/1U-Pr4r1-cupgNOOq9NH_uTsQnPSVEKco,data/_source/isl_dictionary/Numbers/19_Nineteen.mp4,3800,ISLRTC,src=Numbers/19_Nineteen.mp4
ninth,ninth,1,https://drive.google.com/drive/folders/1U-Pr4r1-cupgNOOq9NH_uTsQnPSVEKco,data/_source/isl_dictionary/N/Ninth.mp4,5920,ISLRTC,src=N/Ninth.mp4
nitrogen,nitrogen,1,https://drive.google.com/drive/folders/1U-Pr4r1-cupgNOOq9NH_uTsQnPSVEKco,data/_source/isl_dictionary/N/Nitrogen.mp4,2400,ISLRTC,src=N/Nitrogen.mp4
no,no,1,https://drive.google.com/drive/folders/1U-Pr4r1-cupgNOOq9NH_uTsQnPSVEKco,data/_source/isl_dictionary/N/No.mp4,3080,ISLRTC,src=N/No.mp4; 1 other variant(s)
no_ball,no ball,2,https://drive.google.com/drive/folders/1U-Pr4r1-cupgNOOq9NH_uTsQnPSVEKco,data/_source/isl_dictionary/N/No_Ball.mp4,18240,ISLRTC,src=N/No_Ball.mp4
no_not,no not,2,https://drive.google.com/drive/folders/1U-Pr4r1-cupgNOOq9NH_uTsQnPSVEKco,data/_source/isl_dictionary/N/No_Not.mp4,3840,ISLRTC,src=N/No_Not.mp4
no_pain_no_gain,no pain no gain,4,https://drive.google.com/drive/folders/1U-Pr4r1-cupgNOOq9NH_uTsQnPSVEKco,data/_source/isl_dictionary/N/No_Pain_No_Gain.mp4,16360,ISLRTC,src=N/No_Pain_No_Gain.mp4
noise_din,noise din,2,https://drive.google.com/drive/folders/1U-Pr4r1-cupgNOOq9NH_uTsQnPSVEKco,data/_source/isl_dictionary/N/Noise_Din.mp4,3880,ISLRTC,src=N/Noise_Din.mp4
noise_pollution,noise pollution,2,https://drive.google.com/drive/folders/1U-Pr4r1-cupgNOOq9NH_uTsQnPSVEKco,data/_source/isl_dictionary/N/Noise_Pollution.mp4,5120,ISLRTC,src=N/Noise_Pollution.mp4
nokia_mobile,nokia mobile,2,https://drive.google.com/drive/folders/1U-Pr4r1-cupgNOOq9NH_uTsQnPSVEKco,data/_source/isl_dictionary/N/Nokia_Mobile.mp4,5760,ISLRTC,src=N/Nokia_Mobile.mp4
nominee,nominee,1,https://drive.google.com/drive/folders/1U-Pr4r1-cupgNOOq9NH_uTsQnPSVEKco,data/_source/isl_dictionary/N/Nominee.mp4,23400,ISLRTC,src=N/Nominee.mp4; 2 other variant(s)
nomographer,nomographer,1,https://drive.google.com/drive/folders/1U-Pr4r1-cupgNOOq9NH_uTsQnPSVEKco,data/_source/isl_dictionary/N/Nomographer.mp4,12480,ISLRTC,src=N/Nomographer.mp4
non_access,non access,2,https://drive.google.com/drive/folders/1U-Pr4r1-cupgNOOq9NH_uTsQnPSVEKco,data/_source/isl_dictionary/N/Non_Access.mp4,13800,ISLRTC,src=N/Non_Access.mp4
non_humped,non humped,2,https://drive.google.com/drive/folders/1U-Pr4r1-cupgNOOq9NH_uTsQnPSVEKco,data/_source/isl_dictionary/N/Non_Humped.mp4,22083,ISLRTC,src=N/Non_Humped.mp4
non_infectious_disease,non infectious disease,3,https://drive.google.com/drive/folders/1U-Pr4r1-cupgNOOq9NH_uTsQnPSVEKco,data/_source/isl_dictionary/N/Non_Infectious_Disease.mp4,13480,ISLRTC,src=N/Non_Infectious_Disease.mp4
non_judgemental,non judgemental,2,https://drive.google.com/drive/folders/1U-Pr4r1-cupgNOOq9NH_uTsQnPSVEKco,data/_source/isl_dictionary/MHSL - 259/Non_-_Judgemental.mp4,23722,ISLRTC,src=MHSL - 259/Non_-_Judgemental.mp4
non_official,non official,2,https://drive.google.com/drive/folders/1U-Pr4r1-cupgNOOq9NH_uTsQnPSVEKco,data/_source/isl_dictionary/N/Non_Official.mp4,27960,ISLRTC,src=N/Non_Official.mp4
non_woven,non woven,2,https://drive.google.com/drive/folders/1U-Pr4r1-cupgNOOq9NH_uTsQnPSVEKco,data/_source/isl_dictionary/N/Non_Woven.mp4,18720,ISLRTC,src=N/Non_Woven.mp4
noncommunicable_disease,noncommunicable disease,2,https://drive.google.com/drive/folders/1U-Pr4r1-cupgNOOq9NH_uTsQnPSVEKco,data/_source/isl_dictionary/N/Noncommunicable_Disease.mp4,24480,ISLRTC,src=N/Noncommunicable_Disease.mp4
none,none,1,https://drive.google.com/drive/folders/1U-Pr4r1-cupgNOOq9NH_uTsQnPSVEKco,data/_source/isl_dictionary/N/None_Nothing_Empty.mp4,3960,ISLRTC,alias of 'none nothing empty': dictionary files three synonyms under one sign
none_nothing,none nothing,2,https://drive.google.com/drive/folders/1U-Pr4r1-cupgNOOq9NH_uTsQnPSVEKco,data/_source/isl_dictionary/N/None_Nothing.mp4,3200,ISLRTC,src=N/None_Nothing.mp4; 2 other variant(s)
none_nothing_empty,none nothing empty,3,https://drive.google.com/drive/folders/1U-Pr4r1-cupgNOOq9NH_uTsQnPSVEKco,data/_source/isl_dictionary/N/None_Nothing_Empty.mp4,3960,ISLRTC,src=N/None_Nothing_Empty.mp4
noon,noon,1,https://drive.google.com/drive/folders/1U-Pr4r1-cupgNOOq9NH_uTsQnPSVEKco,data/_source/isl_dictionary/N/Noon.mp4,3600,ISLRTC,src=N/Noon.mp4
noose,noose,1,https://drive.google.com/drive/folders/1U-Pr4r1-cupgNOOq9NH_uTsQnPSVEKco,data/_source/isl_dictionary/N/Noose.mp4,5920,ISLRTC,src=N/Noose.mp4
norfolk_jacket,norfolk jacket,2,https://drive.google.com/drive/folders/1U-Pr4r1-cupgNOOq9NH_uTsQnPSVEKco,data/_source/isl_dictionary/N/Norfolk_Jacket.mp4,8640,ISLRTC,src=N/Norfolk_Jacket.mp4
norm,norm,1,https://drive.google.com/drive/folders/1U-Pr4r1-cupgNOOq9NH_uTsQnPSVEKco,data/_source/isl_dictionary/N/Norm.mp4,11833,ISLRTC,src=N/Norm.mp4
norm_group,norm group,2,https://drive.google.com/drive/folders/1U-Pr4r1-cupgNOOq9NH_uTsQnPSVEKco,data/_source/isl_dictionary/N/Norm_Group.mp4,14542,ISLRTC,src=N/Norm_Group.mp4
normal_delivery_and_cesarean,normal delivery and cesarean,4,https://drive.google.com/drive/folders/1U-Pr4r1-cupgNOOq9NH_uTsQnPSVEKco,data/_source/isl_dictionary/N/Normal_Delivery_and_Cesarean_(Sign_2).mp4,17280,ISLRTC,src=N/Normal_Delivery_and_Cesarean_(Sign_2).mp4
normal_hearing_sensitivity,normal hearing sensitivity,3,https://drive.google.com/drive/folders/1U-Pr4r1-cupgNOOq9NH_uTsQnPSVEKco,data/_source/isl_dictionary/N/Normal_Hearing_Sensitivity.mp4,11292,ISLRTC,src=N/Normal_Hearing_Sensitivity.mp4
north,north,1,https://drive.google.com/drive/folders/1U-Pr4r1-cupgNOOq9NH_uTsQnPSVEKco,data/_source/isl_dictionary/N/North.mp4,3120,ISLRTC,src=N/North.mp4
north_korea,north korea,2,https://drive.google.com/drive/folders/1U-Pr4r1-cupgNOOq9NH_uTsQnPSVEKco,data/_source/isl_dictionary/N/North_Korea.mp4,3280,ISLRTC,src=N/North_Korea.mp4
north_pole_and_south_pole,north pole and south pole,5,https://drive.google.com/drive/folders/1U-Pr4r1-cupgNOOq9NH_uTsQnPSVEKco,data/_source/isl_dictionary/N/North_Pole_and_South_Pole.mp4,19720,ISLRTC,src=N/North_Pole_and_South_Pole.mp4; 1 other variant(s)
northeast,northeast,1,https://drive.google.com/drive/folders/1U-Pr4r1-cupgNOOq9NH_uTsQnPSVEKco,data/_source/isl_dictionary/N/North-East.mp4,4200,ISLRTC,src=N/North-East.mp4
norway,norway,1,https://drive.google.com/drive/folders/1U-Pr4r1-cupgNOOq9NH_uTsQnPSVEKco,data/_source/isl_dictionary/N/Norway.mp4,3280,ISLRTC,src=N/Norway.mp4
nose,nose,1,https://drive.google.com/drive/folders/1U-Pr4r1-cupgNOOq9NH_uTsQnPSVEKco,data/_source/isl_dictionary/N/Nose.mp4,4160,ISLRTC,src=N/Nose.mp4
nostril,nostril,1,https://drive.google.com/drive/folders/1U-Pr4r1-cupgNOOq9NH_uTsQnPSVEKco,data/_source/isl_dictionary/N/Nostril.mp4,4440,ISLRTC,src=N/Nostril.mp4
nota,nota,1,https://drive.google.com/drive/folders/1U-Pr4r1-cupgNOOq9NH_uTsQnPSVEKco,data/_source/isl_dictionary/N/Nota.m4v,23160,ISLRTC,src=N/Nota.m4v
notch_collar,notch collar,2,https://drive.google.com/drive/folders/1U-Pr4r1-cupgNOOq9NH_uTsQnPSVEKco,data/_source/isl_dictionary/N/Notch_Collar.mp4,9600,ISLRTC,src=N/Notch_Collar.mp4
notebook,notebook,1,https://drive.google.com/drive/folders/1U-Pr4r1-cupgNOOq9NH_uTsQnPSVEKco,data/_source/isl_dictionary/N/Notebook.mp4,3520,ISLRTC,src=N/Notebook.mp4
notesheet,notesheet,1,https://drive.google.com/drive/folders/1U-Pr4r1-cupgNOOq9NH_uTsQnPSVEKco,data/_source/isl_dictionary/N/Notesheet.mp4,4583,ISLRTC,src=N/Notesheet.mp4
nothing,nothing,1,https://drive.google.com/drive/folders/1U-Pr4r1-cupgNOOq9NH_uTsQnPSVEKco,data/_source/isl_dictionary/N/None_Nothing_Empty.mp4,3960,ISLRTC,alias of 'none nothing empty': dictionary files three synonyms under one sign
notice_notification,notice notification,2,https://drive.google.com/drive/folders/1U-Pr4r1-cupgNOOq9NH_uTsQnPSVEKco,data/_source/isl_dictionary/N/Notice_Notification.mp4,4800,ISLRTC,src=N/Notice_Notification.mp4
noting,noting,1,https://drive.google.com/drive/folders/1U-Pr4r1-cupgNOOq9NH_uTsQnPSVEKco,data/_source/isl_dictionary/N/Noting.mp4,26560,ISLRTC,src=N/Noting.mp4
noun,noun,1,https://drive.google.com/drive/folders/1U-Pr4r1-cupgNOOq9NH_uTsQnPSVEKco,data/_source/isl_dictionary/N/Noun_(Sign_2).mp4,20875,ISLRTC,src=N/Noun_(Sign_2).mp4; 2 other variant(s)
november,november,1,https://drive.google.com/drive/folders/1U-Pr4r1-cupgNOOq9NH_uTsQnPSVEKco,data/_source/isl_dictionary/N/November.mp4,4440,ISLRTC,src=N/November.mp4
novus_homo,novus homo,2,https://drive.google.com/drive/folders/1U-Pr4r1-cupgNOOq9NH_uTsQnPSVEKco,data/_source/isl_dictionary/N/Novus_Homo.mp4,26480,ISLRTC,src=N/Novus_Homo.mp4
now,now,1,https://drive.google.com/drive/folders/1U-Pr4r1-cupgNOOq9NH_uTsQnPSVEKco,data/_source/isl_dictionary/N/Now_Right_Now.mp4,4000,ISLRTC,alias of 'now right now': dictionary files both phrases under one sign
now_right_now,now right now,3,https://drive.google.com/drive/folders/1U-Pr4r1-cupgNOOq9NH_uTsQnPSVEKco,data/_source/isl_dictionary/N/Now_Right_Now.mp4,4000,ISLRTC,src=N/Now_Right_Now.mp4
noxious_gases,noxious gases,2,https://drive.google.com/drive/folders/1U-Pr4r1-cupgNOOq9NH_uTsQnPSVEKco,data/_source/isl_dictionary/N/Noxious_Gases.mp4,22083,ISLRTC,src=N/Noxious_Gases.mp4
npr_national_population_register,npr national population register,4,https://drive.google.com/drive/folders/1U-Pr4r1-cupgNOOq9NH_uTsQnPSVEKco,data/_source/isl_dictionary/N/Npr-_National_Population_Register.mp4,28458,ISLRTC,src=N/Npr-_National_Population_Register.mp4
nubilis,nubilis,1,https://drive.google.com/drive/folders/1U-Pr4r1-cupgNOOq9NH_uTsQnPSVEKco,data/_source/isl_dictionary/N/Nubilis.mp4,26280,ISLRTC,src=N/Nubilis.mp4
nuclear_energy,nuclear energy,2,https://drive.google.com/drive/folders/1U-Pr4r1-cupgNOOq9NH_uTsQnPSVEKco,data/_source/isl_dictionary/N/Nuclear_Energy.mp4,5250,ISLRTC,src=N/Nuclear_Energy.mp4
nuclear_family,nuclear family,2,https://drive.google.com/drive/folders/1U-Pr4r1-cupgNOOq9NH_uTsQnPSVEKco,data/_source/isl_dictionary/N/Nuclear_Family.mp4,19200,ISLRTC,src=N/Nuclear_Family.mp4; 1 other variant(s)
nucleus,nucleus,1,https://drive.google.com/drive/folders/1U-Pr4r1-cupgNOOq9NH_uTsQnPSVEKco,data/_source/isl_dictionary/N/Nucleus.mp4,4250,ISLRTC,src=N/Nucleus.mp4
nuisance,nuisance,1,https://drive.google.com/drive/folders/1U-Pr4r1-cupgNOOq9NH_uTsQnPSVEKco,data/_source/isl_dictionary/N/Nuisance.mp4,25320,ISLRTC,src=N/Nuisance.mp4
number,number,1,https://drive.google.com/drive/folders/1U-Pr4r1-cupgNOOq9NH_uTsQnPSVEKco,data/_source/isl_dictionary/N/Number.mp4,3560,ISLRTC,src=N/Number.mp4
number_plate,number plate,2,https://drive.google.com/drive/folders/1U-Pr4r1-cupgNOOq9NH_uTsQnPSVEKco,data/_source/isl_dictionary/N/Number_Plate.mp4,6120,ISLRTC,src=N/Number_Plate.mp4
numerical_control,numerical control,2,https://drive.google.com/drive/folders/1U-Pr4r1-cupgNOOq9NH_uTsQnPSVEKco,data/_source/isl_dictionary/N/Numerical_Control.mp4,9120,ISLRTC,src=N/Numerical_Control.mp4
numerous,numerous,1,https://drive.google.com/drive/folders/1U-Pr4r1-cupgNOOq9NH_uTsQnPSVEKco,data/_source/isl_dictionary/M/Many_Numerous.mp4,3320,ISLRTC,alias of 'many numerous': dictionary files both words under one sign
numpad,numpad,1,https://drive.google.com/drive/folders/1U-Pr4r1-cupgNOOq9NH_uTsQnPSVEKco,data/_source/isl_dictionary/N/Numpad.mp4,12000,ISLRTC,src=N/Numpad.mp4
nuncupative_will,nuncupative will,2,https://drive.google.com/drive/folders/1U-Pr4r1-cupgNOOq9NH_uTsQnPSVEKco,data/_source/isl_dictionary/N/Nuncupative_Will.mp4,9520,ISLRTC,src=N/Nuncupative_Will.mp4
nurse,nurse,1,https://drive.google.com/drive/folders/1U-Pr4r1-cupgNOOq9NH_uTsQnPSVEKco,data/_source/isl_dictionary/N/Nurse.mp4,4800,ISLRTC,src=N/Nurse.mp4; 1 other variant(s)
nursery_rhymes,nursery rhymes,2,https://drive.google.com/drive/folders/1U-Pr4r1-cupgNOOq9NH_uTsQnPSVEKco,data/_source/isl_dictionary/N/Nursery_Rhymes.mp4,28333,ISLRTC,src=N/Nursery_Rhymes.mp4
nurses,nurses,1,https://drive.google.com/drive/folders/1U-Pr4r1-cupgNOOq9NH_uTsQnPSVEKco,data/_source/isl_dictionary/N/Nurses.mp4,3000,ISLRTC,src=N/Nurses.mp4
nut,nut,1,https://drive.google.com/drive/folders/1U-Pr4r1-cupgNOOq9NH_uTsQnPSVEKco,data/_source/isl_dictionary/N/Nut.mp4,7680,ISLRTC,src=N/Nut.mp4
nutrition,nutrition,1,https://drive.google.com/drive/folders/1U-Pr4r1-cupgNOOq9NH_uTsQnPSVEKco,data/_source/isl_dictionary/N/Nutrition.mp4,12400,ISLRTC,src=N/Nutrition.mp4
oasis,oasis,1,https://drive.google.com/drive/folders/1U-Pr4r1-cupgNOOq9NH_uTsQnPSVEKco,data/_source/isl_dictionary/O/Oasis.mp4,16920,ISLRTC,src=O/Oasis.mp4
oath,oath,1,https://drive.google.com/drive/folders/1U-Pr4r1-cupgNOOq9NH_uTsQnPSVEKco,data/_source/isl_dictionary/O/Oath.mp4,3960,ISLRTC,src=O/Oath.mp4
oath_affirm_depose,oath affirm depose,3,https://drive.google.com/drive/folders/1U-Pr4r1-cupgNOOq9NH_uTsQnPSVEKco,data/_source/isl_dictionary/O/Oath_Affirm_Depose.mp4,22360,ISLRTC,src=O/Oath_Affirm_Depose.mp4
oath_pledge,oath pledge,2,https://drive.google.com/drive/folders/1U-Pr4r1-cupgNOOq9NH_uTsQnPSVEKco,data/_source/isl_dictionary/O/Oath_Pledge.mp4,3440,ISLRTC,src=O/Oath_Pledge.mp4
obesity,obesity,1,https://drive.google.com/drive/folders/1U-Pr4r1-cupgNOOq9NH_uTsQnPSVEKco,data/_source/isl_dictionary/O/Obesity.mp4,3680,ISLRTC,src=O/Obesity.mp4
obey_comply,obey comply,2,https://drive.google.com/drive/folders/1U-Pr4r1-cupgNOOq9NH_uTsQnPSVEKco,data/_source/isl_dictionary/O/Obey_Comply.mp4,2680,ISLRTC,src=O/Obey_Comply.mp4; 1 other variant(s)
objectives,objectives,1,https://drive.google.com/drive/folders/1U-Pr4r1-cupgNOOq9NH_uTsQnPSVEKco,data/_source/isl_dictionary/O/Objectives.mp4,2208,ISLRTC,src=O/Objectives.mp4
obligate_parasite,obligate parasite,2,https://drive.google.com/drive/folders/1U-Pr4r1-cupgNOOq9NH_uTsQnPSVEKco,data/_source/isl_dictionary/O/Obligate_Parasite.mp4,16280,ISLRTC,src=O/Obligate_Parasite.mp4
obligate_saprophyte,obligate saprophyte,2,https://drive.google.com/drive/folders/1U-Pr4r1-cupgNOOq9NH_uTsQnPSVEKco,data/_source/isl_dictionary/O/Obligate_Saprophyte.mp4,13160,ISLRTC,src=O/Obligate_Saprophyte.mp4
observe,observe,1,https://drive.google.com/drive/folders/1U-Pr4r1-cupgNOOq9NH_uTsQnPSVEKco,data/_source/isl_dictionary/O/Observe_Watch.mp4,2680,ISLRTC,alias of 'observe watch': dictionary files both words under one sign
observe_watch,observe watch,2,https://drive.google.com/drive/folders/1U-Pr4r1-cupgNOOq9NH_uTsQnPSVEKco,data/_source/isl_dictionary/O/Observe_Watch.mp4,2680,ISLRTC,src=O/Observe_Watch.mp4
obstetric_bed,obstetric bed,2,https://drive.google.com/drive/folders/1U-Pr4r1-cupgNOOq9NH_uTsQnPSVEKco,data/_source/isl_dictionary/O/Obstetric_Bed.mp4,5640,ISLRTC,src=O/Obstetric_Bed.mp4
obstetricians,obstetricians,1,https://drive.google.com/drive/folders/1U-Pr4r1-cupgNOOq9NH_uTsQnPSVEKco,data/_source/isl_dictionary/O/Obstetricians.mp4,4040,ISLRTC,src=O/Obstetricians.mp4
ocean_thermal_energy,ocean thermal energy,3,https://drive.google.com/drive/folders/1U-Pr4r1-cupgNOOq9NH_uTsQnPSVEKco,data/_source/isl_dictionary/O/Ocean_Thermal_Energy.mp4,22458,ISLRTC,src=O/Ocean_Thermal_Energy.mp4
october,october,1,https://drive.google.com/drive/folders/1U-Pr4r1-cupgNOOq9NH_uTsQnPSVEKco,data/_source/isl_dictionary/O/October.mp4,3240,ISLRTC,src=O/October.mp4; 1 other variant(s)
octopus,octopus,1,https://drive.google.com/drive/folders/1U-Pr4r1-cupgNOOq9NH_uTsQnPSVEKco,data/_source/isl_dictionary/O/Octopus.mp4,4880,ISLRTC,src=O/Octopus.mp4
odd_leg_caliper,odd leg caliper,3,https://drive.google.com/drive/folders/1U-Pr4r1-cupgNOOq9NH_uTsQnPSVEKco,data/_source/isl_dictionary/O/Odd_Leg_Caliper.mp4,27360,ISLRTC,src=O/Odd_Leg_Caliper.mp4
odds,odds,1,https://drive.google.com/drive/folders/1U-Pr4r1-cupgNOOq9NH_uTsQnPSVEKco,data/_source/isl_dictionary/O/Odds.mp4,23958,ISLRTC,src=O/Odds.mp4
odisha,odisha,1,https://drive.google.com/drive/folders/1U-Pr4r1-cupgNOOq9NH_uTsQnPSVEKco,data/_source/isl_dictionary/O/Odisha_(Orissa).mp4,3960,ISLRTC,src=O/Odisha_(Orissa).mp4
offence,offence,1,https://drive.google.com/drive/folders/1U-Pr4r1-cupgNOOq9NH_uTsQnPSVEKco,data/_source/isl_dictionary/O/Offence.mp4,27840,ISLRTC,src=O/Offence.mp4; 1 other variant(s)
offer,offer,1,https://drive.google.com/drive/folders/1U-Pr4r1-cupgNOOq9NH_uTsQnPSVEKco,data/_source/isl_dictionary/O/Offer.mp4,6360,ISLRTC,src=O/Offer.mp4
office,office,1,https://drive.google.com/drive/folders/1U-Pr4r1-cupgNOOq9NH_uTsQnPSVEKco,data/_source/isl_dictionary/O/Office.mp4,2520,ISLRTC,src=O/Office.mp4
office_branch,office branch,2,https://drive.google.com/drive/folders/1U-Pr4r1-cupgNOOq9NH_uTsQnPSVEKco,data/_source/isl_dictionary/O/Office_Branch_(Explanation).mp4,6280,ISLRTC,src=O/Office_Branch_(Explanation).mp4
office_memorandum,office memorandum,2,https://drive.google.com/drive/folders/1U-Pr4r1-cupgNOOq9NH_uTsQnPSVEKco,data/_source/isl_dictionary/O/Office_Memorandum(O.M.).mp4,28125,ISLRTC,src=O/Office_Memorandum(O.M.).mp4
officer_incharge_of_jail,officer incharge of jail,4,https://drive.google.com/drive/folders/1U-Pr4r1-cupgNOOq9NH_uTsQnPSVEKco,data/_source/isl_dictionary/O/Officer_in-Charge_of_Jail.mp4,12000,ISLRTC,src=O/Officer_in-Charge_of_Jail.mp4
official,official,1,https://drive.google.com/drive/folders/1U-Pr4r1-cupgNOOq9NH_uTsQnPSVEKco,data/_source/isl_dictionary/O/Official.mp4,2960,ISLRTC,src=O/Official.mp4; 2 other variant(s)
official_language,official language,2,https://drive.google.com/drive/folders/1U-Pr4r1-cupgNOOq9NH_uTsQnPSVEKco,data/_source/isl_dictionary/O/Official_Language.mp4,21120,ISLRTC,src=O/Official_Language.mp4
officialese,officialese,1,https://drive.google.com/drive/folders/1U-Pr4r1-cupgNOOq9NH_uTsQnPSVEKco,data/_source/isl_dictionary/O/Officialese.mp4,15640,ISLRTC,src=O/Officialese.mp4
offline_editing,offline editing,2,https://drive.google.com/drive/folders/1U-Pr4r1-cupgNOOq9NH_uTsQnPSVEKco,data/_source/isl_dictionary/O/Offline_Editing.mp4,8667,ISLRTC,src=O/Offline_Editing.mp4
offset_rod,offset rod,2,https://drive.google.com/drive/folders/1U-Pr4r1-cupgNOOq9NH_uTsQnPSVEKco,data/_source/isl_dictionary/O/Offset_Rod.mp4,28083,ISLRTC,src=O/Offset_Rod.mp4
often,often,1,https://drive.google.com/drive/folders/1U-Pr4r1-cupgNOOq9NH_uTsQnPSVEKco,data/_source/isl_dictionary/O/Often.mp4,3120,ISLRTC,src=O/Often.mp4; 1 other variant(s)
ogle_from_head_to_toe_gape_gawk,ogle from head to toe gape gawk,7,https://drive.google.com/drive/folders/1U-Pr4r1-cupgNOOq9NH_uTsQnPSVEKco,data/_source/isl_dictionary/O/Ogle_From_Head_to_Toe_Gape_Gawk.mp4,4600,ISLRTC,src=O/Ogle_From_Head_to_Toe_Gape_Gawk.mp4
oil,oil,1,https://drive.google.com/drive/folders/1U-Pr4r1-cupgNOOq9NH_uTsQnPSVEKco,data/_source/isl_dictionary/O/Oil.mp4,4400,ISLRTC,src=O/Oil.mp4; 2 other variant(s)
oil_can,oil can,2,https://drive.google.com/drive/folders/1U-Pr4r1-cupgNOOq9NH_uTsQnPSVEKco,data/_source/isl_dictionary/O/Oil_Can.mp4,17400,ISLRTC,src=O/Oil_Can.mp4
oil_seed_crop_disease,oil seed crop disease,4,https://drive.google.com/drive/folders/1U-Pr4r1-cupgNOOq9NH_uTsQnPSVEKco,data/_source/isl_dictionary/O/Oil_Seed_Crop_Disease.mp4,20960,ISLRTC,src=O/Oil_Seed_Crop_Disease.mp4
oil_spill,oil spill,2,https://drive.google.com/drive/folders/1U-Pr4r1-cupgNOOq9NH_uTsQnPSVEKco,data/_source/isl_dictionary/O/Oil_Spill.mp4,17750,ISLRTC,src=O/Oil_Spill.mp4
oil_tanker_train_petrol_train,oil tanker train petrol train,5,https://drive.google.com/drive/folders/1U-Pr4r1-cupgNOOq9NH_uTsQnPSVEKco,data/_source/isl_dictionary/O/Oil_Tanker_Train_Petrol_Train.mp4,5458,ISLRTC,src=O/Oil_Tanker_Train_Petrol_Train.mp4
oink_snort_squeal,oink snort squeal,3,https://drive.google.com/drive/folders/1U-Pr4r1-cupgNOOq9NH_uTsQnPSVEKco,data/_source/isl_dictionary/O/Oink_Snort_Squeal.mp4,6375,ISLRTC,src=O/Oink_Snort_Squeal.mp4
ok,ok,1,https://drive.google.com/drive/folders/1U-Pr4r1-cupgNOOq9NH_uTsQnPSVEKco,data/_source/isl_dictionary/O/Okay.mp4,4000,ISLRTC,alias of 'okay': spelling variant
okay,okay,1,https://drive.google.com/drive/folders/1U-Pr4r1-cupgNOOq9NH_uTsQnPSVEKco,data/_source/isl_dictionary/O/Okay.mp4,4000,ISLRTC,src=O/Okay.mp4; 1 other variant(s)
old,old,1,https://drive.google.com/drive/folders/1U-Pr4r1-cupgNOOq9NH_uTsQnPSVEKco,data/_source/isl_dictionary/O/Old_(Things_Time).mp4,3560,ISLRTC,src=O/Old_(Things_Time).mp4
old_aged_elderly,old aged elderly,3,https://drive.google.com/drive/folders/1U-Pr4r1-cupgNOOq9NH_uTsQnPSVEKco,data/_source/isl_dictionary/O/Old_Aged_Elderly_(Person).mp4,3920,ISLRTC,src=O/Old_Aged_Elderly_(Person).mp4
old_obsolete_outdated_ancient,old obsolete outdated ancient,4,https://drive.google.com/drive/folders/1U-Pr4r1-cupgNOOq9NH_uTsQnPSVEKco,data/_source/isl_dictionary/O/Old_Obsolete_Outdated_Ancient_(Thing_Time).mp4,4200,ISLRTC,src=O/Old_Obsolete_Outdated_Ancient_(Thing_Time).mp4
older_brother,older brother,2,https://drive.google.com/drive/folders/1U-Pr4r1-cupgNOOq9NH_uTsQnPSVEKco,data/_source/isl_dictionary/O/Older_Brother_Elder_Brother.mp4,2720,ISLRTC,alias of 'older brother elder brother': dictionary files both phrases under one sign
older_brother_elder_brother,older brother elder brother,4,https://drive.google.com/drive/folders/1U-Pr4r1-cupgNOOq9NH_uTsQnPSVEKco,data/_source/isl_dictionary/O/Older_Brother_Elder_Brother.mp4,2720,ISLRTC,src=O/Older_Brother_Elder_Brother.mp4
older_sister_elder_sister,older sister elder sister,4,https://drive.google.com/drive/folders/1U-Pr4r1-cupgNOOq9NH_uTsQnPSVEKco,data/_source/isl_dictionary/O/Older_Sister_Elder_Sister.mp4,2920,ISLRTC,src=O/Older_Sister_Elder_Sister.mp4
olericulture,olericulture,1,https://drive.google.com/drive/folders/1U-Pr4r1-cupgNOOq9NH_uTsQnPSVEKco,data/_source/isl_dictionary/O/Olericulture.mp4,11000,ISLRTC,src=O/Olericulture.mp4
olfactory_glands_bowman_s_glands,olfactory glands bowman's glands,4,https://drive.google.com/drive/folders/1U-Pr4r1-cupgNOOq9NH_uTsQnPSVEKco,data/_source/isl_dictionary/O/Olfactory_Glands_Bowman_s_Glands.mp4,12240,ISLRTC,src=O/Olfactory_Glands_Bowman_s_Glands.mp4
omnivovus_fishes,omnivovus fishes,2,https://drive.google.com/drive/folders/1U-Pr4r1-cupgNOOq9NH_uTsQnPSVEKco,data/_source/isl_dictionary/O/Omnivovus_Fishes.mp4,18250,ISLRTC,src=O/Omnivovus_Fishes.mp4
on,on,1,https://drive.google.com/drive/folders/1U-Pr4r1-cupgNOOq9NH_uTsQnPSVEKco,data/_source/isl_dictionary/O/On.mp4,3280,ISLRTC,src=O/On.mp4
on_cloud_nine,on cloud nine,3,https://drive.google.com/drive/folders/1U-Pr4r1-cupgNOOq9NH_uTsQnPSVEKco,data/_source/isl_dictionary/O/On_Cloud_Nine.mp4,14800,ISLRTC,src=O/On_Cloud_Nine.mp4
on_the_ball,on the ball,3,https://drive.google.com/drive/folders/1U-Pr4r1-cupgNOOq9NH_uTsQnPSVEKco,data/_source/isl_dictionary/O/On_the_Ball.mp4,17440,ISLRTC,src=O/On_the_Ball.mp4
on_the_basis_of_crops_disease,on the basis of crops disease,6,https://drive.google.com/drive/folders/1U-Pr4r1-cupgNOOq9NH_uTsQnPSVEKco,data/_source/isl_dictionary/O/On_the_Basis_of_Crops_Disease.mp4,21320,ISLRTC,src=O/On_the_Basis_of_Crops_Disease.mp4
on_the_basis_of_life_cycle,on the basis of life cycle,6,https://drive.google.com/drive/folders/1U-Pr4r1-cupgNOOq9NH_uTsQnPSVEKco,data/_source/isl_dictionary/O/On_the_Basis_of_Life_Cycle.mp4,12480,ISLRTC,src=O/On_the_Basis_of_Life_Cycle.mp4
on_the_basis_of_major_causal_agents,on the basis of major causal agents,7,https://drive.google.com/drive/folders/1U-Pr4r1-cupgNOOq9NH_uTsQnPSVEKco,data/_source/isl_dictionary/O/On_the_Basis_of_Major_Causal_Agents.mp4,14720,ISLRTC,src=O/On_the_Basis_of_Major_Causal_Agents.mp4
on_the_basis_of_pond,on the basis of pond,5,https://drive.google.com/drive/folders/1U-Pr4r1-cupgNOOq9NH_uTsQnPSVEKco,data/_source/isl_dictionary/O/On_the_Basis_of_Pond.mp4,22583,ISLRTC,src=O/On_the_Basis_of_Pond.mp4
on_the_basis_of_propagation,on the basis of propagation,5,https://drive.google.com/drive/folders/1U-Pr4r1-cupgNOOq9NH_uTsQnPSVEKco,data/_source/isl_dictionary/O/On_the_Basis_of_Propagation.mp4,14875,ISLRTC,src=O/On_the_Basis_of_Propagation.mp4
on_the_basis_of_the_origin,on the basis of the origin,6,https://drive.google.com/drive/folders/1U-Pr4r1-cupgNOOq9NH_uTsQnPSVEKco,data/_source/isl_dictionary/O/On_the_Basis_of_the_Origin.mp4,27875,ISLRTC,src=O/On_the_Basis_of_the_Origin.mp4
on_the_basis_of_use_of_pond,on the basis of use of pond,7,https://drive.google.com/drive/folders/1U-Pr4r1-cupgNOOq9NH_uTsQnPSVEKco,data/_source/isl_dictionary/O/On_the_Basis_of_Use_of_Pond.mp4,14875,ISLRTC,src=O/On_the_Basis_of_Use_of_Pond.mp4
on_the_basis_of_water_areas,on the basis of water areas,6,https://drive.google.com/drive/folders/1U-Pr4r1-cupgNOOq9NH_uTsQnPSVEKco,data/_source/isl_dictionary/O/On_the_Basis_of_Water_Areas.mp4,21625,ISLRTC,src=O/On_the_Basis_of_Water_Areas.mp4
on_the_basis_of_water_in_pond,on the basis of water in pond,7,https://drive.google.com/drive/folders/1U-Pr4r1-cupgNOOq9NH_uTsQnPSVEKco,data/_source/isl_dictionary/O/On_the_Basis_of_Water_in_Pond.mp4,16792,ISLRTC,src=O/On_the_Basis_of_Water_in_Pond.mp4
onam,onam,1,https://drive.google.com/drive/folders/1U-Pr4r1-cupgNOOq9NH_uTsQnPSVEKco,data/_source/isl_dictionary/O/Onam.mp4,3708,ISLRTC,src=O/Onam.mp4; 1 other variant(s)
once,once,1,https://drive.google.com/drive/folders/1U-Pr4r1-cupgNOOq9NH_uTsQnPSVEKco,data/_source/isl_dictionary/O/Once.mp4,3808,ISLRTC,src=O/Once.mp4
oncologist,oncologist,1,https://drive.google.com/drive/folders/1U-Pr4r1-cupgNOOq9NH_uTsQnPSVEKco,data/_source/isl_dictionary/O/Oncologist.mp4,4280,ISLRTC,src=O/Oncologist.mp4
oncology,oncology,1,https://drive.google.com/drive/folders/1U-Pr4r1-cupgNOOq9NH_uTsQnPSVEKco,data/_source/isl_dictionary/O/Oncology.mp4,3960,ISLRTC,src=O/Oncology.mp4
one,one,1,https://drive.google.com/drive/folders/1U-Pr4r1-cupgNOOq9NH_uTsQnPSVEKco,data/_source/isl_dictionary/Numbers/1_One.mp4,3160,ISLRTC,src=Numbers/1_One.mp4
one_and_a_half_hours,one and a half hours,5,https://drive.google.com/drive/folders/1U-Pr4r1-cupgNOOq9NH_uTsQnPSVEKco,data/_source/isl_dictionary/O/One_and_a_Half_Hours.mp4,3040,ISLRTC,src=O/One_and_a_Half_Hours.mp4
one_crore,one crore,2,https://drive.google.com/drive/folders/1U-Pr4r1-cupgNOOq9NH_uTsQnPSVEKco,data/_source/isl_dictionary/Numbers/10000000_One_Crore.mp4,4560,ISLRTC,src=Numbers/10000000_One_Crore.mp4
one_day_cricket_50overs_format,one day cricket 50overs format,5,https://drive.google.com/drive/folders/1U-Pr4r1-cupgNOOq9NH_uTsQnPSVEKco,data/_source/isl_dictionary/O/One_Day_Cricket_50-Overs_Format.mp4,3250,ISLRTC,src=O/One_Day_Cricket_50-Overs_Format.mp4
one_lakh,one lakh,2,https://drive.google.com/drive/folders/1U-Pr4r1-cupgNOOq9NH_uTsQnPSVEKco,data/_source/isl_dictionary/Numbers/100000_One_Lakh.mp4,4680,ISLRTC,src=Numbers/100000_One_Lakh.mp4
one_time_payment,one time payment,3,https://drive.google.com/drive/folders/1U-Pr4r1-cupgNOOq9NH_uTsQnPSVEKco,data/_source/isl_dictionary/O/One time_Payment.mp4,27028,ISLRTC,src=O/One time_Payment.mp4
one_week,one week,2,https://drive.google.com/drive/folders/1U-Pr4r1-cupgNOOq9NH_uTsQnPSVEKco,data/_source/isl_dictionary/W/Week_One_Week.mp4,2960,ISLRTC,alias of 'week one week': dictionary files both phrases under one sign
onegroup_pretestpost_test_design,onegroup pretestpost test design,4,https://drive.google.com/drive/folders/1U-Pr4r1-cupgNOOq9NH_uTsQnPSVEKco,data/_source/isl_dictionary/O/One-Group_Pretest-Post_Test_Design.mp4,23000,ISLRTC,src=O/One-Group_Pretest-Post_Test_Design.mp4
oneplus_mobile,oneplus mobile,2,https://drive.google.com/drive/folders/1U-Pr4r1-cupgNOOq9NH_uTsQnPSVEKco,data/_source/isl_dictionary/O/Oneplus_Mobile.mp4,3840,ISLRTC,src=O/Oneplus_Mobile.mp4
onion,onion,1,https://drive.google.com/drive/folders/1U-Pr4r1-cupgNOOq9NH_uTsQnPSVEKco,data/_source/isl_dictionary/O/Onion.mp4,3560,ISLRTC,src=O/Onion.mp4; 1 other variant(s)
online,online,1,https://drive.google.com/drive/folders/1U-Pr4r1-cupgNOOq9NH_uTsQnPSVEKco,data/_source/isl_dictionary/O/Online.mp4,5040,ISLRTC,src=O/Online.mp4; 3 other variant(s)
online_editing,online editing,2,https://drive.google.com/drive/folders/1U-Pr4r1-cupgNOOq9NH_uTsQnPSVEKco,data/_source/isl_dictionary/O/Online_Editing.mp4,11833,ISLRTC,src=O/Online_Editing.mp4
online_meeting,online meeting,2,https://drive.google.com/drive/folders/1U-Pr4r1-cupgNOOq9NH_uTsQnPSVEKco,data/_source/isl_dictionary/O/Online_Meeting.mp4,16320,ISLRTC,src=O/Online_Meeting.mp4
online_shopping,online shopping,2,https://drive.google.com/drive/folders/1U-Pr4r1-cupgNOOq9NH_uTsQnPSVEKco,data/_source/isl_dictionary/O/Online_Shopping.mp4,3160,ISLRTC,src=O/Online_Shopping.mp4
ooty,ooty,1,https://drive.google.com/drive/folders/1U-Pr4r1-cupgNOOq9NH_uTsQnPSVEKco,data/_source/isl_dictionary/O/Ooty.mp4,6720,ISLRTC,src=O/Ooty.mp4
open,open,1,https://drive.google.com/drive/folders/1U-Pr4r1-cupgNOOq9NH_uTsQnPSVEKco,data/_source/isl_dictionary/O/Open.mp4,3240,ISLRTC,src=O/Open.mp4; 1 other variant(s)
open_and_distance_learning,open and distance learning,4,https://drive.google.com/drive/folders/1U-Pr4r1-cupgNOOq9NH_uTsQnPSVEKco,data/_source/isl_dictionary/O/Open_and_Distance_Learning_(ODL).mp4,6250,ISLRTC,src=O/Open_and_Distance_Learning_(ODL).mp4
open_belt_drive,open belt drive,3,https://drive.google.com/drive/folders/1U-Pr4r1-cupgNOOq9NH_uTsQnPSVEKco,data/_source/isl_dictionary/O/Open_Belt_Drive.mp4,9600,ISLRTC,src=O/Open_Belt_Drive.mp4
open_circuit,open circuit,2,https://drive.google.com/drive/folders/1U-Pr4r1-cupgNOOq9NH_uTsQnPSVEKco,data/_source/isl_dictionary/O/Open_Circuit.mp4,14080,ISLRTC,src=O/Open_Circuit.mp4
open_drainage,open drainage,2,https://drive.google.com/drive/folders/1U-Pr4r1-cupgNOOq9NH_uTsQnPSVEKco,data/_source/isl_dictionary/O/Open_Drainage.mp4,22542,ISLRTC,src=O/Open_Drainage.mp4
opening_balance,opening balance,2,https://drive.google.com/drive/folders/1U-Pr4r1-cupgNOOq9NH_uTsQnPSVEKco,data/_source/isl_dictionary/O/Opening_Balance.mp4,20759,ISLRTC,src=O/Opening_Balance.mp4
openminded_broadminded,openminded broadminded,2,https://drive.google.com/drive/folders/1U-Pr4r1-cupgNOOq9NH_uTsQnPSVEKco,data/_source/isl_dictionary/O/Open-Minded_Broad-Minded.mp4,5208,ISLRTC,src=O/Open-Minded_Broad-Minded.mp4
openresponse_items,openresponse items,2,https://drive.google.com/drive/folders/1U-Pr4r1-cupgNOOq9NH_uTsQnPSVEKco,data/_source/isl_dictionary/O/Open-Response_Items.mp4,7542,ISLRTC,src=O/Open-Response_Items.mp4
operating_light,operating light,2,https://drive.google.com/drive/folders/1U-Pr4r1-cupgNOOq9NH_uTsQnPSVEKco,data/_source/isl_dictionary/O/Operating_Light.mp4,4080,ISLRTC,src=O/Operating_Light.mp4
operating_stool,operating stool,2,https://drive.google.com/drive/folders/1U-Pr4r1-cupgNOOq9NH_uTsQnPSVEKco,data/_source/isl_dictionary/O/Operating_Stool.mp4,6400,ISLRTC,src=O/Operating_Stool.mp4
operating_table,operating table,2,https://drive.google.com/drive/folders/1U-Pr4r1-cupgNOOq9NH_uTsQnPSVEKco,data/_source/isl_dictionary/O/Operating_Table.mp4,6200,ISLRTC,src=O/Operating_Table.mp4
operation,operation,1,https://drive.google.com/drive/folders/1U-Pr4r1-cupgNOOq9NH_uTsQnPSVEKco,data/_source/isl_dictionary/O/Operation.mp4,5520,ISLRTC,src=O/Operation.mp4; 1 other variant(s)
operation_cost,operation cost,2,https://drive.google.com/drive/folders/1U-Pr4r1-cupgNOOq9NH_uTsQnPSVEKco,data/_source/isl_dictionary/O/Operation_Cost.mp4,23250,ISLRTC,src=O/Operation_Cost.mp4
operational_definition,operational definition,2,https://drive.google.com/drive/folders/1U-Pr4r1-cupgNOOq9NH_uTsQnPSVEKco,data/_source/isl_dictionary/O/Operational_Definition.mp4,29875,ISLRTC,src=O/Operational_Definition.mp4
ophthalmologists,ophthalmologists,1,https://drive.google.com/drive/folders/1U-Pr4r1-cupgNOOq9NH_uTsQnPSVEKco,data/_source/isl_dictionary/O/Ophthalmologists.mp4,4360,ISLRTC,src=O/Ophthalmologists.mp4
ophthalmology,ophthalmology,1,https://drive.google.com/drive/folders/1U-Pr4r1-cupgNOOq9NH_uTsQnPSVEKco,data/_source/isl_dictionary/O/Ophthalmology.mp4,5000,ISLRTC,src=O/Ophthalmology.mp4
ophthalmoscope,ophthalmoscope,1,https://drive.google.com/drive/folders/1U-Pr4r1-cupgNOOq9NH_uTsQnPSVEKco,data/_source/isl_dictionary/O/Ophthalmoscope.mp4,6640,ISLRTC,src=O/Ophthalmoscope.mp4
opinion,opinion,1,https://drive.google.com/drive/folders/1U-Pr4r1-cupgNOOq9NH_uTsQnPSVEKco,data/_source/isl_dictionary/O/Opinion.mp4,3760,ISLRTC,src=O/Opinion.mp4
opinion_question,opinion question,2,https://drive.google.com/drive/folders/1U-Pr4r1-cupgNOOq9NH_uTsQnPSVEKco,data/_source/isl_dictionary/O/Opinion_Question.mp4,22833,ISLRTC,src=O/Opinion_Question.mp4
oppo_mobile,oppo mobile,2,https://drive.google.com/drive/folders/1U-Pr4r1-cupgNOOq9NH_uTsQnPSVEKco,data/_source/isl_dictionary/O/Oppo_Mobile.mp4,5280,ISLRTC,src=O/Oppo_Mobile.mp4
opportunity_chance,opportunity chance,2,https://drive.google.com/drive/folders/1U-Pr4r1-cupgNOOq9NH_uTsQnPSVEKco,data/_source/isl_dictionary/O/Opportunity_Chance.mp4,3760,ISLRTC,src=O/Opportunity_Chance.mp4
opposite_contradictory,opposite contradictory,2,https://drive.google.com/drive/folders/1U-Pr4r1-cupgNOOq9NH_uTsQnPSVEKco,data/_source/isl_dictionary/O/Opposite_Contradictory.mp4,3440,ISLRTC,src=O/Opposite_Contradictory.mp4
opposition,opposition,1,https://drive.google.com/drive/folders/1U-Pr4r1-cupgNOOq9NH_uTsQnPSVEKco,data/_source/isl_dictionary/O/Opposition.mp4,1750,ISLRTC,src=O/Opposition.mp4
oppress_subjugate_suppress,oppress subjugate suppress,3,https://drive.google.com/drive/folders/1U-Pr4r1-cupgNOOq9NH_uTsQnPSVEKco,data/_source/isl_dictionary/O/Oppress_Subjugate_Suppress.mp4,3760,ISLRTC,src=O/Oppress_Subjugate_Suppress.mp4
optic_nerve,optic nerve,2,https://drive.google.com/drive/folders/1U-Pr4r1-cupgNOOq9NH_uTsQnPSVEKco,data/_source/isl_dictionary/O/Optic_Nerve.mp4,8167,ISLRTC,src=O/Optic_Nerve.mp4
optical_character_recognition,optical character recognition,3,https://drive.google.com/drive/folders/1U-Pr4r1-cupgNOOq9NH_uTsQnPSVEKco,data/_source/isl_dictionary/O/Optical_Character_Recognition.mp4,11708,ISLRTC,src=O/Optical_Character_Recognition.mp4
optician,optician,1,https://drive.google.com/drive/folders/1U-Pr4r1-cupgNOOq9NH_uTsQnPSVEKco,data/_source/isl_dictionary/O/Optician.mp4,9360,ISLRTC,src=O/Optician.mp4
option_choice_alternative,option choice alternative,3,https://drive.google.com/drive/folders/1U-Pr4r1-cupgNOOq9NH_uTsQnPSVEKco,data/_source/isl_dictionary/O/Option_Choice_Alternative.mp4,4320,ISLRTC,src=O/Option_Choice_Alternative.mp4
option_seller,option seller,2,https://drive.google.com/drive/folders/1U-Pr4r1-cupgNOOq9NH_uTsQnPSVEKco,data/_source/isl_dictionary/O/Option_seller.mp4,21850,ISLRTC,src=O/Option_seller.mp4
optometrist,optometrist,1,https://drive.google.com/drive/folders/1U-Pr4r1-cupgNOOq9NH_uTsQnPSVEKco,data/_source/isl_dictionary/O/Optometrist.mp4,8400,ISLRTC,src=O/Optometrist.mp4
opuntia,opuntia,1,https://drive.google.com/drive/folders/1U-Pr4r1-cupgNOOq9NH_uTsQnPSVEKco,data/_source/isl_dictionary/O/Opuntia.mp4,11360,ISLRTC,src=O/Opuntia.mp4
oral_rehydration_therapy,oral rehydration therapy,3,https://drive.google.com/drive/folders/1U-Pr4r1-cupgNOOq9NH_uTsQnPSVEKco,data/_source/isl_dictionary/O/Oral_Rehydration_Therapy.mp4,10200,ISLRTC,src=O/Oral_Rehydration_Therapy.mp4
oral_spoken,oral spoken,2,https://drive.google.com/drive/folders/1U-Pr4r1-cupgNOOq9NH_uTsQnPSVEKco,data/_source/isl_dictionary/O/Oral_Spoken.mp4,4320,ISLRTC,src=O/Oral_Spoken.mp4
oral_statements,oral statements,2,https://drive.google.com/drive/folders/1U-Pr4r1-cupgNOOq9NH_uTsQnPSVEKco,data/_source/isl_dictionary/O/Oral_Statements.mp4,13542,ISLRTC,src=O/Oral_Statements.mp4
oralism,oralism,1,https://drive.google.com/drive/folders/1U-Pr4r1-cupgNOOq9NH_uTsQnPSVEKco,data/_source/isl_dictionary/O/Oralism.mp4,18720,ISLRTC,src=O/Oralism.mp4; 2 other variant(s)
orange,orange,1,https://drive.google.com/drive/folders/1U-Pr4r1-cupgNOOq9NH_uTsQnPSVEKco,data/_source/isl_dictionary/O/Orange.mp4,3000,ISLRTC,src=O/Orange.mp4
orbit,orbit,1,https://drive.google.com/drive/folders/1U-Pr4r1-cupgNOOq9NH_uTsQnPSVEKco,data/_source/isl_dictionary/O/Orbit.mp4,7360,ISLRTC,src=O/Orbit.mp4
orbital_direction,orbital direction,2,https://drive.google.com/drive/folders/1U-Pr4r1-cupgNOOq9NH_uTsQnPSVEKco,data/_source/isl_dictionary/O/Orbital_Direction.mp4,27833,ISLRTC,src=O/Orbital_Direction.mp4
orbiter,orbiter,1,https://drive.google.com/drive/folders/1U-Pr4r1-cupgNOOq9NH_uTsQnPSVEKco,data/_source/isl_dictionary/O/Orbiter.mp4,10417,ISLRTC,src=O/Orbiter.mp4
orchestra_ensemble_symphony,orchestra ensemble symphony,3,https://drive.google.com/drive/folders/1U-Pr4r1-cupgNOOq9NH_uTsQnPSVEKco,data/_source/isl_dictionary/O/Orchestra_Ensemble_Symphony.mp4,8775,ISLRTC,src=O/Orchestra_Ensemble_Symphony.mp4
order,order,1,https://drive.google.com/drive/folders/1U-Pr4r1-cupgNOOq9NH_uTsQnPSVEKco,data/_source/isl_dictionary/O/Order.mp4,14304,ISLRTC,src=O/Order.mp4; 1 other variant(s)
order_command_direct_instruct,order command direct instruct,4,https://drive.google.com/drive/folders/1U-Pr4r1-cupgNOOq9NH_uTsQnPSVEKco,data/_source/isl_dictionary/O/Order_Command_Direct_Instruct.mp4,3520,ISLRTC,src=O/Order_Command_Direct_Instruct.mp4; 1 other variant(s)
organelle,organelle,1,https://drive.google.com/drive/folders/1U-Pr4r1-cupgNOOq9NH_uTsQnPSVEKco,data/_source/isl_dictionary/O/Organelle.mp4,3520,ISLRTC,src=O/Organelle.mp4
organic,organic,1,https://drive.google.com/drive/folders/1U-Pr4r1-cupgNOOq9NH_uTsQnPSVEKco,data/_source/isl_dictionary/O/Organic.mp4,24520,ISLRTC,src=O/Organic.mp4; 1 other variant(s)
organic_chemistry,organic chemistry,2,https://drive.google.com/drive/folders/1U-Pr4r1-cupgNOOq9NH_uTsQnPSVEKco,data/_source/isl_dictionary/O/Organic_Chemistry.mp4,2320,ISLRTC,src=O/Organic_Chemistry.mp4
organic_food,organic food,2,https://drive.google.com/drive/folders/1U-Pr4r1-cupgNOOq9NH_uTsQnPSVEKco,data/_source/isl_dictionary/O/Organic_Food.mp4,21125,ISLRTC,src=O/Organic_Food.mp4
organise,organise,1,https://drive.google.com/drive/folders/1U-Pr4r1-cupgNOOq9NH_uTsQnPSVEKco,data/_source/isl_dictionary/MHSL - 259/Organise.mp4,25450,ISLRTC,src=MHSL - 259/Organise.mp4
organism,organism,1,https://drive.google.com/drive/folders/1U-Pr4r1-cupgNOOq9NH_uTsQnPSVEKco,data/_source/isl_dictionary/O/Organism.mp4,13500,ISLRTC,src=O/Organism.mp4
organization,organization,1,https://drive.google.com/drive/folders/1U-Pr4r1-cupgNOOq9NH_uTsQnPSVEKco,data/_source/isl_dictionary/O/Organization.mp4,3440,ISLRTC,src=O/Organization.mp4
oriental_bank_of_commerce,oriental bank of commerce,4,https://drive.google.com/drive/folders/1U-Pr4r1-cupgNOOq9NH_uTsQnPSVEKco,data/_source/isl_dictionary/O/Oriental_Bank_of_Commerce.mp4,5000,ISLRTC,src=O/Oriental_Bank_of_Commerce.mp4
origami,origami,1,https://drive.google.com/drive/folders/1U-Pr4r1-cupgNOOq9NH_uTsQnPSVEKco,data/_source/isl_dictionary/O/Origami.mp4,25280,ISLRTC,src=O/Origami.mp4
origin,origin,1,https://drive.google.com/drive/folders/1U-Pr4r1-cupgNOOq9NH_uTsQnPSVEKco,data/_source/isl_dictionary/New 2500 ISL Dictionary Videos/Yunikee 1/New English/Origin.mp4,26360,ISLRTC,src=New 2500 ISL Dictionary Videos/Yunikee 1/New English/Origin.mp4
original,original,1,https://drive.google.com/drive/folders/1U-Pr4r1-cupgNOOq9NH_uTsQnPSVEKco,data/_source/isl_dictionary/O/Original.mp4,3640,ISLRTC,src=O/Original.mp4
original_sound,original sound,2,https://drive.google.com/drive/folders/1U-Pr4r1-cupgNOOq9NH_uTsQnPSVEKco,data/_source/isl_dictionary/O/Original_Sound.mp4,21000,ISLRTC,src=O/Original_Sound.mp4
oriya,oriya,1,https://drive.google.com/drive/folders/1U-Pr4r1-cupgNOOq9NH_uTsQnPSVEKco,data/_source/isl_dictionary/O/Oriya.mp4,5360,ISLRTC,src=O/Oriya.mp4; 1 other variant(s)
ornamental_gardening,ornamental gardening,2,https://drive.google.com/drive/folders/1U-Pr4r1-cupgNOOq9NH_uTsQnPSVEKco,data/_source/isl_dictionary/O/Ornamental_Gardening.mp4,20160,ISLRTC,src=O/Ornamental_Gardening.mp4
ornithology,ornithology,1,https://drive.google.com/drive/folders/1U-Pr4r1-cupgNOOq9NH_uTsQnPSVEKco,data/_source/isl_dictionary/O/Ornithology.mp4,8167,ISLRTC,src=O/Ornithology.mp4
orthodontic_specialists,orthodontic specialists,2,https://drive.google.com/drive/folders/1U-Pr4r1-cupgNOOq9NH_uTsQnPSVEKco,data/_source/isl_dictionary/O/Orthodontic_Specialists.mp4,4360,ISLRTC,src=O/Orthodontic_Specialists.mp4
orthopaedic_technicians,orthopaedic technicians,2,https://drive.google.com/drive/folders/1U-Pr4r1-cupgNOOq9NH_uTsQnPSVEKco,data/_source/isl_dictionary/O/Orthopaedic_Technicians.mp4,4120,ISLRTC,src=O/Orthopaedic_Technicians.mp4
orthopaedic_technology,orthopaedic technology,2,https://drive.google.com/drive/folders/1U-Pr4r1-cupgNOOq9NH_uTsQnPSVEKco,data/_source/isl_dictionary/O/Orthopaedic_Technology.mp4,5400,ISLRTC,src=O/Orthopaedic_Technology.mp4
orthopedics,orthopedics,1,https://drive.google.com/drive/folders/1U-Pr4r1-cupgNOOq9NH_uTsQnPSVEKco,data/_source/isl_dictionary/O/Orthopedics.mp4,7040,ISLRTC,src=O/Orthopedics.mp4
osteoarthrirtis,osteoarthrirtis,1,https://drive.google.com/drive/folders/1U-Pr4r1-cupgNOOq9NH_uTsQnPSVEKco,data/_source/isl_dictionary/O/Osteoarthrirtis.mp4,7240,ISLRTC,src=O/Osteoarthrirtis.mp4
osteoclast,osteoclast,1,https://drive.google.com/drive/folders/1U-Pr4r1-cupgNOOq9NH_uTsQnPSVEKco,data/_source/isl_dictionary/O/Osteoclast_(In_Bone).mp4,20320,ISLRTC,src=O/Osteoclast_(In_Bone).mp4
osteoporosis,osteoporosis,1,https://drive.google.com/drive/folders/1U-Pr4r1-cupgNOOq9NH_uTsQnPSVEKco,data/_source/isl_dictionary/O/Osteoporosis.mp4,21560,ISLRTC,src=O/Osteoporosis.mp4
ostrich,ostrich,1,https://drive.google.com/drive/folders/1U-Pr4r1-cupgNOOq9NH_uTsQnPSVEKco,data/_source/isl_dictionary/O/Ostrich.mp4,5640,ISLRTC,src=O/Ostrich.mp4
otc,otc,1,https://drive.google.com/drive/folders/1U-Pr4r1-cupgNOOq9NH_uTsQnPSVEKco,data/_source/isl_dictionary/O/OTC.mp4,25635,ISLRTC,src=O/OTC.mp4
other,other,1,https://drive.google.com/drive/folders/1U-Pr4r1-cupgNOOq9NH_uTsQnPSVEKco,data/_source/isl_dictionary/O/Other.mp4,5320,ISLRTC,src=O/Other.mp4
other_backward_classes,other backward classes,3,https://drive.google.com/drive/folders/1U-Pr4r1-cupgNOOq9NH_uTsQnPSVEKco,data/_source/isl_dictionary/O/Other_Backward_Classes_(OBC).mp4,16500,ISLRTC,src=O/Other_Backward_Classes_(OBC).mp4
otorhinolaryngology,otorhinolaryngology,1,https://drive.google.com/drive/folders/1U-Pr4r1-cupgNOOq9NH_uTsQnPSVEKco,data/_source/isl_dictionary/O/Otorhinolaryngology_(ENT).mp4,9440,ISLRTC,src=O/Otorhinolaryngology_(ENT).mp4
otoscope,otoscope,1,https://drive.google.com/drive/folders/1U-Pr4r1-cupgNOOq9NH_uTsQnPSVEKco,data/_source/isl_dictionary/O/Otoscope.mp4,8400,ISLRTC,src=O/Otoscope.mp4
our,our,1,https://drive.google.com/drive/folders/1U-Pr4r1-cupgNOOq9NH_uTsQnPSVEKco,data/_source/isl_dictionary/O/Our.mp4,3160,ISLRTC,src=O/Our.mp4
ours,ours,1,https://drive.google.com/drive/folders/1U-Pr4r1-cupgNOOq9NH_uTsQnPSVEKco,data/_derived/h264/O/Ours.mp4,5424,ISLRTC,src=O/Ours.mpg; transcoded from mpeg2video
ourselves,ourselves,1,https://drive.google.com/drive/folders/1U-Pr4r1-cupgNOOq9NH_uTsQnPSVEKco,data/_source/isl_dictionary/O/Ourselves.mp4,4080,ISLRTC,src=O/Ourselves.mp4
out_crossing,out crossing,2,https://drive.google.com/drive/folders/1U-Pr4r1-cupgNOOq9NH_uTsQnPSVEKco,data/_source/isl_dictionary/O/Out_Crossing.mp4,27333,ISLRTC,src=O/Out_Crossing.mp4
out_for_a_duck,out for a duck,4,https://drive.google.com/drive/folders/1U-Pr4r1-cupgNOOq9NH_uTsQnPSVEKco,data/_source/isl_dictionary/O/Out_for_a_Duck.mp4,3833,ISLRTC,src=O/Out_for_a_Duck.mp4; 1 other variant(s)
out_outside,out outside,2,https://drive.google.com/drive/folders/1U-Pr4r1-cupgNOOq9NH_uTsQnPSVEKco,data/_source/isl_dictionary/O/Out_Outside.mp4,2720,ISLRTC,src=O/Out_Outside.mp4
out_patient_department,out patient department,3,https://drive.google.com/drive/folders/1U-Pr4r1-cupgNOOq9NH_uTsQnPSVEKco,data/_source/isl_dictionary/O/Out_Patient_Department_(OPD).mp4,6680,ISLRTC,src=O/Out_Patient_Department_(OPD).mp4
out_the_money,out the money,3,https://drive.google.com/drive/folders/1U-Pr4r1-cupgNOOq9NH_uTsQnPSVEKco,data/_source/isl_dictionary/O/Out_The_Money.mp4,26888,ISLRTC,src=O/Out_The_Money.mp4
outcomes,outcomes,1,https://drive.google.com/drive/folders/1U-Pr4r1-cupgNOOq9NH_uTsQnPSVEKco,data/_source/isl_dictionary/O/Outcomes.mp4,3792,ISLRTC,src=O/Outcomes.mp4
outer_shell,outer shell,2,https://drive.google.com/drive/folders/1U-Pr4r1-cupgNOOq9NH_uTsQnPSVEKco,data/_source/isl_dictionary/O/Outer_Shell.mp4,12458,ISLRTC,src=O/Outer_Shell.mp4
outlier,outlier,1,https://drive.google.com/drive/folders/1U-Pr4r1-cupgNOOq9NH_uTsQnPSVEKco,data/_source/isl_dictionary/O/Outlier.mp4,23375,ISLRTC,src=O/Outlier.mp4
output_unit,output unit,2,https://drive.google.com/drive/folders/1U-Pr4r1-cupgNOOq9NH_uTsQnPSVEKco,data/_source/isl_dictionary/O/Output_Unit.mp4,19360,ISLRTC,src=O/Output_Unit.mp4
oval,oval,1,https://drive.google.com/drive/folders/1U-Pr4r1-cupgNOOq9NH_uTsQnPSVEKco,data/_source/isl_dictionary/O/Oval.mp4,6120,ISLRTC,src=O/Oval.mp4
ovarian_cyst,ovarian cyst,2,https://drive.google.com/drive/folders/1U-Pr4r1-cupgNOOq9NH_uTsQnPSVEKco,data/_source/isl_dictionary/O/Ovarian_Cyst.mp4,21120,ISLRTC,src=O/Ovarian_Cyst.mp4
ovary,ovary,1,https://drive.google.com/drive/folders/1U-Pr4r1-cupgNOOq9NH_uTsQnPSVEKco,data/_source/isl_dictionary/O/Ovary.mp4,11040,ISLRTC,src=O/Ovary.mp4
over,over,1,https://drive.google.com/drive/folders/1U-Pr4r1-cupgNOOq9NH_uTsQnPSVEKco,data/_source/isl_dictionary/O/Over.mp4,2920,ISLRTC,src=O/Over.mp4; 3 other variant(s)
over_lock_stitch,over lock stitch,3,https://drive.google.com/drive/folders/1U-Pr4r1-cupgNOOq9NH_uTsQnPSVEKco,data/_source/isl_dictionary/O/Over_Lock_Stitch.mp4,16800,ISLRTC,src=O/Over_Lock_Stitch.mp4
overtime,overtime,1,https://drive.google.com/drive/folders/1U-Pr4r1-cupgNOOq9NH_uTsQnPSVEKco,data/_source/isl_dictionary/O/Overtime.mp4,24880,ISLRTC,src=O/Overtime.mp4
oviparous,oviparous,1,https://drive.google.com/drive/folders/1U-Pr4r1-cupgNOOq9NH_uTsQnPSVEKco,data/_source/isl_dictionary/O/Oviparous.mp4,12720,ISLRTC,src=O/Oviparous.mp4
oviviviparous,oviviviparous,1,https://drive.google.com/drive/folders/1U-Pr4r1-cupgNOOq9NH_uTsQnPSVEKco,data/_source/isl_dictionary/O/Ovi-Viviparous.mp4,14920,ISLRTC,src=O/Ovi-Viviparous.mp4
ovules,ovules,1,https://drive.google.com/drive/folders/1U-Pr4r1-cupgNOOq9NH_uTsQnPSVEKco,data/_source/isl_dictionary/O/Ovules.mp4,19400,ISLRTC,src=O/Ovules.mp4
owl,owl,1,https://drive.google.com/drive/folders/1U-Pr4r1-cupgNOOq9NH_uTsQnPSVEKco,data/_source/isl_dictionary/O/Owl.mp4,4080,ISLRTC,src=O/Owl.mp4; 2 other variant(s)
own_mine,own mine,2,https://drive.google.com/drive/folders/1U-Pr4r1-cupgNOOq9NH_uTsQnPSVEKco,data/_source/isl_dictionary/O/Own_Mine.mp4,3480,ISLRTC,src=O/Own_Mine.mp4
own_possess,own possess,2,https://drive.google.com/drive/folders/1U-Pr4r1-cupgNOOq9NH_uTsQnPSVEKco,data/_source/isl_dictionary/O/Own_Possess.mp4,5320,ISLRTC,src=O/Own_Possess.mp4
owner,owner,1,https://drive.google.com/drive/folders/1U-Pr4r1-cupgNOOq9NH_uTsQnPSVEKco,data/_source/isl_dictionary/O/Owner.mp4,4680,ISLRTC,src=O/Owner.mp4; 1 other variant(s)
owner_landlord,owner landlord,2,https://drive.google.com/drive/folders/1U-Pr4r1-cupgNOOq9NH_uTsQnPSVEKco,data/_source/isl_dictionary/O/Owner_Landlord.mp4,3840,ISLRTC,src=O/Owner_Landlord.mp4
ownership,ownership,1,https://drive.google.com/drive/folders/1U-Pr4r1-cupgNOOq9NH_uTsQnPSVEKco,data/_source/isl_dictionary/O/Ownership_(NA).mp4,22205,ISLRTC,src=O/Ownership_(NA).mp4
ownership_holding,ownership holding,2,https://drive.google.com/drive/folders/1U-Pr4r1-cupgNOOq9NH_uTsQnPSVEKco,data/_source/isl_dictionary/O/Ownership_Holding.mp4,20292,ISLRTC,src=O/Ownership_Holding.mp4
ox,ox,1,https://drive.google.com/drive/folders/1U-Pr4r1-cupgNOOq9NH_uTsQnPSVEKco,data/_source/isl_dictionary/O/OX.mp4,3800,ISLRTC,src=O/OX.mp4
oxidation,oxidation,1,https://drive.google.com/drive/folders/1U-Pr4r1-cupgNOOq9NH_uTsQnPSVEKco,data/_source/isl_dictionary/O/Oxidation.mp4,18208,ISLRTC,src=O/Oxidation.mp4
oxygen,oxygen,1,https://drive.google.com/drive/folders/1U-Pr4r1-cupgNOOq9NH_uTsQnPSVEKco,data/_source/isl_dictionary/O/Oxygen_(Sign_2).mp4,1720,ISLRTC,src=O/Oxygen_(Sign_2).mp4
pace_bowling_fast_bowling,pace bowling fast bowling,4,https://drive.google.com/drive/folders/1U-Pr4r1-cupgNOOq9NH_uTsQnPSVEKco,data/_source/isl_dictionary/P/Pace_Bowling_Fast_Bowling_(Gujarat).mp4,3640,ISLRTC,src=P/Pace_Bowling_Fast_Bowling_(Gujarat).mp4
pacing,pacing,1,https://drive.google.com/drive/folders/1U-Pr4r1-cupgNOOq9NH_uTsQnPSVEKco,data/_source/isl_dictionary/P/Pacing.mp4,14542,ISLRTC,src=P/Pacing.mp4
packing_for_distant_markets,packing for distant markets,4,https://drive.google.com/drive/folders/1U-Pr4r1-cupgNOOq9NH_uTsQnPSVEKco,data/_source/isl_dictionary/P/Packing_for_Distant_Markets.mp4,25640,ISLRTC,src=P/Packing_for_Distant_Markets.mp4
packing_for_local_markets,packing for local markets,4,https://drive.google.com/drive/folders/1U-Pr4r1-cupgNOOq9NH_uTsQnPSVEKco,data/_source/isl_dictionary/P/Packing_for_Local_Markets.mp4,15520,ISLRTC,src=P/Packing_for_Local_Markets.mp4
pain,pain,1,https://drive.google.com/drive/folders/1U-Pr4r1-cupgNOOq9NH_uTsQnPSVEKco,"data/_source/isl_dictionary/A/Ache, Pain.mp4",3460,ISLRTC,"src=A/Ache, Pain.mp4"
pair,pair,1,https://drive.google.com/drive/folders/1U-Pr4r1-cupgNOOq9NH_uTsQnPSVEKco,data/_source/isl_dictionary/P/Pair.mp4,5280,ISLRTC,src=P/Pair.mp4
palliative_care_and_hospice_care,palliative care and hospice care,5,https://drive.google.com/drive/folders/1U-Pr4r1-cupgNOOq9NH_uTsQnPSVEKco,data/_source/isl_dictionary/MHSL - 259/Palliative_care_and_Hospice_care.mp4,28373,ISLRTC,src=MHSL - 259/Palliative_care_and_Hospice_care.mp4
palm,palm,1,https://drive.google.com/drive/folders/1U-Pr4r1-cupgNOOq9NH_uTsQnPSVEKco,data/_source/isl_dictionary/P/Palm.mp4,5600,ISLRTC,src=P/Palm.mp4
panaji,panaji,1,https://drive.google.com/drive/folders/1U-Pr4r1-cupgNOOq9NH_uTsQnPSVEKco,data/_source/isl_dictionary/P/Panaji.mp4,3640,ISLRTC,src=P/Panaji.mp4; 1 other variant(s)
papad,papad,1,https://drive.google.com/drive/folders/1U-Pr4r1-cupgNOOq9NH_uTsQnPSVEKco,data/_source/isl_dictionary/P/Papad.mp4,4720,ISLRTC,src=P/Papad.mp4
paper,paper,1,https://drive.google.com/drive/folders/1U-Pr4r1-cupgNOOq9NH_uTsQnPSVEKco,data/_source/isl_dictionary/P/Paper.mp4,4080,ISLRTC,src=P/Paper.mp4
parade,parade,1,https://drive.google.com/drive/folders/1U-Pr4r1-cupgNOOq9NH_uTsQnPSVEKco,data/_source/isl_dictionary/P/Parade_(Sign_2).mp4,6040,ISLRTC,src=P/Parade_(Sign_2).mp4
parasitic,parasitic,1,https://drive.google.com/drive/folders/1U-Pr4r1-cupgNOOq9NH_uTsQnPSVEKco,data/_source/isl_dictionary/P/Parasitic.mp4,28042,ISLRTC,src=P/Parasitic.mp4
parenting,parenting,1,https://drive.google.com/drive/folders/1U-Pr4r1-cupgNOOq9NH_uTsQnPSVEKco,data/_source/isl_dictionary/MHSL - 259/Parenting.mp4,27968,ISLRTC,src=MHSL - 259/Parenting.mp4
parents,parents,1,https://drive.google.com/drive/folders/1U-Pr4r1-cupgNOOq9NH_uTsQnPSVEKco,data/_source/isl_dictionary/P/Parents.mp4,3160,ISLRTC,src=P/Parents.mp4
parking,parking,1,https://drive.google.com/drive/folders/1U-Pr4r1-cupgNOOq9NH_uTsQnPSVEKco,data/_source/isl_dictionary/P/Parking.mp4,4760,ISLRTC,src=P/Parking.mp4
parkinsonia_aculeata,parkinsonia aculeata,2,https://drive.google.com/drive/folders/1U-Pr4r1-cupgNOOq9NH_uTsQnPSVEKco,data/_source/isl_dictionary/P/Parkinsonia_Aculeata.mp4,14720,ISLRTC,src=P/Parkinsonia_Aculeata.mp4
part,part,1,https://drive.google.com/drive/folders/1U-Pr4r1-cupgNOOq9NH_uTsQnPSVEKco,data/_source/isl_dictionary/P/Part.mp4,2520,ISLRTC,src=P/Part.mp4
partnership_deed,partnership deed,2,https://drive.google.com/drive/folders/1U-Pr4r1-cupgNOOq9NH_uTsQnPSVEKco,data/_source/isl_dictionary/P/Partnership_Deed.mp4,25217,ISLRTC,src=P/Partnership_Deed.mp4
party,party,1,https://drive.google.com/drive/folders/1U-Pr4r1-cupgNOOq9NH_uTsQnPSVEKco,data/_source/isl_dictionary/P/Party.mp4,3480,ISLRTC,src=P/Party.mp4
pass,pass,1,https://drive.google.com/drive/folders/1U-Pr4r1-cupgNOOq9NH_uTsQnPSVEKco,data/_source/isl_dictionary/P/Pass.mp4,5000,ISLRTC,src=P/Pass.mp4
passcode,passcode,1,https://drive.google.com/drive/folders/1U-Pr4r1-cupgNOOq9NH_uTsQnPSVEKco,data/_source/isl_dictionary/P/Passcode.mp4,15120,ISLRTC,src=P/Passcode.mp4
passed_away,passed away,2,https://drive.google.com/drive/folders/1U-Pr4r1-cupgNOOq9NH_uTsQnPSVEKco,data/_source/isl_dictionary/P/Passed_Away.mp4,4680,ISLRTC,src=P/Passed_Away.mp4
passive_absorption,passive absorption,2,https://drive.google.com/drive/folders/1U-Pr4r1-cupgNOOq9NH_uTsQnPSVEKco,data/_source/isl_dictionary/P/Passive_Absorption.mp4,22792,ISLRTC,src=P/Passive_Absorption.mp4
past,past,1,https://drive.google.com/drive/folders/1U-Pr4r1-cupgNOOq9NH_uTsQnPSVEKco,data/_source/isl_dictionary/P/Past.mp4,2680,ISLRTC,src=P/Past.mp4
pathogen,pathogen,1,https://drive.google.com/drive/folders/1U-Pr4r1-cupgNOOq9NH_uTsQnPSVEKco,data/_source/isl_dictionary/P/Pathogen.mp4,4000,ISLRTC,src=P/Pathogen.mp4
patient,patient,1,https://drive.google.com/drive/folders/1U-Pr4r1-cupgNOOq9NH_uTsQnPSVEKco,data/_source/isl_dictionary/MHSL - 259/Patient.mp4,18240,ISLRTC,src=MHSL - 259/Patient.mp4
patna,patna,1,https://drive.google.com/drive/folders/1U-Pr4r1-cupgNOOq9NH_uTsQnPSVEKco,data/_source/isl_dictionary/P/Patna.mp4,5720,ISLRTC,src=P/Patna.mp4
pay,pay,1,https://drive.google.com/drive/folders/1U-Pr4r1-cupgNOOq9NH_uTsQnPSVEKco,data/_source/isl_dictionary/P/Pay.mp4,2480,ISLRTC,src=P/Pay.mp4
paying_slip,paying slip,2,https://drive.google.com/drive/folders/1U-Pr4r1-cupgNOOq9NH_uTsQnPSVEKco,data/_source/isl_dictionary/P/Paying_Slip.mp4,23870,ISLRTC,src=P/Paying_Slip.mp4
payment,payment,1,https://drive.google.com/drive/folders/1U-Pr4r1-cupgNOOq9NH_uTsQnPSVEKco,data/_source/isl_dictionary/P/Payment.mp4,6833,ISLRTC,src=P/Payment.mp4
peasant_farming,peasant farming,2,https://drive.google.com/drive/folders/1U-Pr4r1-cupgNOOq9NH_uTsQnPSVEKco,data/_source/isl_dictionary/P/Peasant_Farming.mp4,29167,ISLRTC,src=P/Peasant_Farming.mp4
pedestrian,pedestrian,1,https://drive.google.com/drive/folders/1U-Pr4r1-cupgNOOq9NH_uTsQnPSVEKco,data/_source/isl_dictionary/P/Pedestrian.mp4,15500,ISLRTC,src=P/Pedestrian.mp4; 1 other variant(s)
pen_mating,pen mating,2,https://drive.google.com/drive/folders/1U-Pr4r1-cupgNOOq9NH_uTsQnPSVEKco,data/_source/isl_dictionary/P/Pen_Mating.mp4,20667,ISLRTC,src=P/Pen_Mating.mp4
pending,pending,1,https://drive.google.com/drive/folders/1U-Pr4r1-cupgNOOq9NH_uTsQnPSVEKco,data/_source/isl_dictionary/P/Pending (1).mp4,20526,ISLRTC,src=P/Pending (1).mp4
pension,pension,1,https://drive.google.com/drive/folders/1U-Pr4r1-cupgNOOq9NH_uTsQnPSVEKco,data/_source/isl_dictionary/P/Pension.mp4,29120,ISLRTC,src=P/Pension.mp4
people,people,1,https://drive.google.com/drive/folders/1U-Pr4r1-cupgNOOq9NH_uTsQnPSVEKco,data/_source/isl_dictionary/P/People.mp4,6240,ISLRTC,src=P/People.mp4
per,per,1,https://drive.google.com/drive/folders/1U-Pr4r1-cupgNOOq9NH_uTsQnPSVEKco,data/_source/isl_dictionary/New 2500 ISL Dictionary Videos/BCS/Per - English.mp4,18060,ISLRTC,src=New 2500 ISL Dictionary Videos/BCS/Per - English.mp4
perfect,perfect,1,https://drive.google.com/drive/folders/1U-Pr4r1-cupgNOOq9NH_uTsQnPSVEKco,data/_source/isl_dictionary/P/Perfect.mp4,2200,ISLRTC,src=P/Perfect.mp4
perform,perform,1,https://drive.google.com/drive/folders/1U-Pr4r1-cupgNOOq9NH_uTsQnPSVEKco,data/_source/isl_dictionary/P/Perform.mp4,5440,ISLRTC,src=P/Perform.mp4
period,period,1,https://drive.google.com/drive/folders/1U-Pr4r1-cupgNOOq9NH_uTsQnPSVEKco,data/_source/isl_dictionary/P/Period_(Time).mp4,4400,ISLRTC,src=P/Period_(Time).mp4
permanent,permanent,1,https://drive.google.com/drive/folders/1U-Pr4r1-cupgNOOq9NH_uTsQnPSVEKco,data/_source/isl_dictionary/P/Permanent.mp4,3280,ISLRTC,src=P/Permanent.mp4
permanent_preservation,permanent preservation,2,https://drive.google.com/drive/folders/1U-Pr4r1-cupgNOOq9NH_uTsQnPSVEKco,data/_source/isl_dictionary/P/Permanent_Preservation.mp4,20800,ISLRTC,src=P/Permanent_Preservation.mp4
permission,permission,1,https://drive.google.com/drive/folders/1U-Pr4r1-cupgNOOq9NH_uTsQnPSVEKco,data/_source/isl_dictionary/P/Permission.mp4,3040,ISLRTC,src=P/Permission.mp4
permit,permit,1,https://drive.google.com/drive/folders/1U-Pr4r1-cupgNOOq9NH_uTsQnPSVEKco,data/_source/isl_dictionary/P/Permit.mp4,3280,ISLRTC,src=P/Permit.mp4
person,person,1,https://drive.google.com/drive/folders/1U-Pr4r1-cupgNOOq9NH_uTsQnPSVEKco,data/_source/isl_dictionary/P/Person.mp4,2320,ISLRTC,src=P/Person.mp4
personal,personal,1,https://drive.google.com/drive/folders/1U-Pr4r1-cupgNOOq9NH_uTsQnPSVEKco,data/_source/isl_dictionary/P/Personal.mp4,3040,ISLRTC,src=P/Personal.mp4
personality_traits,personality traits,2,https://drive.google.com/drive/folders/1U-Pr4r1-cupgNOOq9NH_uTsQnPSVEKco,data/_source/isl_dictionary/MHSL - 259/Personality_traits.mp4,27242,ISLRTC,src=MHSL - 259/Personality_traits.mp4
ph_potential_of_hydrogen,ph potential of hydrogen,4,https://drive.google.com/drive/folders/1U-Pr4r1-cupgNOOq9NH_uTsQnPSVEKco,data/_source/isl_dictionary/P/pH_Potential_of_Hydrogen.mp4,3720,ISLRTC,src=P/pH_Potential_of_Hydrogen.mp4
pharmacy,pharmacy,1,https://drive.google.com/drive/folders/1U-Pr4r1-cupgNOOq9NH_uTsQnPSVEKco,data/_source/isl_dictionary/P/Pharmacy.mp4,4000,ISLRTC,src=P/Pharmacy.mp4
phenomenon,phenomenon,1,https://drive.google.com/drive/folders/1U-Pr4r1-cupgNOOq9NH_uTsQnPSVEKco,data/_source/isl_dictionary/P/Phenomenon.mp4,13083,ISLRTC,src=P/Phenomenon.mp4
philosophy,philosophy,1,https://drive.google.com/drive/folders/1U-Pr4r1-cupgNOOq9NH_uTsQnPSVEKco,data/_source/isl_dictionary/P/Philosophy.mp4,12208,ISLRTC,src=P/Philosophy.mp4
phloem,phloem,1,https://drive.google.com/drive/folders/1U-Pr4r1-cupgNOOq9NH_uTsQnPSVEKco,data/_source/isl_dictionary/P/Phloem.mp4,3640,ISLRTC,src=P/Phloem.mp4
phone,phone,1,https://drive.google.com/drive/folders/1U-Pr4r1-cupgNOOq9NH_uTsQnPSVEKco,data/_source/isl_dictionary/P/Phone.mp4,5280,ISLRTC,src=P/Phone.mp4
photoperiodism,photoperiodism,1,https://drive.google.com/drive/folders/1U-Pr4r1-cupgNOOq9NH_uTsQnPSVEKco,data/_source/isl_dictionary/P/Photoperiodism.mp4,13917,ISLRTC,src=P/Photoperiodism.mp4
photosynthesis,photosynthesis,1,https://drive.google.com/drive/folders/1U-Pr4r1-cupgNOOq9NH_uTsQnPSVEKco,data/_source/isl_dictionary/P/Photosynthesis.mp4,13583,ISLRTC,src=P/Photosynthesis.mp4
photosynthesis_process,photosynthesis process,2,https://drive.google.com/drive/folders/1U-Pr4r1-cupgNOOq9NH_uTsQnPSVEKco,data/_source/isl_dictionary/P/Photosynthesis_Process.mp4,11875,ISLRTC,src=P/Photosynthesis_Process.mp4
physical_symptoms,physical symptoms,2,https://drive.google.com/drive/folders/1U-Pr4r1-cupgNOOq9NH_uTsQnPSVEKco,data/_source/isl_dictionary/MHSL - 259/Physical_Symptoms.mp4,20000,ISLRTC,src=MHSL - 259/Physical_Symptoms.mp4
physical_weathering,physical weathering,2,https://drive.google.com/drive/folders/1U-Pr4r1-cupgNOOq9NH_uTsQnPSVEKco,data/_source/isl_dictionary/P/Physical_Weathering.mp4,15520,ISLRTC,src=P/Physical_Weathering.mp4
physics,physics,1,https://drive.google.com/drive/folders/1U-Pr4r1-cupgNOOq9NH_uTsQnPSVEKco,data/_derived/h264/P/Physics_(Science).mp4,25856,ISLRTC,src=P/Physics_(Science).mp4; transcoded from hevc
pick,pick,1,https://drive.google.com/drive/folders/1U-Pr4r1-cupgNOOq9NH_uTsQnPSVEKco,data/_source/isl_dictionary/P/Pick.mp4,2640,ISLRTC,src=P/Pick.mp4
picture,picture,1,https://drive.google.com/drive/folders/1U-Pr4r1-cupgNOOq9NH_uTsQnPSVEKco,data/_source/isl_dictionary/P/Picture.mp4,3483,ISLRTC,src=P/Picture.mp4
piece,piece,1,https://drive.google.com/drive/folders/1U-Pr4r1-cupgNOOq9NH_uTsQnPSVEKco,data/_source/isl_dictionary/P/Piece.mp4,6320,ISLRTC,src=P/Piece.mp4
piercing_and_sucking_type,piercing and sucking type,4,https://drive.google.com/drive/folders/1U-Pr4r1-cupgNOOq9NH_uTsQnPSVEKco,data/_source/isl_dictionary/P/Piercing_and_Sucking_Type.mp4,15440,ISLRTC,src=P/Piercing_and_Sucking_Type.mp4
pigmentation_disorder,pigmentation disorder,2,https://drive.google.com/drive/folders/1U-Pr4r1-cupgNOOq9NH_uTsQnPSVEKco,data/_source/isl_dictionary/P/Pigmentation_Disorder.mp4,4680,ISLRTC,src=P/Pigmentation_Disorder.mp4
pink,pink,1,https://drive.google.com/drive/folders/1U-Pr4r1-cupgNOOq9NH_uTsQnPSVEKco,data/_source/isl_dictionary/P/Pink.mp4,5760,ISLRTC,src=P/Pink.mp4
place,place,1,https://drive.google.com/drive/folders/1U-Pr4r1-cupgNOOq9NH_uTsQnPSVEKco,data/_source/isl_dictionary/P/Place.mp4,3120,ISLRTC,src=P/Place.mp4
plain_camel,plain camel,2,https://drive.google.com/drive/folders/1U-Pr4r1-cupgNOOq9NH_uTsQnPSVEKco,data/_source/isl_dictionary/P/Plain_Camel.mp4,15833,ISLRTC,src=P/Plain_Camel.mp4
plain_sheet,plain sheet,2,https://drive.google.com/drive/folders/1U-Pr4r1-cupgNOOq9NH_uTsQnPSVEKco,data/_source/isl_dictionary/P/Plain_Sheet.mp4,21125,ISLRTC,src=P/Plain_Sheet.mp4
plan,plan,1,https://drive.google.com/drive/folders/1U-Pr4r1-cupgNOOq9NH_uTsQnPSVEKco,data/_source/isl_dictionary/P/Plan.mp4,4120,ISLRTC,src=P/Plan.mp4
plane_survey,plane survey,2,https://drive.google.com/drive/folders/1U-Pr4r1-cupgNOOq9NH_uTsQnPSVEKco,data/_source/isl_dictionary/P/Plane_Survey.mp4,16125,ISLRTC,src=P/Plane_Survey.mp4
planet,planet,1,https://drive.google.com/drive/folders/1U-Pr4r1-cupgNOOq9NH_uTsQnPSVEKco,data/_source/isl_dictionary/P/Planet.mp4,5040,ISLRTC,src=P/Planet.mp4
plant_disease_due_to_animal,plant disease due to animal,5,https://drive.google.com/drive/folders/1U-Pr4r1-cupgNOOq9NH_uTsQnPSVEKco,data/_source/isl_dictionary/P/Plant_Disease_Due_to_Animal.mp4,17720,ISLRTC,src=P/Plant_Disease_Due_to_Animal.mp4
plant_disease_due_to_plant,plant disease due to plant,5,https://drive.google.com/drive/folders/1U-Pr4r1-cupgNOOq9NH_uTsQnPSVEKco,data/_source/isl_dictionary/P/Plant_Disease_Due_to_Plant.mp4,18400,ISLRTC,src=P/Plant_Disease_Due_to_Plant.mp4
plant_parasites_or_pathogenic_nematodes,plant parasites or pathogenic nematodes,5,https://drive.google.com/drive/folders/1U-Pr4r1-cupgNOOq9NH_uTsQnPSVEKco,data/_source/isl_dictionary/P/Plant_Parasites_or_Pathogenic_Nematodes.mp4,15360,ISLRTC,src=P/Plant_Parasites_or_Pathogenic_Nematodes.mp4
plant_pathologist,plant pathologist,2,https://drive.google.com/drive/folders/1U-Pr4r1-cupgNOOq9NH_uTsQnPSVEKco,data/_source/isl_dictionary/P/Plant_Pathologist.mp4,17960,ISLRTC,src=P/Plant_Pathologist.mp4
plant_pathology,plant pathology,2,https://drive.google.com/drive/folders/1U-Pr4r1-cupgNOOq9NH_uTsQnPSVEKco,data/_source/isl_dictionary/P/Plant_Pathology.mp4,20458,ISLRTC,src=P/Plant_Pathology.mp4
plant_physiology,plant physiology,2,https://drive.google.com/drive/folders/1U-Pr4r1-cupgNOOq9NH_uTsQnPSVEKco,data/_source/isl_dictionary/P/Plant_Physiology.mp4,14360,ISLRTC,src=P/Plant_Physiology.mp4
plant_sources,plant sources,2,https://drive.google.com/drive/folders/1U-Pr4r1-cupgNOOq9NH_uTsQnPSVEKco,data/_source/isl_dictionary/P/Plant_Sources.mp4,28400,ISLRTC,src=P/Plant_Sources.mp4
plant_water_relation,plant water relation,3,https://drive.google.com/drive/folders/1U-Pr4r1-cupgNOOq9NH_uTsQnPSVEKco,data/_source/isl_dictionary/P/Plant_Water_Relation.mp4,14333,ISLRTC,src=P/Plant_Water_Relation.mp4
plants_near_the_margin_of_water,plants near the margin of water,6,https://drive.google.com/drive/folders/1U-Pr4r1-cupgNOOq9NH_uTsQnPSVEKco,data/_source/isl_dictionary/P/Plants_Near_the_Margin_of_Water.mp4,18400,ISLRTC,src=P/Plants_Near_the_Margin_of_Water.mp4
plants_suited_for_aquarium,plants suited for aquarium,4,https://drive.google.com/drive/folders/1U-Pr4r1-cupgNOOq9NH_uTsQnPSVEKco,data/_source/isl_dictionary/P/Plants_Suited_for_Aquarium.mp4,11960,ISLRTC,src=P/Plants_Suited_for_Aquarium.mp4
platform,platform,1,https://drive.google.com/drive/folders/1U-Pr4r1-cupgNOOq9NH_uTsQnPSVEKco,data/_source/isl_dictionary/P/Platform.mp4,10440,ISLRTC,src=P/Platform.mp4
platy_structure,platy structure,2,https://drive.google.com/drive/folders/1U-Pr4r1-cupgNOOq9NH_uTsQnPSVEKco,data/_source/isl_dictionary/P/Platy_Structure.mp4,18760,ISLRTC,src=P/Platy_Structure.mp4
play,play,1,https://drive.google.com/drive/folders/1U-Pr4r1-cupgNOOq9NH_uTsQnPSVEKco,data/_source/isl_dictionary/P/Play.mp4,3480,ISLRTC,src=P/Play.mp4
pleasant,pleasant,1,https://drive.google.com/drive/folders/1U-Pr4r1-cupgNOOq9NH_uTsQnPSVEKco,data/_source/isl_dictionary/P/Pleasant.mp4,18880,ISLRTC,src=P/Pleasant.mp4
please,please,1,https://drive.google.com/drive/folders/1U-Pr4r1-cupgNOOq9NH_uTsQnPSVEKco,data/_source/isl_dictionary/P/Please.mp4,3880,ISLRTC,src=P/Please.mp4
point,point,1,https://drive.google.com/drive/folders/1U-Pr4r1-cupgNOOq9NH_uTsQnPSVEKco,data/_source/isl_dictionary/New 2500 ISL Dictionary Videos/Yunikee 1/New English/Point.mp4,12680,ISLRTC,src=New 2500 ISL Dictionary Videos/Yunikee 1/New English/Point.mp4
pole_vault,pole vault,2,https://drive.google.com/drive/folders/1U-Pr4r1-cupgNOOq9NH_uTsQnPSVEKco,data/_source/isl_dictionary/P/Pole_Vault.mp4,4800,ISLRTC,src=P/Pole_Vault.mp4
police,police,1,https://drive.google.com/drive/folders/1U-Pr4r1-cupgNOOq9NH_uTsQnPSVEKco,data/_source/isl_dictionary/P/Police.mp4,3560,ISLRTC,src=P/Police.mp4
policy,policy,1,https://drive.google.com/drive/folders/1U-Pr4r1-cupgNOOq9NH_uTsQnPSVEKco,data/_source/isl_dictionary/P/Policy.mp4,4160,ISLRTC,src=P/Policy.mp4
politically_exposed_person,politically exposed person,3,https://drive.google.com/drive/folders/1U-Pr4r1-cupgNOOq9NH_uTsQnPSVEKco,data/_source/isl_dictionary/P/Politically_Exposed_Person.mp4,22384,ISLRTC,src=P/Politically_Exposed_Person.mp4
politics,politics,1,https://drive.google.com/drive/folders/1U-Pr4r1-cupgNOOq9NH_uTsQnPSVEKco,data/_source/isl_dictionary/P/Politics.mp4,3920,ISLRTC,src=P/Politics.mp4
pollution,pollution,1,https://drive.google.com/drive/folders/1U-Pr4r1-cupgNOOq9NH_uTsQnPSVEKco,data/_source/isl_dictionary/P/Pollution_(Sign_2).mp4,4560,ISLRTC,src=P/Pollution_(Sign_2).mp4
polyethersulfone_pes,polyethersulfone pes,2,https://drive.google.com/drive/folders/1U-Pr4r1-cupgNOOq9NH_uTsQnPSVEKco,data/_source/isl_dictionary/P/Polyethersulfone_PES.mp4,3440,ISLRTC,src=P/Polyethersulfone_PES.mp4
polymers,polymers,1,https://drive.google.com/drive/folders/1U-Pr4r1-cupgNOOq9NH_uTsQnPSVEKco,data/_source/isl_dictionary/P/Polymers.mp4,3120,ISLRTC,src=P/Polymers.mp4
polypropylene_pp,polypropylene pp,2,https://drive.google.com/drive/folders/1U-Pr4r1-cupgNOOq9NH_uTsQnPSVEKco,data/_source/isl_dictionary/P/Polypropylene_PP.mp4,2960,ISLRTC,src=P/Polypropylene_PP.mp4
polysulfone_psu,polysulfone psu,2,https://drive.google.com/drive/folders/1U-Pr4r1-cupgNOOq9NH_uTsQnPSVEKco,data/_source/isl_dictionary/P/Polysulfone_PSU.mp4,3240,ISLRTC,src=P/Polysulfone_PSU.mp4
polyvinylidene_fluoride_pvdf,polyvinylidene fluoride pvdf,3,https://drive.google.com/drive/folders/1U-Pr4r1-cupgNOOq9NH_uTsQnPSVEKco,data/_source/isl_dictionary/P/Polyvinylidene_Fluoride_PVDF.mp4,4320,ISLRTC,src=P/Polyvinylidene_Fluoride_PVDF.mp4
pond_on_the_basis_of_situation,pond on the basis of situation,6,https://drive.google.com/drive/folders/1U-Pr4r1-cupgNOOq9NH_uTsQnPSVEKco,data/_source/isl_dictionary/P/Pond_on_the_Basis_of_Situation.mp4,13583,ISLRTC,src=P/Pond_on_the_Basis_of_Situation.mp4
ponder,ponder,1,https://drive.google.com/drive/folders/1U-Pr4r1-cupgNOOq9NH_uTsQnPSVEKco,data/_source/isl_dictionary/T/Think_Contemplate_Ponder.mp4,3400,ISLRTC,alias of 'think contemplate ponder': dictionary files three synonyms under one sign
pool,pool,1,https://drive.google.com/drive/folders/1U-Pr4r1-cupgNOOq9NH_uTsQnPSVEKco,data/_source/isl_dictionary/New 2500 ISL Dictionary Videos/Yunikee 1/New English/Pool.mp4,12400,ISLRTC,src=New 2500 ISL Dictionary Videos/Yunikee 1/New English/Pool.mp4
poor,poor,1,https://drive.google.com/drive/folders/1U-Pr4r1-cupgNOOq9NH_uTsQnPSVEKco,data/_source/isl_dictionary/P/Poor.mp4,3760,ISLRTC,src=P/Poor.mp4
ports_tab,ports tab,2,https://drive.google.com/drive/folders/1U-Pr4r1-cupgNOOq9NH_uTsQnPSVEKco,data/_source/isl_dictionary/P/Ports_Tab.mp4,4083,ISLRTC,src=P/Ports_Tab.mp4
positive,positive,1,https://drive.google.com/drive/folders/1U-Pr4r1-cupgNOOq9NH_uTsQnPSVEKco,data/_source/isl_dictionary/P/Positive.mp4,3240,ISLRTC,src=P/Positive.mp4
positive_integer,positive integer,2,https://drive.google.com/drive/folders/1U-Pr4r1-cupgNOOq9NH_uTsQnPSVEKco,data/_source/isl_dictionary/P/Positive_Integer.mp4,9917,ISLRTC,src=P/Positive_Integer.mp4
positive_mental_health,positive mental health,3,https://drive.google.com/drive/folders/1U-Pr4r1-cupgNOOq9NH_uTsQnPSVEKco,data/_source/isl_dictionary/MHSL - 259/Positive_mental_health.mp4,19285,ISLRTC,src=MHSL - 259/Positive_mental_health.mp4
possible,possible,1,https://drive.google.com/drive/folders/1U-Pr4r1-cupgNOOq9NH_uTsQnPSVEKco,data/_source/isl_dictionary/P/Possible.mp4,3880,ISLRTC,src=P/Possible.mp4
post,post,1,https://drive.google.com/drive/folders/1U-Pr4r1-cupgNOOq9NH_uTsQnPSVEKco,data/_source/isl_dictionary/P/Post_(Video).mp4,6125,ISLRTC,src=P/Post_(Video).mp4
potable,potable,1,https://drive.google.com/drive/folders/1U-Pr4r1-cupgNOOq9NH_uTsQnPSVEKco,data/_source/isl_dictionary/P/Potable.mp4,10083,ISLRTC,src=P/Potable.mp4
potential,potential,1,https://drive.google.com/drive/folders/1U-Pr4r1-cupgNOOq9NH_uTsQnPSVEKco,data/_source/isl_dictionary/P/Potential.mp4,9920,ISLRTC,src=P/Potential.mp4
poultry_feeds,poultry feeds,2,https://drive.google.com/drive/folders/1U-Pr4r1-cupgNOOq9NH_uTsQnPSVEKco,data/_source/isl_dictionary/P/Poultry_Feeds.mp4,12458,ISLRTC,src=P/Poultry_Feeds.mp4
poultry_mash,poultry mash,2,https://drive.google.com/drive/folders/1U-Pr4r1-cupgNOOq9NH_uTsQnPSVEKco,data/_source/isl_dictionary/P/Poultry_Mash.mp4,6708,ISLRTC,src=P/Poultry_Mash.mp4
poultry_production,poultry production,2,https://drive.google.com/drive/folders/1U-Pr4r1-cupgNOOq9NH_uTsQnPSVEKco,data/_source/isl_dictionary/P/Poultry_Production.mp4,8167,ISLRTC,src=P/Poultry_Production.mp4
poultry_science,poultry science,2,https://drive.google.com/drive/folders/1U-Pr4r1-cupgNOOq9NH_uTsQnPSVEKco,data/_source/isl_dictionary/P/Poultry_Science.mp4,11542,ISLRTC,src=P/Poultry_Science.mp4
power,power,1,https://drive.google.com/drive/folders/1U-Pr4r1-cupgNOOq9NH_uTsQnPSVEKco,data/_source/isl_dictionary/P/Power.mp4,3760,ISLRTC,src=P/Power.mp4
power_duster,power duster,2,https://drive.google.com/drive/folders/1U-Pr4r1-cupgNOOq9NH_uTsQnPSVEKco,data/_source/isl_dictionary/P/Power_Duster.mp4,12500,ISLRTC,src=P/Power_Duster.mp4
power_station_or_power_plant_or_power_house_or_generating_station_or_generating_plant,power station or power plant or power house or generating station or generating plant,14,https://drive.google.com/drive/folders/1U-Pr4r1-cupgNOOq9NH_uTsQnPSVEKco,data/_source/isl_dictionary/P/Power_Station_or_Power_Plant_or_Power_House_or_Generating_Station_or_Generating_Plant.mp4,6875,ISLRTC,src=P/Power_Station_or_Power_Plant_or_Power_House_or_Generating_Station_or_Generating_Plant.mp4
practice,practice,1,https://drive.google.com/drive/folders/1U-Pr4r1-cupgNOOq9NH_uTsQnPSVEKco,data/_source/isl_dictionary/P/Practice.mp4,3120,ISLRTC,src=P/Practice.mp4
predaceous_nematodes,predaceous nematodes,2,https://drive.google.com/drive/folders/1U-Pr4r1-cupgNOOq9NH_uTsQnPSVEKco,data/_source/isl_dictionary/P/Predaceous_Nematodes.mp4,19040,ISLRTC,src=P/Predaceous_Nematodes.mp4
premium,premium,1,https://drive.google.com/drive/folders/1U-Pr4r1-cupgNOOq9NH_uTsQnPSVEKco,data/_source/isl_dictionary/P/Premium_(Darivatives).mp4,19272,ISLRTC,src=P/Premium_(Darivatives).mp4
prescription,prescription,1,https://drive.google.com/drive/folders/1U-Pr4r1-cupgNOOq9NH_uTsQnPSVEKco,data/_source/isl_dictionary/P/Prescription.mp4,4360,ISLRTC,src=P/Prescription.mp4
present,present,1,https://drive.google.com/drive/folders/1U-Pr4r1-cupgNOOq9NH_uTsQnPSVEKco,data/_source/isl_dictionary/P/Present_(Now).mp4,4680,ISLRTC,src=P/Present_(Now).mp4
president,president,1,https://drive.google.com/drive/folders/1U-Pr4r1-cupgNOOq9NH_uTsQnPSVEKco,data/_source/isl_dictionary/P/President.mp4,3640,ISLRTC,src=P/President.mp4
prevent,prevent,1,https://drive.google.com/drive/folders/1U-Pr4r1-cupgNOOq9NH_uTsQnPSVEKco,data/_source/isl_dictionary/P/Prevent.mp4,11280,ISLRTC,src=P/Prevent.mp4
price,price,1,https://drive.google.com/drive/folders/1U-Pr4r1-cupgNOOq9NH_uTsQnPSVEKco,data/_source/isl_dictionary/P/Price.mp4,3840,ISLRTC,src=P/Price.mp4
primary_tillage,primary tillage,2,https://drive.google.com/drive/folders/1U-Pr4r1-cupgNOOq9NH_uTsQnPSVEKco,data/_source/isl_dictionary/P/Primary_Tillage.mp4,19640,ISLRTC,src=P/Primary_Tillage.mp4
primatic_structure,primatic structure,2,https://drive.google.com/drive/folders/1U-Pr4r1-cupgNOOq9NH_uTsQnPSVEKco,data/_source/isl_dictionary/P/Primatic_Structure.mp4,19000,ISLRTC,src=P/Primatic_Structure.mp4
prime_lending_rate,prime lending rate,3,https://drive.google.com/drive/folders/1U-Pr4r1-cupgNOOq9NH_uTsQnPSVEKco,data/_source/isl_dictionary/P/Prime_Lending_Rate.mp4,26424,ISLRTC,src=P/Prime_Lending_Rate.mp4
principal,principal,1,https://drive.google.com/drive/folders/1U-Pr4r1-cupgNOOq9NH_uTsQnPSVEKco,data/_source/isl_dictionary/P/Principal.mp4,2560,ISLRTC,src=P/Principal.mp4
print,print,1,https://drive.google.com/drive/folders/1U-Pr4r1-cupgNOOq9NH_uTsQnPSVEKco,data/_source/isl_dictionary/P/Print.mp4,4000,ISLRTC,src=P/Print.mp4
print_area,print area,2,https://drive.google.com/drive/folders/1U-Pr4r1-cupgNOOq9NH_uTsQnPSVEKco,data/_source/isl_dictionary/P/Print_Area.mp4,24080,ISLRTC,src=P/Print_Area.mp4
printer,printer,1,https://drive.google.com/drive/folders/1U-Pr4r1-cupgNOOq9NH_uTsQnPSVEKco,data/_source/isl_dictionary/P/Printer.mp4,4440,ISLRTC,src=P/Printer.mp4
private,private,1,https://drive.google.com/drive/folders/1U-Pr4r1-cupgNOOq9NH_uTsQnPSVEKco,data/_source/isl_dictionary/P/Private.mp4,4080,ISLRTC,src=P/Private.mp4
private_gardens,private gardens,2,https://drive.google.com/drive/folders/1U-Pr4r1-cupgNOOq9NH_uTsQnPSVEKco,data/_source/isl_dictionary/P/Private_Gardens.mp4,13840,ISLRTC,src=P/Private_Gardens.mp4
private_limited_company,private limited company,3,https://drive.google.com/drive/folders/1U-Pr4r1-cupgNOOq9NH_uTsQnPSVEKco,data/_source/isl_dictionary/P/Private_Limited_Company.mp4,23313,ISLRTC,src=P/Private_Limited_Company.mp4
problem,problem,1,https://drive.google.com/drive/folders/1U-Pr4r1-cupgNOOq9NH_uTsQnPSVEKco,data/_source/isl_dictionary/P/Problem.mp4,3320,ISLRTC,src=P/Problem.mp4
process,process,1,https://drive.google.com/drive/folders/1U-Pr4r1-cupgNOOq9NH_uTsQnPSVEKco,data/_source/isl_dictionary/P/Process.mp4,3720,ISLRTC,src=P/Process.mp4
professional,professional,1,https://drive.google.com/drive/folders/1U-Pr4r1-cupgNOOq9NH_uTsQnPSVEKco,data/_source/isl_dictionary/P/Professional.mp4,4120,ISLRTC,src=P/Professional.mp4
professor,professor,1,https://drive.google.com/drive/folders/1U-Pr4r1-cupgNOOq9NH_uTsQnPSVEKco,data/_source/isl_dictionary/P/Professor.mp4,4320,ISLRTC,src=P/Professor.mp4
profile_levelling,profile levelling,2,https://drive.google.com/drive/folders/1U-Pr4r1-cupgNOOq9NH_uTsQnPSVEKco,data/_source/isl_dictionary/P/Profile_Levelling.mp4,13080,ISLRTC,src=P/Profile_Levelling.mp4
profit,profit,1,https://drive.google.com/drive/folders/1U-Pr4r1-cupgNOOq9NH_uTsQnPSVEKco,data/_source/isl_dictionary/P/Profit (1).mp4,15557,ISLRTC,src=P/Profit (1).mp4
program,program,1,https://drive.google.com/drive/folders/1U-Pr4r1-cupgNOOq9NH_uTsQnPSVEKco,data/_source/isl_dictionary/P/Program.mp4,2880,ISLRTC,src=P/Program.mp4
programme,programme,1,https://drive.google.com/drive/folders/1U-Pr4r1-cupgNOOq9NH_uTsQnPSVEKco,data/_source/isl_dictionary/P/Programme.mp4,9280,ISLRTC,src=P/Programme.mp4
promote,promote,1,https://drive.google.com/drive/folders/1U-Pr4r1-cupgNOOq9NH_uTsQnPSVEKco,data/_source/isl_dictionary/P/Promote.mp4,4360,ISLRTC,src=P/Promote.mp4
promotion,promotion,1,https://drive.google.com/drive/folders/1U-Pr4r1-cupgNOOq9NH_uTsQnPSVEKco,data/_source/isl_dictionary/P/Promotion.mp4,3520,ISLRTC,src=P/Promotion.mp4
proof,proof,1,https://drive.google.com/drive/folders/1U-Pr4r1-cupgNOOq9NH_uTsQnPSVEKco,data/_source/isl_dictionary/P/Proof.mp4,3920,ISLRTC,src=P/Proof.mp4
propeller_pump,propeller pump,2,https://drive.google.com/drive/folders/1U-Pr4r1-cupgNOOq9NH_uTsQnPSVEKco,data/_source/isl_dictionary/P/Propeller_Pump.mp4,14542,ISLRTC,src=P/Propeller_Pump.mp4
property,property,1,https://drive.google.com/drive/folders/1U-Pr4r1-cupgNOOq9NH_uTsQnPSVEKco,data/_source/isl_dictionary/P/Property (1).mp4,24474,ISLRTC,src=P/Property (1).mp4
protect,protect,1,https://drive.google.com/drive/folders/1U-Pr4r1-cupgNOOq9NH_uTsQnPSVEKco,data/_source/isl_dictionary/P/Protect.mp4,3120,ISLRTC,src=P/Protect.mp4
protein,protein,1,https://drive.google.com/drive/folders/1U-Pr4r1-cupgNOOq9NH_uTsQnPSVEKco,data/_source/isl_dictionary/P/Protein.mp4,7880,ISLRTC,src=P/Protein.mp4
protien,protien,1,https://drive.google.com/drive/folders/1U-Pr4r1-cupgNOOq9NH_uTsQnPSVEKco,data/_source/isl_dictionary/P/Protien_(Sign_2).mp4,3000,ISLRTC,src=P/Protien_(Sign_2).mp4
protozoa,protozoa,1,https://drive.google.com/drive/folders/1U-Pr4r1-cupgNOOq9NH_uTsQnPSVEKco,data/_source/isl_dictionary/P/Protozoa.mp4,3120,ISLRTC,src=P/Protozoa.mp4
psychoeducation,psychoeducation,1,https://drive.google.com/drive/folders/1U-Pr4r1-cupgNOOq9NH_uTsQnPSVEKco,data/_source/isl_dictionary/MHSL - 259/Psychoeducation.mp4,20330,ISLRTC,src=MHSL - 259/Psychoeducation.mp4
psychosocial_support,psychosocial support,2,https://drive.google.com/drive/folders/1U-Pr4r1-cupgNOOq9NH_uTsQnPSVEKco,data/_source/isl_dictionary/MHSL - 259/Psychosocial_Support.mp4,15210,ISLRTC,src=MHSL - 259/Psychosocial_Support.mp4
public,public,1,https://drive.google.com/drive/folders/1U-Pr4r1-cupgNOOq9NH_uTsQnPSVEKco,data/_source/isl_dictionary/P/Public.mp4,3920,ISLRTC,src=P/Public.mp4
public_gardens,public gardens,2,https://drive.google.com/drive/folders/1U-Pr4r1-cupgNOOq9NH_uTsQnPSVEKco,data/_source/isl_dictionary/P/Public_Gardens.mp4,8520,ISLRTC,src=P/Public_Gardens.mp4
puducerry,puducerry,1,https://drive.google.com/drive/folders/1U-Pr4r1-cupgNOOq9NH_uTsQnPSVEKco,data/_source/isl_dictionary/P/Puducerry_(Pondicherry).mp4,3360,ISLRTC,src=P/Puducerry_(Pondicherry).mp4
pules_crops,pules crops,2,https://drive.google.com/drive/folders/1U-Pr4r1-cupgNOOq9NH_uTsQnPSVEKco,data/_source/isl_dictionary/P/Pules_Crops.mp4,15240,ISLRTC,src=P/Pules_Crops.mp4
pullet,pullet,1,https://drive.google.com/drive/folders/1U-Pr4r1-cupgNOOq9NH_uTsQnPSVEKco,data/_source/isl_dictionary/P/Pullet.mp4,10083,ISLRTC,src=P/Pullet.mp4
pullorum,pullorum,1,https://drive.google.com/drive/folders/1U-Pr4r1-cupgNOOq9NH_uTsQnPSVEKco,data/_source/isl_dictionary/P/Pullorum.mp4,29083,ISLRTC,src=P/Pullorum.mp4
punch,punch,1,https://drive.google.com/drive/folders/1U-Pr4r1-cupgNOOq9NH_uTsQnPSVEKco,data/_source/isl_dictionary/P/Punch.mp4,12720,ISLRTC,src=P/Punch.mp4
puncture,puncture,1,https://drive.google.com/drive/folders/1U-Pr4r1-cupgNOOq9NH_uTsQnPSVEKco,data/_source/isl_dictionary/P/Puncture.mp4,4760,ISLRTC,src=P/Puncture.mp4
pune,pune,1,https://drive.google.com/drive/folders/1U-Pr4r1-cupgNOOq9NH_uTsQnPSVEKco,data/_source/isl_dictionary/P/Pune.mp4,3960,ISLRTC,src=P/Pune.mp4
punjab,punjab,1,https://drive.google.com/drive/folders/1U-Pr4r1-cupgNOOq9NH_uTsQnPSVEKco,data/_source/isl_dictionary/P/Punjab.mp4,3160,ISLRTC,src=P/Punjab.mp4; 1 other variant(s)
pupa,pupa,1,https://drive.google.com/drive/folders/1U-Pr4r1-cupgNOOq9NH_uTsQnPSVEKco,data/_source/isl_dictionary/P/Pupa.mp4,28800,ISLRTC,src=P/Pupa.mp4
pur_colour,pur colour,2,https://drive.google.com/drive/folders/1U-Pr4r1-cupgNOOq9NH_uTsQnPSVEKco,data/_source/isl_dictionary/P/Pur_Colour.mp4,9667,ISLRTC,src=P/Pur_Colour.mp4
purification,purification,1,https://drive.google.com/drive/folders/1U-Pr4r1-cupgNOOq9NH_uTsQnPSVEKco,data/_source/isl_dictionary/P/Purification.mp4,3360,ISLRTC,src=P/Purification.mp4
purple,purple,1,https://drive.google.com/drive/folders/1U-Pr4r1-cupgNOOq9NH_uTsQnPSVEKco,data/_source/isl_dictionary/purple.mp4,4320,ISLRTC,src=purple.mp4
purple_flowered_plants,purple flowered plants,3,https://drive.google.com/drive/folders/1U-Pr4r1-cupgNOOq9NH_uTsQnPSVEKco,data/_source/isl_dictionary/P/Purple_Flowered_Plants.mp4,10120,ISLRTC,src=P/Purple_Flowered_Plants.mp4
put,put,1,https://drive.google.com/drive/folders/1U-Pr4r1-cupgNOOq9NH_uTsQnPSVEKco,data/_source/isl_dictionary/P/Put.mp4,3160,ISLRTC,src=P/Put.mp4
quack,quack,1,https://drive.google.com/drive/folders/1U-Pr4r1-cupgNOOq9NH_uTsQnPSVEKco,data/_source/isl_dictionary/Q/Quack.mp4,6917,ISLRTC,src=Q/Quack.mp4
quadriplegia,quadriplegia,1,https://drive.google.com/drive/folders/1U-Pr4r1-cupgNOOq9NH_uTsQnPSVEKco,data/_source/isl_dictionary/Q/Quadriplegia.mp4,12000,ISLRTC,src=Q/Quadriplegia.mp4
quadrupedal_robot,quadrupedal robot,2,https://drive.google.com/drive/folders/1U-Pr4r1-cupgNOOq9NH_uTsQnPSVEKco,data/_source/isl_dictionary/Q/Quadrupedal_Robot.mp4,12708,ISLRTC,src=Q/Quadrupedal_Robot.mp4
quadruplane,quadruplane,1,https://drive.google.com/drive/folders/1U-Pr4r1-cupgNOOq9NH_uTsQnPSVEKco,data/_source/isl_dictionary/New 2500 ISL Dictionary Videos/BCS/Quadruplane - English.mp4,14820,ISLRTC,src=New 2500 ISL Dictionary Videos/BCS/Quadruplane - English.mp4
qualification,qualification,1,https://drive.google.com/drive/folders/1U-Pr4r1-cupgNOOq9NH_uTsQnPSVEKco,data/_source/isl_dictionary/Q/Qualification.mp4,3840,ISLRTC,src=Q/Qualification.mp4; 1 other variant(s)
qualified_scientist,qualified scientist,2,https://drive.google.com/drive/folders/1U-Pr4r1-cupgNOOq9NH_uTsQnPSVEKco,data/_source/isl_dictionary/Q/Qualified_Scientist.mp4,27417,ISLRTC,src=Q/Qualified_Scientist.mp4
qualitative_data,qualitative data,2,https://drive.google.com/drive/folders/1U-Pr4r1-cupgNOOq9NH_uTsQnPSVEKco,data/_source/isl_dictionary/Q/Qualitative_Data.mp4,20583,ISLRTC,src=Q/Qualitative_Data.mp4
quality,quality,1,https://drive.google.com/drive/folders/1U-Pr4r1-cupgNOOq9NH_uTsQnPSVEKco,data/_source/isl_dictionary/Q/Quality.mp4,2600,ISLRTC,src=Q/Quality.mp4
quality_of_irrigation_water,quality of irrigation water,4,https://drive.google.com/drive/folders/1U-Pr4r1-cupgNOOq9NH_uTsQnPSVEKco,data/_source/isl_dictionary/Q/Quality_of_Irrigation_Water.mp4,29840,ISLRTC,src=Q/Quality_of_Irrigation_Water.mp4
quantity,quantity,1,https://drive.google.com/drive/folders/1U-Pr4r1-cupgNOOq9NH_uTsQnPSVEKco,data/_source/isl_dictionary/Q/Quantity.mp4,3840,ISLRTC,src=Q/Quantity.mp4; 1 other variant(s)
quarantine,quarantine,1,https://drive.google.com/drive/folders/1U-Pr4r1-cupgNOOq9NH_uTsQnPSVEKco,data/_source/isl_dictionary/Q/Quarantine.mp4,18720,ISLRTC,src=Q/Quarantine.mp4
quarter,quarter,1,https://drive.google.com/drive/folders/1U-Pr4r1-cupgNOOq9NH_uTsQnPSVEKco,data/_source/isl_dictionary/Q/Quarter.mp4,11640,ISLRTC,src=Q/Quarter.mp4
quarterly_interest,quarterly interest,2,https://drive.google.com/drive/folders/1U-Pr4r1-cupgNOOq9NH_uTsQnPSVEKco,data/_source/isl_dictionary/Q/Quarterly_Interest.mp4,28700,ISLRTC,src=Q/Quarterly_Interest.mp4
queen,queen,1,https://drive.google.com/drive/folders/1U-Pr4r1-cupgNOOq9NH_uTsQnPSVEKco,data/_source/isl_dictionary/Q/Queen.mp4,3040,ISLRTC,src=Q/Queen.mp4
queen_post,queen post,2,https://drive.google.com/drive/folders/1U-Pr4r1-cupgNOOq9NH_uTsQnPSVEKco,data/_source/isl_dictionary/Q/Queen_Post.mp4,20917,ISLRTC,src=Q/Queen_Post.mp4
query,query,1,https://drive.google.com/drive/folders/1U-Pr4r1-cupgNOOq9NH_uTsQnPSVEKco,data/_source/isl_dictionary/Q/Query.mp4,3800,ISLRTC,src=Q/Query.mp4
question,question,1,https://drive.google.com/drive/folders/1U-Pr4r1-cupgNOOq9NH_uTsQnPSVEKco,data/_source/isl_dictionary/Q/Question.mp4,3800,ISLRTC,src=Q/Question.mp4
question_mark,question mark,2,https://drive.google.com/drive/folders/1U-Pr4r1-cupgNOOq9NH_uTsQnPSVEKco,data/_source/isl_dictionary/Q/Question_Mark.mp4,3792,ISLRTC,src=Q/Question_Mark.mp4
queue,queue,1,https://drive.google.com/drive/folders/1U-Pr4r1-cupgNOOq9NH_uTsQnPSVEKco,data/_source/isl_dictionary/Q/Queue.mp4,2800,ISLRTC,src=Q/Queue.mp4
queue_jump_lane,queue jump lane,3,https://drive.google.com/drive/folders/1U-Pr4r1-cupgNOOq9NH_uTsQnPSVEKco,data/_source/isl_dictionary/New 2500 ISL Dictionary Videos/Anuprayaas/English/Queue_Jump_Lane.mp4,5339,ISLRTC,src=New 2500 ISL Dictionary Videos/Anuprayaas/English/Queue_Jump_Lane.mp4
quickening,quickening,1,https://drive.google.com/drive/folders/1U-Pr4r1-cupgNOOq9NH_uTsQnPSVEKco,data/_source/isl_dictionary/Q/Quickening.mp4,14400,ISLRTC,src=Q/Quickening.mp4
quickly,quickly,1,https://drive.google.com/drive/folders/1U-Pr4r1-cupgNOOq9NH_uTsQnPSVEKco,data/_source/isl_dictionary/Q/Quickly.mp4,3400,ISLRTC,src=Q/Quickly.mp4
quickly_hurry,quickly hurry,2,https://drive.google.com/drive/folders/1U-Pr4r1-cupgNOOq9NH_uTsQnPSVEKco,data/_source/isl_dictionary/Q/Quickly_Hurry.mp4,3680,ISLRTC,src=Q/Quickly_Hurry.mp4
quiet,quiet,1,https://drive.google.com/drive/folders/1U-Pr4r1-cupgNOOq9NH_uTsQnPSVEKco,data/_source/isl_dictionary/Q/Quiet.mp4,3240,ISLRTC,src=Q/Quiet.mp4
quilted,quilted,1,https://drive.google.com/drive/folders/1U-Pr4r1-cupgNOOq9NH_uTsQnPSVEKco,data/_source/isl_dictionary/Q/Quilted.mp4,15960,ISLRTC,src=Q/Quilted.mp4
quilted_ruler,quilted ruler,2,https://drive.google.com/drive/folders/1U-Pr4r1-cupgNOOq9NH_uTsQnPSVEKco,data/_source/isl_dictionary/Q/Quilted_Ruler.mp4,24480,ISLRTC,src=Q/Quilted_Ruler.mp4
quota,quota,1,https://drive.google.com/drive/folders/1U-Pr4r1-cupgNOOq9NH_uTsQnPSVEKco,data/_source/isl_dictionary/Q/Quota.mp4,21875,ISLRTC,src=Q/Quota.mp4
quotation,quotation,1,https://drive.google.com/drive/folders/1U-Pr4r1-cupgNOOq9NH_uTsQnPSVEKco,data/_source/isl_dictionary/Q/Quotation.mp4,17458,ISLRTC,src=Q/Quotation.mp4
quotation_marks,quotation marks,2,https://drive.google.com/drive/folders/1U-Pr4r1-cupgNOOq9NH_uTsQnPSVEKco,data/_source/isl_dictionary/Q/Quotation_Marks.mp4,3833,ISLRTC,src=Q/Quotation_Marks.mp4
qutub_minar,qutub minar,2,https://drive.google.com/drive/folders/1U-Pr4r1-cupgNOOq9NH_uTsQnPSVEKco,data/_source/isl_dictionary/Q/Qutub_Minar.mp4,3280,ISLRTC,src=Q/Qutub_Minar.mp4
race,race,1,https://drive.google.com/drive/folders/1U-Pr4r1-cupgNOOq9NH_uTsQnPSVEKco,data/_source/isl_dictionary/R/Race.mp4,16800,ISLRTC,src=R/Race.mp4; 1 other variant(s)
race_course,race course,2,https://drive.google.com/drive/folders/1U-Pr4r1-cupgNOOq9NH_uTsQnPSVEKco,data/_source/isl_dictionary/R/Race_Course.mp4,14000,ISLRTC,src=R/Race_Course.mp4
race_track,race track,2,https://drive.google.com/drive/folders/1U-Pr4r1-cupgNOOq9NH_uTsQnPSVEKco,data/_source/isl_dictionary/R/Race_Track.mp4,13160,ISLRTC,src=R/Race_Track.mp4
racism_and_racial_discrimination,racism and racial discrimination,4,https://drive.google.com/drive/folders/1U-Pr4r1-cupgNOOq9NH_uTsQnPSVEKco,data/_source/isl_dictionary/R/Racism_and_Racial_Discrimination.mp4,29616,ISLRTC,src=R/Racism_and_Racial_Discrimination.mp4
racket_racquet,racket racquet,2,https://drive.google.com/drive/folders/1U-Pr4r1-cupgNOOq9NH_uTsQnPSVEKco,data/_source/isl_dictionary/R/Racket_Racquet.mp4,13760,ISLRTC,src=R/Racket_Racquet.mp4
racket_scam,racket scam,2,https://drive.google.com/drive/folders/1U-Pr4r1-cupgNOOq9NH_uTsQnPSVEKco,data/_source/isl_dictionary/R/Racket_Scam.mp4,27583,ISLRTC,src=R/Racket_Scam.mp4
ractangular_method,ractangular method,2,https://drive.google.com/drive/folders/1U-Pr4r1-cupgNOOq9NH_uTsQnPSVEKco,data/_source/isl_dictionary/R/Ractangular_Method.mp4,27560,ISLRTC,src=R/Ractangular_Method.mp4
radar_chart,radar chart,2,https://drive.google.com/drive/folders/1U-Pr4r1-cupgNOOq9NH_uTsQnPSVEKco,data/_source/isl_dictionary/R/Radar_Chart.mp4,25720,ISLRTC,src=R/Radar_Chart.mp4
radiation,radiation,1,https://drive.google.com/drive/folders/1U-Pr4r1-cupgNOOq9NH_uTsQnPSVEKco,data/_source/isl_dictionary/R/Radiation(1).mp4,3880,ISLRTC,src=R/Radiation(1).mp4
radient_energy,radient energy,2,https://drive.google.com/drive/folders/1U-Pr4r1-cupgNOOq9NH_uTsQnPSVEKco,data/_source/isl_dictionary/R/Radient_Energy.mp4,22240,ISLRTC,src=R/Radient_Energy.mp4
radio,radio,1,https://drive.google.com/drive/folders/1U-Pr4r1-cupgNOOq9NH_uTsQnPSVEKco,data/_source/isl_dictionary/R/Radio.mp4,4440,ISLRTC,src=R/Radio.mp4
raft,raft,1,https://drive.google.com/drive/folders/1U-Pr4r1-cupgNOOq9NH_uTsQnPSVEKco,data/_source/isl_dictionary/R/Raft.mp4,19000,ISLRTC,src=R/Raft.mp4; 1 other variant(s)
raft_foundation,raft foundation,2,https://drive.google.com/drive/folders/1U-Pr4r1-cupgNOOq9NH_uTsQnPSVEKco,data/_source/isl_dictionary/R/Raft_Foundation.mp4,28792,ISLRTC,src=R/Raft_Foundation.mp4
rafter,rafter,1,https://drive.google.com/drive/folders/1U-Pr4r1-cupgNOOq9NH_uTsQnPSVEKco,data/_source/isl_dictionary/R/Rafter.mp4,14292,ISLRTC,src=R/Rafter.mp4
rafting_white_water_rafting_river_rafting,rafting white water rafting river rafting,6,https://drive.google.com/drive/folders/1U-Pr4r1-cupgNOOq9NH_uTsQnPSVEKco,data/_source/isl_dictionary/R/Rafting_White_Water_Rafting_River_Rafting.mp4,5072,ISLRTC,src=R/Rafting_White_Water_Rafting_River_Rafting.mp4
rag,rag,1,https://drive.google.com/drive/folders/1U-Pr4r1-cupgNOOq9NH_uTsQnPSVEKco,data/_source/isl_dictionary/R/Rag.mp4,27458,ISLRTC,src=R/Rag.mp4; 1 other variant(s)
rage,rage,1,https://drive.google.com/drive/folders/1U-Pr4r1-cupgNOOq9NH_uTsQnPSVEKco,data/_source/isl_dictionary/R/Rage.mp4,13917,ISLRTC,src=R/Rage.mp4
rail_road_switch,rail road switch,3,https://drive.google.com/drive/folders/1U-Pr4r1-cupgNOOq9NH_uTsQnPSVEKco,data/_source/isl_dictionary/R/Rail_Road_Switch.mp4,6583,ISLRTC,src=R/Rail_Road_Switch.mp4
rail_section,rail section,2,https://drive.google.com/drive/folders/1U-Pr4r1-cupgNOOq9NH_uTsQnPSVEKco,data/_source/isl_dictionary/R/Rail_Section.mp4,14875,ISLRTC,src=R/Rail_Section.mp4
railfanning_railfan,railfanning railfan,2,https://drive.google.com/drive/folders/1U-Pr4r1-cupgNOOq9NH_uTsQnPSVEKco,data/_source/isl_dictionary/R/Railfanning_Railfan.mp4,25458,ISLRTC,src=R/Railfanning_Railfan.mp4
railway_or_cactus_hedges,railway or cactus hedges,4,https://drive.google.com/drive/folders/1U-Pr4r1-cupgNOOq9NH_uTsQnPSVEKco,data/_source/isl_dictionary/R/Railway_or_Cactus_Hedges.mp4,14880,ISLRTC,src=R/Railway_or_Cactus_Hedges.mp4
rain,rain,1,https://drive.google.com/drive/folders/1U-Pr4r1-cupgNOOq9NH_uTsQnPSVEKco,data/_source/isl_dictionary/R/Rain_(Heavy_Rain).mp4,4120,ISLRTC,src=R/Rain_(Heavy_Rain).mp4
rain_coat,rain coat,2,https://drive.google.com/drive/folders/1U-Pr4r1-cupgNOOq9NH_uTsQnPSVEKco,data/_source/isl_dictionary/R/Rain_Coat.mp4,3240,ISLRTC,src=R/Rain_Coat.mp4
rain_drop,rain drop,2,https://drive.google.com/drive/folders/1U-Pr4r1-cupgNOOq9NH_uTsQnPSVEKco,data/_source/isl_dictionary/R/Rain_Drop.mp4,6120,ISLRTC,src=R/Rain_Drop.mp4
rainy_or_kharif_season_vegetables,rainy or kharif season vegetables,5,https://drive.google.com/drive/folders/1U-Pr4r1-cupgNOOq9NH_uTsQnPSVEKco,data/_source/isl_dictionary/R/Rainy_or_Kharif_Season_Vegetables.mp4,10480,ISLRTC,src=R/Rainy_or_Kharif_Season_Vegetables.mp4
raipur,raipur,1,https://drive.google.com/drive/folders/1U-Pr4r1-cupgNOOq9NH_uTsQnPSVEKco,data/_source/isl_dictionary/R/Raipur.mp4,3680,ISLRTC,src=R/Raipur.mp4
raise,raise,1,https://drive.google.com/drive/folders/1U-Pr4r1-cupgNOOq9NH_uTsQnPSVEKco,data/_source/isl_dictionary/R/Raise_(Hand).mp4,3520,ISLRTC,src=R/Raise_(Hand).mp4
raise_bring_up_rear,raise bring up rear,4,https://drive.google.com/drive/folders/1U-Pr4r1-cupgNOOq9NH_uTsQnPSVEKco,data/_source/isl_dictionary/R/Raise_Bring_Up_Rear.mp4,18583,ISLRTC,src=R/Raise_Bring_Up_Rear.mp4
raise_lift,raise lift,2,https://drive.google.com/drive/folders/1U-Pr4r1-cupgNOOq9NH_uTsQnPSVEKco,data/_source/isl_dictionary/R/Raise_Lift_(Remove_Words_Hand_Head_Table_Etc).mp4,25917,ISLRTC,src=R/Raise_Lift_(Remove_Words_Hand_Head_Table_Etc).mp4
raise_one_s_hand_against_someone,raise one's hand against someone,5,https://drive.google.com/drive/folders/1U-Pr4r1-cupgNOOq9NH_uTsQnPSVEKco,data/_source/isl_dictionary/R/Raise_One_s_Hand_Against_Someone.mp4,8792,ISLRTC,src=R/Raise_One_s_Hand_Against_Someone.mp4
raisin,raisin,1,https://drive.google.com/drive/folders/1U-Pr4r1-cupgNOOq9NH_uTsQnPSVEKco,data/_source/isl_dictionary/R/Raisin.mp4,16800,ISLRTC,src=R/Raisin.mp4
raita,raita,1,https://drive.google.com/drive/folders/1U-Pr4r1-cupgNOOq9NH_uTsQnPSVEKco,data/_source/isl_dictionary/R/Raita.mp4,13840,ISLRTC,src=R/Raita.mp4; 1 other variant(s)
rajasthan,rajasthan,1,https://drive.google.com/drive/folders/1U-Pr4r1-cupgNOOq9NH_uTsQnPSVEKco,data/_source/isl_dictionary/R/Rajasthan.mp4,3920,ISLRTC,src=R/Rajasthan.mp4; 1 other variant(s)
ram,ram,1,https://drive.google.com/drive/folders/1U-Pr4r1-cupgNOOq9NH_uTsQnPSVEKco,data/_source/isl_dictionary/R/Ram.mp4,16292,ISLRTC,src=R/Ram.mp4
ramp_runway,ramp runway,2,https://drive.google.com/drive/folders/1U-Pr4r1-cupgNOOq9NH_uTsQnPSVEKco,data/_source/isl_dictionary/R/Ramp_Runway.mp4,29360,ISLRTC,src=R/Ramp_Runway.mp4
ranchi,ranchi,1,https://drive.google.com/drive/folders/1U-Pr4r1-cupgNOOq9NH_uTsQnPSVEKco,data/_source/isl_dictionary/R/Ranchi.mp4,3920,ISLRTC,src=R/Ranchi.mp4
range,range,1,https://drive.google.com/drive/folders/1U-Pr4r1-cupgNOOq9NH_uTsQnPSVEKco,data/_source/isl_dictionary/New 2500 ISL Dictionary Videos/Yunikee 1/New English/Range.mp4,16200,ISLRTC,src=New 2500 ISL Dictionary Videos/Yunikee 1/New English/Range.mp4
ranikhet,ranikhet,1,https://drive.google.com/drive/folders/1U-Pr4r1-cupgNOOq9NH_uTsQnPSVEKco,data/_source/isl_dictionary/R/Ranikhet.mp4,27750,ISLRTC,src=R/Ranikhet.mp4
rank,rank,1,https://drive.google.com/drive/folders/1U-Pr4r1-cupgNOOq9NH_uTsQnPSVEKco,data/_source/isl_dictionary/R/Rank.mp4,4040,ISLRTC,src=R/Rank.mp4
ransom,ransom,1,https://drive.google.com/drive/folders/1U-Pr4r1-cupgNOOq9NH_uTsQnPSVEKco,data/_source/isl_dictionary/R/Ransom.m4v,23920,ISLRTC,src=R/Ransom.m4v
rare,rare,1,https://drive.google.com/drive/folders/1U-Pr4r1-cupgNOOq9NH_uTsQnPSVEKco,data/_source/isl_dictionary/R/Rare.mp4,4040,ISLRTC,src=R/Rare.mp4
rashtriya_janta_dal_rjd,rashtriya janta dal rjd,4,https://drive.google.com/drive/folders/1U-Pr4r1-cupgNOOq9NH_uTsQnPSVEKco,data/_source/isl_dictionary/R/Rashtriya_Janta_Dal_RJD.mp4,3480,ISLRTC,src=R/Rashtriya_Janta_Dal_RJD.mp4; 2 other variant(s)
razor,razor,1,https://drive.google.com/drive/folders/1U-Pr4r1-cupgNOOq9NH_uTsQnPSVEKco,data/_source/isl_dictionary/R/Razor.mp4,13440,ISLRTC,src=R/Razor.mp4
razor_blade,razor blade,2,https://drive.google.com/drive/folders/1U-Pr4r1-cupgNOOq9NH_uTsQnPSVEKco,data/_source/isl_dictionary/R/Razor_Blade.mp4,24920,ISLRTC,src=R/Razor_Blade.mp4
reach,reach,1,https://drive.google.com/drive/folders/1U-Pr4r1-cupgNOOq9NH_uTsQnPSVEKco,data/_source/isl_dictionary/R/Reach.mp4,4120,ISLRTC,src=R/Reach.mp4
read,read,1,https://drive.google.com/drive/folders/1U-Pr4r1-cupgNOOq9NH_uTsQnPSVEKco,data/_source/isl_dictionary/R/Read.mp4,4040,ISLRTC,src=R/Read.mp4
ready,ready,1,https://drive.google.com/drive/folders/1U-Pr4r1-cupgNOOq9NH_uTsQnPSVEKco,data/_source/isl_dictionary/R/Ready.mp4,3400,ISLRTC,src=R/Ready.mp4
reaper_bainder,reaper bainder,2,https://drive.google.com/drive/folders/1U-Pr4r1-cupgNOOq9NH_uTsQnPSVEKco,data/_source/isl_dictionary/R/Reaper_Bainder.mp4,14875,ISLRTC,src=R/Reaper_Bainder.mp4
reason,reason,1,https://drive.google.com/drive/folders/1U-Pr4r1-cupgNOOq9NH_uTsQnPSVEKco,data/_source/isl_dictionary/R/Reason.mp4,2840,ISLRTC,src=R/Reason.mp4
receive,receive,1,https://drive.google.com/drive/folders/1U-Pr4r1-cupgNOOq9NH_uTsQnPSVEKco,data/_source/isl_dictionary/R/Receive.mp4,3240,ISLRTC,src=R/Receive.mp4
recent,recent,1,https://drive.google.com/drive/folders/1U-Pr4r1-cupgNOOq9NH_uTsQnPSVEKco,data/_source/isl_dictionary/R/Recent.mp4,4040,ISLRTC,src=R/Recent.mp4
recently,recently,1,https://drive.google.com/drive/folders/1U-Pr4r1-cupgNOOq9NH_uTsQnPSVEKco,data/_source/isl_dictionary/R/Recently.mp4,4160,ISLRTC,src=R/Recently.mp4
recipe,recipe,1,https://drive.google.com/drive/folders/1U-Pr4r1-cupgNOOq9NH_uTsQnPSVEKco,data/_source/isl_dictionary/R/Recipe.mp4,18240,ISLRTC,src=R/Recipe.mp4
reciprocal,reciprocal,1,https://drive.google.com/drive/folders/1U-Pr4r1-cupgNOOq9NH_uTsQnPSVEKco,data/_source/isl_dictionary/R/Reciprocal_(Sign_2).mp4,10042,ISLRTC,src=R/Reciprocal_(Sign_2).mp4
reclamation_of_alkalli_soils,reclamation of alkalli soils,4,https://drive.google.com/drive/folders/1U-Pr4r1-cupgNOOq9NH_uTsQnPSVEKco,data/_source/isl_dictionary/R/Reclamation_of_Alkalli_Soils.mp4,19600,ISLRTC,src=R/Reclamation_of_Alkalli_Soils.mp4
reconciliation,reconciliation,1,https://drive.google.com/drive/folders/1U-Pr4r1-cupgNOOq9NH_uTsQnPSVEKco,data/_source/isl_dictionary/R/Reconciliation.mp4,28700,ISLRTC,src=R/Reconciliation.mp4
record,record,1,https://drive.google.com/drive/folders/1U-Pr4r1-cupgNOOq9NH_uTsQnPSVEKco,data/_source/isl_dictionary/R/Record.mp4,4120,ISLRTC,src=R/Record.mp4
record_date,record date,2,https://drive.google.com/drive/folders/1U-Pr4r1-cupgNOOq9NH_uTsQnPSVEKco,data/_source/isl_dictionary/R/Record_Date.mp4,29396,ISLRTC,src=R/Record_Date.mp4
recreation,recreation,1,https://drive.google.com/drive/folders/1U-Pr4r1-cupgNOOq9NH_uTsQnPSVEKco,data/_source/isl_dictionary/R/Recreation.mp4,28792,ISLRTC,src=R/Recreation.mp4
recreational_tourism,recreational tourism,2,https://drive.google.com/drive/folders/1U-Pr4r1-cupgNOOq9NH_uTsQnPSVEKco,data/_source/isl_dictionary/R/Recreational_Tourism.mp4,15375,ISLRTC,src=R/Recreational_Tourism.mp4
recurring,recurring,1,https://drive.google.com/drive/folders/1U-Pr4r1-cupgNOOq9NH_uTsQnPSVEKco,data/_source/isl_dictionary/R/Recurring.mp4,11000,ISLRTC,src=R/Recurring.mp4
recurring_deposit,recurring deposit,2,https://drive.google.com/drive/folders/1U-Pr4r1-cupgNOOq9NH_uTsQnPSVEKco,data/_source/isl_dictionary/R/Recurring_Deposit.mp4,3375,ISLRTC,src=R/Recurring_Deposit.mp4
recyclables,recyclables,1,https://drive.google.com/drive/folders/1U-Pr4r1-cupgNOOq9NH_uTsQnPSVEKco,data/_source/isl_dictionary/R/Recyclables.mp4,18208,ISLRTC,src=R/Recyclables.mp4
red,red,1,https://drive.google.com/drive/folders/1U-Pr4r1-cupgNOOq9NH_uTsQnPSVEKco,data/_source/isl_dictionary/R/Red.mp4,5280,ISLRTC,src=R/Red.mp4
red_flowered_plants,red flowered plants,3,https://drive.google.com/drive/folders/1U-Pr4r1-cupgNOOq9NH_uTsQnPSVEKco,data/_source/isl_dictionary/R/Red_Flowered_Plants.mp4,10040,ISLRTC,src=R/Red_Flowered_Plants.mp4
red_rot_of_sugarcane,red rot of sugarcane,4,https://drive.google.com/drive/folders/1U-Pr4r1-cupgNOOq9NH_uTsQnPSVEKco,data/_source/isl_dictionary/R/Red_Rot_of_Sugarcane.mp4,9720,ISLRTC,src=R/Red_Rot_of_Sugarcane.mp4
reduce,reduce,1,https://drive.google.com/drive/folders/1U-Pr4r1-cupgNOOq9NH_uTsQnPSVEKco,data/_source/isl_dictionary/R/Reduce_(Sign_2).mp4,16320,ISLRTC,src=R/Reduce_(Sign_2).mp4
reference_data,reference data,2,https://drive.google.com/drive/folders/1U-Pr4r1-cupgNOOq9NH_uTsQnPSVEKco,data/_source/isl_dictionary/R/Reference_Data.mp4,28444,ISLRTC,src=R/Reference_Data.mp4
referrals,referrals,1,https://drive.google.com/drive/folders/1U-Pr4r1-cupgNOOq9NH_uTsQnPSVEKco,data/_source/isl_dictionary/MHSL - 259/Referrals.mp4,28288,ISLRTC,src=MHSL - 259/Referrals.mp4
reflection,reflection,1,https://drive.google.com/drive/folders/1U-Pr4r1-cupgNOOq9NH_uTsQnPSVEKco,data/_source/isl_dictionary/R/Reflection_(Sign_2).mp4,6875,ISLRTC,src=R/Reflection_(Sign_2).mp4
reforestation,reforestation,1,https://drive.google.com/drive/folders/1U-Pr4r1-cupgNOOq9NH_uTsQnPSVEKco,data/_source/isl_dictionary/R/Reforestation.mp4,14417,ISLRTC,src=R/Reforestation.mp4
refraction,refraction,1,https://drive.google.com/drive/folders/1U-Pr4r1-cupgNOOq9NH_uTsQnPSVEKco,data/_source/isl_dictionary/R/Refraction_(Of_Light_Through_a_Prism).mp4,9542,ISLRTC,src=R/Refraction_(Of_Light_Through_a_Prism).mp4
refund,refund,1,https://drive.google.com/drive/folders/1U-Pr4r1-cupgNOOq9NH_uTsQnPSVEKco,data/_source/isl_dictionary/R/Refund (1).mp4,26796,ISLRTC,src=R/Refund (1).mp4
regional,regional,1,https://drive.google.com/drive/folders/1U-Pr4r1-cupgNOOq9NH_uTsQnPSVEKco,data/_source/isl_dictionary/R/Regional.mp4,2583,ISLRTC,src=R/Regional.mp4
regular,regular,1,https://drive.google.com/drive/folders/1U-Pr4r1-cupgNOOq9NH_uTsQnPSVEKco,data/_source/isl_dictionary/R/Regular.mp4,4040,ISLRTC,src=R/Regular.mp4
regulation,regulation,1,https://drive.google.com/drive/folders/1U-Pr4r1-cupgNOOq9NH_uTsQnPSVEKco,data/_source/isl_dictionary/New 2500 ISL Dictionary Videos/Yunikee 2/English/Regulation_.mp4,17680,ISLRTC,src=New 2500 ISL Dictionary Videos/Yunikee 2/English/Regulation_.mp4
regulations,regulations,1,https://drive.google.com/drive/folders/1U-Pr4r1-cupgNOOq9NH_uTsQnPSVEKco,data/_source/isl_dictionary/R/Regulations.mp4,29702,ISLRTC,src=R/Regulations.mp4
regulator,regulator,1,https://drive.google.com/drive/folders/1U-Pr4r1-cupgNOOq9NH_uTsQnPSVEKco,data/_source/isl_dictionary/R/Regulator_(Financial).mp4,27260,ISLRTC,src=R/Regulator_(Financial).mp4
rehabilitation,rehabilitation,1,https://drive.google.com/drive/folders/1U-Pr4r1-cupgNOOq9NH_uTsQnPSVEKco,data/_source/isl_dictionary/R/Rehabilitation_(Sign_4).mp4,2960,ISLRTC,src=R/Rehabilitation_(Sign_4).mp4
rehabilitation_council_of_india,rehabilitation council of india,4,https://drive.google.com/drive/folders/1U-Pr4r1-cupgNOOq9NH_uTsQnPSVEKco,data/_source/isl_dictionary/R/Rehabilitation_Council_of_India_(RCI).mp4,13000,ISLRTC,src=R/Rehabilitation_Council_of_India_(RCI).mp4
rehearsal,rehearsal,1,https://drive.google.com/drive/folders/1U-Pr4r1-cupgNOOq9NH_uTsQnPSVEKco,data/_source/isl_dictionary/R/Rehearsal.mp4,24800,ISLRTC,src=R/Rehearsal.mp4
relatives,relatives,1,https://drive.google.com/drive/folders/1U-Pr4r1-cupgNOOq9NH_uTsQnPSVEKco,data/_source/isl_dictionary/R/Relatives.mp4,3720,ISLRTC,src=R/Relatives.mp4
relaxant,relaxant,1,https://drive.google.com/drive/folders/1U-Pr4r1-cupgNOOq9NH_uTsQnPSVEKco,data/_source/isl_dictionary/R/Relaxant.mp4,25920,ISLRTC,src=R/Relaxant.mp4
relay_cropping,relay cropping,2,https://drive.google.com/drive/folders/1U-Pr4r1-cupgNOOq9NH_uTsQnPSVEKco,data/_source/isl_dictionary/R/Relay_Cropping.mp4,25600,ISLRTC,src=R/Relay_Cropping.mp4
reliability,reliability,1,https://drive.google.com/drive/folders/1U-Pr4r1-cupgNOOq9NH_uTsQnPSVEKco,data/_source/isl_dictionary/R/Reliability.mp4,26625,ISLRTC,src=R/Reliability.mp4
relief,relief,1,https://drive.google.com/drive/folders/1U-Pr4r1-cupgNOOq9NH_uTsQnPSVEKco,data/_source/isl_dictionary/R/Relief.mp4,3400,ISLRTC,src=R/Relief.mp4
religion,religion,1,https://drive.google.com/drive/folders/1U-Pr4r1-cupgNOOq9NH_uTsQnPSVEKco,data/_source/isl_dictionary/R/Religion.mp4,3680,ISLRTC,src=R/Religion.mp4
religious_discrimination,religious discrimination,2,https://drive.google.com/drive/folders/1U-Pr4r1-cupgNOOq9NH_uTsQnPSVEKco,data/_source/isl_dictionary/R/Religious_Discrimination.mp4,4583,ISLRTC,src=R/Religious_Discrimination.mp4
religious_tourism,religious tourism,2,https://drive.google.com/drive/folders/1U-Pr4r1-cupgNOOq9NH_uTsQnPSVEKco,data/_source/isl_dictionary/R/Religious_Tourism.mp4,28292,ISLRTC,src=R/Religious_Tourism.mp4
remember,remember,1,https://drive.google.com/drive/folders/1U-Pr4r1-cupgNOOq9NH_uTsQnPSVEKco,data/_source/isl_dictionary/R/Remember.mp4,3160,ISLRTC,src=R/Remember.mp4
remittance,remittance,1,https://drive.google.com/drive/folders/1U-Pr4r1-cupgNOOq9NH_uTsQnPSVEKco,data/_source/isl_dictionary/R/Remittance.mp4,25356,ISLRTC,src=R/Remittance.mp4
remote,remote,1,https://drive.google.com/drive/folders/1U-Pr4r1-cupgNOOq9NH_uTsQnPSVEKco,data/_source/isl_dictionary/R/Remote_(Sign_2).mp4,3000,ISLRTC,src=R/Remote_(Sign_2).mp4
remote_control_remote_support,remote control remote support,4,https://drive.google.com/drive/folders/1U-Pr4r1-cupgNOOq9NH_uTsQnPSVEKco,data/_source/isl_dictionary/R/Remote_Control_Remote_Support.mp4,29520,ISLRTC,src=R/Remote_Control_Remote_Support.mp4
remove_delete,remove delete,2,https://drive.google.com/drive/folders/1U-Pr4r1-cupgNOOq9NH_uTsQnPSVEKco,data/_source/isl_dictionary/R/Remove_Delete_(Sign_2).mp4,2960,ISLRTC,src=R/Remove_Delete_(Sign_2).mp4
rendering,rendering,1,https://drive.google.com/drive/folders/1U-Pr4r1-cupgNOOq9NH_uTsQnPSVEKco,data/_source/isl_dictionary/New 2500 ISL Dictionary Videos/BCS/Rendering - English.mp4,12520,ISLRTC,src=New 2500 ISL Dictionary Videos/BCS/Rendering - English.mp4
renewable,renewable,1,https://drive.google.com/drive/folders/1U-Pr4r1-cupgNOOq9NH_uTsQnPSVEKco,data/_source/isl_dictionary/R/Renewable.mp4,20875,ISLRTC,src=R/Renewable.mp4
rent,rent,1,https://drive.google.com/drive/folders/1U-Pr4r1-cupgNOOq9NH_uTsQnPSVEKco,data/_source/isl_dictionary/R/Rent.mp4,2960,ISLRTC,src=R/Rent.mp4
rent_in_agriculture,rent in agriculture,3,https://drive.google.com/drive/folders/1U-Pr4r1-cupgNOOq9NH_uTsQnPSVEKco,data/_source/isl_dictionary/R/Rent_in_Agriculture.mp4,19208,ISLRTC,src=R/Rent_in_Agriculture.mp4
repair,repair,1,https://drive.google.com/drive/folders/1U-Pr4r1-cupgNOOq9NH_uTsQnPSVEKco,data/_source/isl_dictionary/R/Repair.mp4,3720,ISLRTC,src=R/Repair.mp4
repeat,repeat,1,https://drive.google.com/drive/folders/1U-Pr4r1-cupgNOOq9NH_uTsQnPSVEKco,data/_source/isl_dictionary/A/Again_Repeat.mp4,4000,ISLRTC,alias of 'again repeat': dictionary files both words under one sign
report,report,1,https://drive.google.com/drive/folders/1U-Pr4r1-cupgNOOq9NH_uTsQnPSVEKco,data/_source/isl_dictionary/R/Report.mp4,2840,ISLRTC,src=R/Report.mp4
reporter,reporter,1,https://drive.google.com/drive/folders/1U-Pr4r1-cupgNOOq9NH_uTsQnPSVEKco,data/_source/isl_dictionary/R/Reporter.mp4,3520,ISLRTC,src=R/Reporter.mp4
reprimand,reprimand,1,https://drive.google.com/drive/folders/1U-Pr4r1-cupgNOOq9NH_uTsQnPSVEKco,data/_source/isl_dictionary/R/Reprimand.mp4,3125,ISLRTC,src=R/Reprimand.mp4
reproduction,reproduction,1,https://drive.google.com/drive/folders/1U-Pr4r1-cupgNOOq9NH_uTsQnPSVEKco,data/_source/isl_dictionary/R/Reproduction.mp4,13080,ISLRTC,src=R/Reproduction.mp4
republic,republic,1,https://drive.google.com/drive/folders/1U-Pr4r1-cupgNOOq9NH_uTsQnPSVEKco,data/_source/isl_dictionary/R/Republic.mp4,13760,ISLRTC,src=R/Republic.mp4
request,request,1,https://drive.google.com/drive/folders/1U-Pr4r1-cupgNOOq9NH_uTsQnPSVEKco,data/_source/isl_dictionary/R/Request.mp4,3400,ISLRTC,src=R/Request.mp4
research,research,1,https://drive.google.com/drive/folders/1U-Pr4r1-cupgNOOq9NH_uTsQnPSVEKco,data/_source/isl_dictionary/R/Research.mp4,2720,ISLRTC,src=R/Research.mp4
research_and_innovation,research and innovation,3,https://drive.google.com/drive/folders/1U-Pr4r1-cupgNOOq9NH_uTsQnPSVEKco,data/_source/isl_dictionary/R/Research_and_Innovation_(R&I).mp4,10667,ISLRTC,src=R/Research_and_Innovation_(R&I).mp4
research_design,research design,2,https://drive.google.com/drive/folders/1U-Pr4r1-cupgNOOq9NH_uTsQnPSVEKco,data/_source/isl_dictionary/R/Research_Design.mp4,19375,ISLRTC,src=R/Research_Design.mp4
research_farm,research farm,2,https://drive.google.com/drive/folders/1U-Pr4r1-cupgNOOq9NH_uTsQnPSVEKco,data/_source/isl_dictionary/R/Research_Farm.mp4,11000,ISLRTC,src=R/Research_Farm.mp4
reserve_fund,reserve fund,2,https://drive.google.com/drive/folders/1U-Pr4r1-cupgNOOq9NH_uTsQnPSVEKco,data/_source/isl_dictionary/R/Reserve_Fund.mp4,26447,ISLRTC,src=R/Reserve_Fund.mp4
reside,reside,1,https://drive.google.com/drive/folders/1U-Pr4r1-cupgNOOq9NH_uTsQnPSVEKco,data/_source/isl_dictionary/R/Reside.mp4,20160,ISLRTC,src=R/Reside.mp4
resolution,resolution,1,https://drive.google.com/drive/folders/1U-Pr4r1-cupgNOOq9NH_uTsQnPSVEKco,data/_source/isl_dictionary/New 2500 ISL Dictionary Videos/Yunikee 2/English/Resolution.mp4,22560,ISLRTC,src=New 2500 ISL Dictionary Videos/Yunikee 2/English/Resolution.mp4
respect,respect,1,https://drive.google.com/drive/folders/1U-Pr4r1-cupgNOOq9NH_uTsQnPSVEKco,data/_source/isl_dictionary/R/Respect.mp4,3120,ISLRTC,src=R/Respect.mp4
respite_care,respite care,2,https://drive.google.com/drive/folders/1U-Pr4r1-cupgNOOq9NH_uTsQnPSVEKco,data/_source/isl_dictionary/MHSL - 259/Respite_Care.mp4,28522,ISLRTC,src=MHSL - 259/Respite_Care.mp4
respond,respond,1,https://drive.google.com/drive/folders/1U-Pr4r1-cupgNOOq9NH_uTsQnPSVEKco,data/_source/isl_dictionary/R/Respond.mp4,18240,ISLRTC,src=R/Respond.mp4
rest,rest,1,https://drive.google.com/drive/folders/1U-Pr4r1-cupgNOOq9NH_uTsQnPSVEKco,data/_source/isl_dictionary/R/Rest.mp4,3120,ISLRTC,src=R/Rest.mp4
restaurant,restaurant,1,https://drive.google.com/drive/folders/1U-Pr4r1-cupgNOOq9NH_uTsQnPSVEKco,data/_source/isl_dictionary/R/Restaurant_(Sign_2).mp4,4875,ISLRTC,src=R/Restaurant_(Sign_2).mp4
result,result,1,https://drive.google.com/drive/folders/1U-Pr4r1-cupgNOOq9NH_uTsQnPSVEKco,data/_source/isl_dictionary/R/Result.mp4,2760,ISLRTC,src=R/Result.mp4
retail_bank,retail bank,2,https://drive.google.com/drive/folders/1U-Pr4r1-cupgNOOq9NH_uTsQnPSVEKco,data/_source/isl_dictionary/R/Retail_Bank.mp4,26192,ISLRTC,src=R/Retail_Bank.mp4
retarder,retarder,1,https://drive.google.com/drive/folders/1U-Pr4r1-cupgNOOq9NH_uTsQnPSVEKco,data/_source/isl_dictionary/R/Retarder.mp4,29292,ISLRTC,src=R/Retarder.mp4
retention_of_moisture,retention of moisture,3,https://drive.google.com/drive/folders/1U-Pr4r1-cupgNOOq9NH_uTsQnPSVEKco,data/_source/isl_dictionary/R/Retention_of_Moisture.mp4,14400,ISLRTC,src=R/Retention_of_Moisture.mp4
retina,retina,1,https://drive.google.com/drive/folders/1U-Pr4r1-cupgNOOq9NH_uTsQnPSVEKco,data/_source/isl_dictionary/R/Retina.mp4,8917,ISLRTC,src=R/Retina.mp4
retirement,retirement,1,https://drive.google.com/drive/folders/1U-Pr4r1-cupgNOOq9NH_uTsQnPSVEKco,data/_source/isl_dictionary/R/Retirement.mp4,14634,ISLRTC,src=R/Retirement.mp4
return,return,1,https://drive.google.com/drive/folders/1U-Pr4r1-cupgNOOq9NH_uTsQnPSVEKco,data/_source/isl_dictionary/R/Return.mp4,3120,ISLRTC,src=R/Return.mp4
revalidation,revalidation,1,https://drive.google.com/drive/folders/1U-Pr4r1-cupgNOOq9NH_uTsQnPSVEKco,data/_source/isl_dictionary/R/Revalidation.mp4,18889,ISLRTC,src=R/Revalidation.mp4
reveal,reveal,1,https://drive.google.com/drive/folders/1U-Pr4r1-cupgNOOq9NH_uTsQnPSVEKco,data/_source/isl_dictionary/New 2500 ISL Dictionary Videos/BCS/Reveal - English.mp4,16940,ISLRTC,src=New 2500 ISL Dictionary Videos/BCS/Reveal - English.mp4
revenue,revenue,1,https://drive.google.com/drive/folders/1U-Pr4r1-cupgNOOq9NH_uTsQnPSVEKco,data/_source/isl_dictionary/R/Revenue_(Financial).mp4,22802,ISLRTC,src=R/Revenue_(Financial).mp4
revoke_decision_cancel_call,revoke decision cancel call,4,https://drive.google.com/drive/folders/1U-Pr4r1-cupgNOOq9NH_uTsQnPSVEKco,data/_source/isl_dictionary/R/Revoke_Decision_Cancel_Call.mp4,3720,ISLRTC,src=R/Revoke_Decision_Cancel_Call.mp4
reward,reward,1,https://drive.google.com/drive/folders/1U-Pr4r1-cupgNOOq9NH_uTsQnPSVEKco,data/_source/isl_dictionary/R/Reward.mp4,3120,ISLRTC,src=R/Reward.mp4; 1 other variant(s)
rhizome,rhizome,1,https://drive.google.com/drive/folders/1U-Pr4r1-cupgNOOq9NH_uTsQnPSVEKco,data/_source/isl_dictionary/R/Rhizome.mp4,25480,ISLRTC,src=R/Rhizome.mp4
rhs,rhs,1,https://drive.google.com/drive/folders/1U-Pr4r1-cupgNOOq9NH_uTsQnPSVEKco,data/_source/isl_dictionary/R/Rhs.mp4,24958,ISLRTC,src=R/Rhs.mp4
ribbon,ribbon,1,https://drive.google.com/drive/folders/1U-Pr4r1-cupgNOOq9NH_uTsQnPSVEKco,data/_source/isl_dictionary/R/Ribbon.mp4,18760,ISLRTC,src=R/Ribbon.mp4
rice,rice,1,https://drive.google.com/drive/folders/1U-Pr4r1-cupgNOOq9NH_uTsQnPSVEKco,data/_source/isl_dictionary/R/Rice.mp4,4720,ISLRTC,src=R/Rice.mp4
rich,rich,1,https://drive.google.com/drive/folders/1U-Pr4r1-cupgNOOq9NH_uTsQnPSVEKco,data/_source/isl_dictionary/R/Rich.mp4,2960,ISLRTC,src=R/Rich.mp4
ride,ride,1,https://drive.google.com/drive/folders/1U-Pr4r1-cupgNOOq9NH_uTsQnPSVEKco,data/_source/isl_dictionary/R/Ride.mp4,18160,ISLRTC,src=R/Ride.mp4
ridge_board,ridge board,2,https://drive.google.com/drive/folders/1U-Pr4r1-cupgNOOq9NH_uTsQnPSVEKco,data/_source/isl_dictionary/R/Ridge_Board.mp4,14375,ISLRTC,src=R/Ridge_Board.mp4
right,right,1,https://drive.google.com/drive/folders/1U-Pr4r1-cupgNOOq9NH_uTsQnPSVEKco,data/_source/isl_dictionary/R/Right.mp4,2880,ISLRTC,src=R/Right.mp4
right_indent,right indent,2,https://drive.google.com/drive/folders/1U-Pr4r1-cupgNOOq9NH_uTsQnPSVEKco,data/_source/isl_dictionary/R/Right_Indent.mp4,12083,ISLRTC,src=R/Right_Indent.mp4
right_now,right now,2,https://drive.google.com/drive/folders/1U-Pr4r1-cupgNOOq9NH_uTsQnPSVEKco,data/_source/isl_dictionary/N/Now_Right_Now.mp4,4000,ISLRTC,alias of 'now right now': dictionary files both phrases under one sign
rights,rights,1,https://drive.google.com/drive/folders/1U-Pr4r1-cupgNOOq9NH_uTsQnPSVEKco,data/_source/isl_dictionary/New 2500 ISL Dictionary Videos/Yunikee 2/English/Rights.mp4,20000,ISLRTC,src=New 2500 ISL Dictionary Videos/Yunikee 2/English/Rights.mp4
rinderpest,rinderpest,1,https://drive.google.com/drive/folders/1U-Pr4r1-cupgNOOq9NH_uTsQnPSVEKco,data/_source/isl_dictionary/R/Rinderpest.mp4,12500,ISLRTC,src=R/Rinderpest.mp4
ring,ring,1,https://drive.google.com/drive/folders/1U-Pr4r1-cupgNOOq9NH_uTsQnPSVEKco,data/_source/isl_dictionary/R/Ring.mp4,2560,ISLRTC,src=R/Ring.mp4
risk_uncertainty,risk uncertainty,2,https://drive.google.com/drive/folders/1U-Pr4r1-cupgNOOq9NH_uTsQnPSVEKco,data/_source/isl_dictionary/R/Risk_Uncertainty.mp4,3720,ISLRTC,src=R/Risk_Uncertainty.mp4
river,river,1,https://drive.google.com/drive/folders/1U-Pr4r1-cupgNOOq9NH_uTsQnPSVEKco,data/_source/isl_dictionary/New 2500 ISL Dictionary Videos/Yunikee 1/New English/River.mp4,10440,ISLRTC,src=New 2500 ISL Dictionary Videos/Yunikee 1/New English/River.mp4
riverine,riverine,1,https://drive.google.com/drive/folders/1U-Pr4r1-cupgNOOq9NH_uTsQnPSVEKco,data/_source/isl_dictionary/R/Riverine.mp4,14375,ISLRTC,src=R/Riverine.mp4
road,road,1,https://drive.google.com/drive/folders/1U-Pr4r1-cupgNOOq9NH_uTsQnPSVEKco,data/_source/isl_dictionary/R/Road.mp4,3160,ISLRTC,src=R/Road.mp4
roar,roar,1,https://drive.google.com/drive/folders/1U-Pr4r1-cupgNOOq9NH_uTsQnPSVEKco,data/_source/isl_dictionary/R/Roar.mp4,5750,ISLRTC,src=R/Roar.mp4
roar_growl,roar growl,2,https://drive.google.com/drive/folders/1U-Pr4r1-cupgNOOq9NH_uTsQnPSVEKco,data/_source/isl_dictionary/R/Roar_Growl_(Bear).mp4,8920,ISLRTC,src=R/Roar_Growl_(Bear).mp4
roasters,roasters,1,https://drive.google.com/drive/folders/1U-Pr4r1-cupgNOOq9NH_uTsQnPSVEKco,data/_source/isl_dictionary/R/Roasters.mp4,12000,ISLRTC,src=R/Roasters.mp4
rock,rock,1,https://drive.google.com/drive/folders/1U-Pr4r1-cupgNOOq9NH_uTsQnPSVEKco,data/_source/isl_dictionary/R/Rock.mp4,4400,ISLRTC,src=R/Rock.mp4
rock_climbing_gujarat,rock climbing gujarat,3,https://drive.google.com/drive/folders/1U-Pr4r1-cupgNOOq9NH_uTsQnPSVEKco,data/_source/isl_dictionary/R/Rock_Climbing_Gujarat.mp4,8684,ISLRTC,src=R/Rock_Climbing_Gujarat.mp4
rock_gardening_or_rockeries,rock gardening or rockeries,4,https://drive.google.com/drive/folders/1U-Pr4r1-cupgNOOq9NH_uTsQnPSVEKco,data/_source/isl_dictionary/R/Rock_Gardening_or_Rockeries.mp4,13920,ISLRTC,src=R/Rock_Gardening_or_Rockeries.mp4
rock_weathering,rock weathering,2,https://drive.google.com/drive/folders/1U-Pr4r1-cupgNOOq9NH_uTsQnPSVEKco,data/_source/isl_dictionary/R/Rock_Weathering.mp4,18360,ISLRTC,src=R/Rock_Weathering.mp4
rockery_plants,rockery plants,2,https://drive.google.com/drive/folders/1U-Pr4r1-cupgNOOq9NH_uTsQnPSVEKco,data/_source/isl_dictionary/R/Rockery_Plants.mp4,13800,ISLRTC,src=R/Rockery_Plants.mp4
role,role,1,https://drive.google.com/drive/folders/1U-Pr4r1-cupgNOOq9NH_uTsQnPSVEKco,data/_source/isl_dictionary/R/Role.mp4,3200,ISLRTC,src=R/Role.mp4
roll,roll,1,https://drive.google.com/drive/folders/1U-Pr4r1-cupgNOOq9NH_uTsQnPSVEKco,data/_source/isl_dictionary/R/Roll_(Eg_Mat).mp4,4333,ISLRTC,src=R/Roll_(Eg_Mat).mp4; 2 other variant(s)
roll_of_plant_growth_regulators_in_vegetable_production,roll of plant growth regulators in vegetable production,8,https://drive.google.com/drive/folders/1U-Pr4r1-cupgNOOq9NH_uTsQnPSVEKco,data/_source/isl_dictionary/R/Roll_of_Plant_Growth_Regulators_in_Vegetable_Production.mp4,28680,ISLRTC,src=R/Roll_of_Plant_Growth_Regulators_in_Vegetable_Production.mp4
roll_wrap,roll wrap,2,https://drive.google.com/drive/folders/1U-Pr4r1-cupgNOOq9NH_uTsQnPSVEKco,data/_source/isl_dictionary/R/Roll_Wrap_(Food_Item).mp4,5083,ISLRTC,src=R/Roll_Wrap_(Food_Item).mp4
roller_coaster,roller coaster,2,https://drive.google.com/drive/folders/1U-Pr4r1-cupgNOOq9NH_uTsQnPSVEKco,data/_source/isl_dictionary/R/Roller_Coaster.mp4,7240,ISLRTC,src=R/Roller_Coaster.mp4
roller_coaster_roller_coaster_train,roller coaster roller coaster train,5,https://drive.google.com/drive/folders/1U-Pr4r1-cupgNOOq9NH_uTsQnPSVEKco,data/_source/isl_dictionary/R/Roller_Coaster_Roller_Coaster_Train.mp4,9292,ISLRTC,src=R/Roller_Coaster_Roller_Coaster_Train.mp4
roman_empire,roman empire,2,https://drive.google.com/drive/folders/1U-Pr4r1-cupgNOOq9NH_uTsQnPSVEKco,data/_source/isl_dictionary/R/Roman_Empire.mp4,21583,ISLRTC,src=R/Roman_Empire.mp4
roof_garden,roof garden,2,https://drive.google.com/drive/folders/1U-Pr4r1-cupgNOOq9NH_uTsQnPSVEKco,data/_source/isl_dictionary/R/Roof_Garden.mp4,7400,ISLRTC,src=R/Roof_Garden.mp4
roof_griders,roof griders,2,https://drive.google.com/drive/folders/1U-Pr4r1-cupgNOOq9NH_uTsQnPSVEKco,data/_source/isl_dictionary/R/Roof_Griders.mp4,10542,ISLRTC,src=R/Roof_Griders.mp4
room,room,1,https://drive.google.com/drive/folders/1U-Pr4r1-cupgNOOq9NH_uTsQnPSVEKco,data/_source/isl_dictionary/R/Room.mp4,4400,ISLRTC,src=R/Room.mp4
root_and_tuber_crops,root and tuber crops,4,https://drive.google.com/drive/folders/1U-Pr4r1-cupgNOOq9NH_uTsQnPSVEKco,data/_source/isl_dictionary/R/Root_and_Tuber_Crops.mp4,24360,ISLRTC,src=R/Root_and_Tuber_Crops.mp4
root_cap,root cap,2,https://drive.google.com/drive/folders/1U-Pr4r1-cupgNOOq9NH_uTsQnPSVEKco,data/_source/isl_dictionary/R/Root_Cap.mp4,21875,ISLRTC,src=R/Root_Cap.mp4
root_grafting,root grafting,2,https://drive.google.com/drive/folders/1U-Pr4r1-cupgNOOq9NH_uTsQnPSVEKco,data/_source/isl_dictionary/R/Root_Grafting.mp4,23920,ISLRTC,src=R/Root_Grafting.mp4
root_proliferations,root proliferations,2,https://drive.google.com/drive/folders/1U-Pr4r1-cupgNOOq9NH_uTsQnPSVEKco,data/_source/isl_dictionary/R/Root_Proliferations.mp4,24040,ISLRTC,src=R/Root_Proliferations.mp4
rose,rose,1,https://drive.google.com/drive/folders/1U-Pr4r1-cupgNOOq9NH_uTsQnPSVEKco,data/_source/isl_dictionary/R/Rose.mp4,3120,ISLRTC,src=R/Rose.mp4
rot,rot,1,https://drive.google.com/drive/folders/1U-Pr4r1-cupgNOOq9NH_uTsQnPSVEKco,data/_source/isl_dictionary/R/Rot.mp4,27120,ISLRTC,src=R/Rot.mp4
rotting,rotting,1,https://drive.google.com/drive/folders/1U-Pr4r1-cupgNOOq9NH_uTsQnPSVEKco,data/_source/isl_dictionary/R/Rotting.mp4,28320,ISLRTC,src=R/Rotting.mp4
rough_cut,rough cut,2,https://drive.google.com/drive/folders/1U-Pr4r1-cupgNOOq9NH_uTsQnPSVEKco,data/_source/isl_dictionary/R/Rough_Cut.mp4,8583,ISLRTC,src=R/Rough_Cut.mp4
roughages,roughages,1,https://drive.google.com/drive/folders/1U-Pr4r1-cupgNOOq9NH_uTsQnPSVEKco,data/_source/isl_dictionary/R/Roughages.mp4,14875,ISLRTC,src=R/Roughages.mp4
round,round,1,https://drive.google.com/drive/folders/1U-Pr4r1-cupgNOOq9NH_uTsQnPSVEKco,data/_source/isl_dictionary/R/Round.mp4,3880,ISLRTC,src=R/Round.mp4
route,route,1,https://drive.google.com/drive/folders/1U-Pr4r1-cupgNOOq9NH_uTsQnPSVEKco,data/_source/isl_dictionary/R/Route.mp4,9080,ISLRTC,src=R/Route.mp4
routed,routed,1,https://drive.google.com/drive/folders/1U-Pr4r1-cupgNOOq9NH_uTsQnPSVEKco,data/_source/isl_dictionary/R/Routed.mp4,4625,ISLRTC,src=R/Routed.mp4
row_house,row house,2,https://drive.google.com/drive/folders/1U-Pr4r1-cupgNOOq9NH_uTsQnPSVEKco,data/_source/isl_dictionary/R/Row_House.mp4,13458,ISLRTC,src=R/Row_House.mp4
rule,rule,1,https://drive.google.com/drive/folders/1U-Pr4r1-cupgNOOq9NH_uTsQnPSVEKco,data/_source/isl_dictionary/R/Rule.mp4,3600,ISLRTC,src=R/Rule.mp4
run,run,1,https://drive.google.com/drive/folders/1U-Pr4r1-cupgNOOq9NH_uTsQnPSVEKco,data/_source/isl_dictionary/R/Run.mp4,3600,ISLRTC,src=R/Run.mp4
runner,runner,1,https://drive.google.com/drive/folders/1U-Pr4r1-cupgNOOq9NH_uTsQnPSVEKco,data/_source/isl_dictionary/R/Runner_(Sign_2).mp4,29640,ISLRTC,src=R/Runner_(Sign_2).mp4
runs,runs,1,https://drive.google.com/drive/folders/1U-Pr4r1-cupgNOOq9NH_uTsQnPSVEKco,data/_source/isl_dictionary/R/Runs.mp4,3720,ISLRTC,src=R/Runs.mp4; 1 other variant(s)
rupee,rupee,1,https://drive.google.com/drive/folders/1U-Pr4r1-cupgNOOq9NH_uTsQnPSVEKco,"data/_source/isl_dictionary/R/Rupee, money.mp4",4120,ISLRTC,"src=R/Rupee, money.mp4"
rural_areas,rural areas,2,https://drive.google.com/drive/folders/1U-Pr4r1-cupgNOOq9NH_uTsQnPSVEKco,data/_source/isl_dictionary/R/Rural_Areas.mp4,15417,ISLRTC,src=R/Rural_Areas.mp4
russia,russia,1,https://drive.google.com/drive/folders/1U-Pr4r1-cupgNOOq9NH_uTsQnPSVEKco,data/_source/isl_dictionary/R/Russia.mp4,2320,ISLRTC,src=R/Russia.mp4
rust_disease,rust disease,2,https://drive.google.com/drive/folders/1U-Pr4r1-cupgNOOq9NH_uTsQnPSVEKco,data/_source/isl_dictionary/R/Rust_Disease.mp4,28440,ISLRTC,src=R/Rust_Disease.mp4
sad,sad,1,https://drive.google.com/drive/folders/1U-Pr4r1-cupgNOOq9NH_uTsQnPSVEKco,data/_source/isl_dictionary/S/Sad.mp4,3840,ISLRTC,src=S/Sad.mp4
safe,safe,1,https://drive.google.com/drive/folders/1U-Pr4r1-cupgNOOq9NH_uTsQnPSVEKco,data/_source/isl_dictionary/S/Safe.mp4,3160,ISLRTC,src=S/Safe.mp4
salted_brackish_water_fisheries,salted brackish water fisheries,4,https://drive.google.com/drive/folders/1U-Pr4r1-cupgNOOq9NH_uTsQnPSVEKco,data/_source/isl_dictionary/S/Salted_Brackish_Water_Fisheries.mp4,18042,ISLRTC,src=S/Salted_Brackish_Water_Fisheries.mp4
salute,salute,1,https://drive.google.com/drive/folders/1U-Pr4r1-cupgNOOq9NH_uTsQnPSVEKco,data/_source/isl_dictionary/New 2500 ISL Dictionary Videos/BCS/Salute - English.mp4,11380,ISLRTC,src=New 2500 ISL Dictionary Videos/BCS/Salute - English.mp4
salyx_babylonica,salyx babylonica,2,https://drive.google.com/drive/folders/1U-Pr4r1-cupgNOOq9NH_uTsQnPSVEKco,data/_source/isl_dictionary/S/Salyx_Babylonica.mp4,15760,ISLRTC,src=S/Salyx_Babylonica.mp4
salyx_tetra_sperma,salyx tetra sperma,3,https://drive.google.com/drive/folders/1U-Pr4r1-cupgNOOq9NH_uTsQnPSVEKco,data/_source/isl_dictionary/S/Salyx_Tetra_Sperma.mp4,12840,ISLRTC,src=S/Salyx_Tetra_Sperma.mp4
same,same,1,https://drive.google.com/drive/folders/1U-Pr4r1-cupgNOOq9NH_uTsQnPSVEKco,data/_source/isl_dictionary/S/Same.mp4,3080,ISLRTC,src=S/Same.mp4
samsung,samsung,1,https://drive.google.com/drive/folders/1U-Pr4r1-cupgNOOq9NH_uTsQnPSVEKco,data/_source/isl_dictionary/S/Samsung.mp4,4800,ISLRTC,src=S/Samsung.mp4
sanctimony,sanctimony,1,https://drive.google.com/drive/folders/1U-Pr4r1-cupgNOOq9NH_uTsQnPSVEKco,data/_source/isl_dictionary/New 2500 ISL Dictionary Videos/BCS/Sanctimony - English.mp4,21400,ISLRTC,src=New 2500 ISL Dictionary Videos/BCS/Sanctimony - English.mp4
saprophyte_of_plants,saprophyte of plants,3,https://drive.google.com/drive/folders/1U-Pr4r1-cupgNOOq9NH_uTsQnPSVEKco,data/_source/isl_dictionary/S/Saprophyte_of_Plants.mp4,12680,ISLRTC,src=S/Saprophyte_of_Plants.mp4
saprophytic_nematodes,saprophytic nematodes,2,https://drive.google.com/drive/folders/1U-Pr4r1-cupgNOOq9NH_uTsQnPSVEKco,data/_source/isl_dictionary/S/Saprophytic_Nematodes.mp4,20760,ISLRTC,src=S/Saprophytic_Nematodes.mp4
saturday,saturday,1,https://drive.google.com/drive/folders/1U-Pr4r1-cupgNOOq9NH_uTsQnPSVEKco,data/_source/isl_dictionary/S/Saturday.mp4,3000,ISLRTC,src=S/Saturday.mp4
sauce,sauce,1,https://drive.google.com/drive/folders/1U-Pr4r1-cupgNOOq9NH_uTsQnPSVEKco,data/_source/isl_dictionary/S/Sauce.mp4,3622,ISLRTC,src=S/Sauce.mp4
schedule,schedule,1,https://drive.google.com/drive/folders/1U-Pr4r1-cupgNOOq9NH_uTsQnPSVEKco,data/_source/isl_dictionary/S/Schedule.mp4,6120,ISLRTC,src=S/Schedule.mp4
school,school,1,https://drive.google.com/drive/folders/1U-Pr4r1-cupgNOOq9NH_uTsQnPSVEKco,data/_source/isl_dictionary/S/School.mp4,2560,ISLRTC,src=S/School.mp4
science,science,1,https://drive.google.com/drive/folders/1U-Pr4r1-cupgNOOq9NH_uTsQnPSVEKco,data/_source/isl_dictionary/S/Science.mp4,3520,ISLRTC,src=S/Science.mp4
score,score,1,https://drive.google.com/drive/folders/1U-Pr4r1-cupgNOOq9NH_uTsQnPSVEKco,data/_source/isl_dictionary/S/Score.mp4,6720,ISLRTC,src=S/Score.mp4
scotland,scotland,1,https://drive.google.com/drive/folders/1U-Pr4r1-cupgNOOq9NH_uTsQnPSVEKco,data/_source/isl_dictionary/S/Scotland.mp4,2720,ISLRTC,src=S/Scotland.mp4
screen,screen,1,https://drive.google.com/drive/folders/1U-Pr4r1-cupgNOOq9NH_uTsQnPSVEKco,data/_source/isl_dictionary/S/Screen.mp4,11520,ISLRTC,src=S/Screen.mp4
sea,sea,1,https://drive.google.com/drive/folders/1U-Pr4r1-cupgNOOq9NH_uTsQnPSVEKco,data/_source/isl_dictionary/S/Sea.mp4,4440,ISLRTC,src=S/Sea.mp4
sea_horse,sea horse,2,https://drive.google.com/drive/folders/1U-Pr4r1-cupgNOOq9NH_uTsQnPSVEKco,data/_source/isl_dictionary/S/Sea_Horse.mp4,21583,ISLRTC,src=S/Sea_Horse.mp4
sea_life_marine_life_ocean_life,sea life marine life ocean life,6,https://drive.google.com/drive/folders/1U-Pr4r1-cupgNOOq9NH_uTsQnPSVEKco,data/_source/isl_dictionary/S/Sea_Life_Marine_Life_Ocean_Life.mp4,9750,ISLRTC,src=S/Sea_Life_Marine_Life_Ocean_Life.mp4
search,search,1,https://drive.google.com/drive/folders/1U-Pr4r1-cupgNOOq9NH_uTsQnPSVEKco,data/_source/isl_dictionary/S/Search.mp4,3040,ISLRTC,src=S/Search.mp4
season,season,1,https://drive.google.com/drive/folders/1U-Pr4r1-cupgNOOq9NH_uTsQnPSVEKco,data/_source/isl_dictionary/S/Season.mp4,6840,ISLRTC,src=S/Season.mp4
second,second,1,https://drive.google.com/drive/folders/1U-Pr4r1-cupgNOOq9NH_uTsQnPSVEKco,data/_source/isl_dictionary/S/Second_(Time).mp4,3920,ISLRTC,src=S/Second_(Time).mp4
secondary_tillage,secondary tillage,2,https://drive.google.com/drive/folders/1U-Pr4r1-cupgNOOq9NH_uTsQnPSVEKco,data/_source/isl_dictionary/S/Secondary_Tillage.mp4,13320,ISLRTC,src=S/Secondary_Tillage.mp4
secret,secret,1,https://drive.google.com/drive/folders/1U-Pr4r1-cupgNOOq9NH_uTsQnPSVEKco,data/_source/isl_dictionary/S/Secret.mp4,3480,ISLRTC,src=S/Secret.mp4
secretary,secretary,1,https://drive.google.com/drive/folders/1U-Pr4r1-cupgNOOq9NH_uTsQnPSVEKco,data/_source/isl_dictionary/S/Secretary.mp4,3840,ISLRTC,src=S/Secretary.mp4
section,section,1,https://drive.google.com/drive/folders/1U-Pr4r1-cupgNOOq9NH_uTsQnPSVEKco,data/_source/isl_dictionary/New 2500 ISL Dictionary Videos/Yunikee 1/New English/Section_(Law).mp4,12200,ISLRTC,src=New 2500 ISL Dictionary Videos/Yunikee 1/New English/Section_(Law).mp4
securities,securities,1,https://drive.google.com/drive/folders/1U-Pr4r1-cupgNOOq9NH_uTsQnPSVEKco,data/_source/isl_dictionary/S/Securities.mp4,29845,ISLRTC,src=S/Securities.mp4
see,see,1,https://drive.google.com/drive/folders/1U-Pr4r1-cupgNOOq9NH_uTsQnPSVEKco,data/_source/isl_dictionary/S/See.mp4,3640,ISLRTC,src=S/See.mp4
seed_borne_disease,seed borne disease,3,https://drive.google.com/drive/folders/1U-Pr4r1-cupgNOOq9NH_uTsQnPSVEKco,data/_source/isl_dictionary/S/Seed_Borne_Disease.mp4,17000,ISLRTC,src=S/Seed_Borne_Disease.mp4
seed_planter,seed planter,2,https://drive.google.com/drive/folders/1U-Pr4r1-cupgNOOq9NH_uTsQnPSVEKco,data/_source/isl_dictionary/S/Seed_Planter.mp4,16680,ISLRTC,src=S/Seed_Planter.mp4
seek,seek,1,https://drive.google.com/drive/folders/1U-Pr4r1-cupgNOOq9NH_uTsQnPSVEKco,data/_source/isl_dictionary/New 2500 ISL Dictionary Videos/BCS/Seek - English.mp4,19720,ISLRTC,src=New 2500 ISL Dictionary Videos/BCS/Seek - English.mp4
select,select,1,https://drive.google.com/drive/folders/1U-Pr4r1-cupgNOOq9NH_uTsQnPSVEKco,data/_source/isl_dictionary/S/Select.mp4,3920,ISLRTC,src=S/Select.mp4
selection_of_seed,selection of seed,3,https://drive.google.com/drive/folders/1U-Pr4r1-cupgNOOq9NH_uTsQnPSVEKco,data/_source/isl_dictionary/S/Selection_of_Seed.mp4,22120,ISLRTC,src=S/Selection_of_Seed.mp4
self,self,1,https://drive.google.com/drive/folders/1U-Pr4r1-cupgNOOq9NH_uTsQnPSVEKco,data/_source/isl_dictionary/S/Self.mp4,2400,ISLRTC,src=S/Self.mp4
self_awareness,self awareness,2,https://drive.google.com/drive/folders/1U-Pr4r1-cupgNOOq9NH_uTsQnPSVEKco,data/_source/isl_dictionary/MHSL - 259/Self_awareness.mp4,20650,ISLRTC,src=MHSL - 259/Self_awareness.mp4
self_esteem,self esteem,2,https://drive.google.com/drive/folders/1U-Pr4r1-cupgNOOq9NH_uTsQnPSVEKco,data/_source/isl_dictionary/MHSL - 259/Self_Esteem.mp4,20330,ISLRTC,src=MHSL - 259/Self_Esteem.mp4
self_financing,self financing,2,https://drive.google.com/drive/folders/1U-Pr4r1-cupgNOOq9NH_uTsQnPSVEKco,data/_source/isl_dictionary/S/Self_Financing.mp4,24125,ISLRTC,src=S/Self_Financing.mp4
selfcare,selfcare,1,https://drive.google.com/drive/folders/1U-Pr4r1-cupgNOOq9NH_uTsQnPSVEKco,data/_source/isl_dictionary/MHSL - 259/Self-Care.mp4,27285,ISLRTC,src=MHSL - 259/Self-Care.mp4
selfharm_suicide,selfharm suicide,2,https://drive.google.com/drive/folders/1U-Pr4r1-cupgNOOq9NH_uTsQnPSVEKco,data/_source/isl_dictionary/MHSL - 259/Self-harm_suicide.mp4,30000,ISLRTC,src=MHSL - 259/Self-harm_suicide.mp4
selfhelp_groups,selfhelp groups,2,https://drive.google.com/drive/folders/1U-Pr4r1-cupgNOOq9NH_uTsQnPSVEKco,data/_source/isl_dictionary/MHSL - 259/Self-help_groups.mp4,18965,ISLRTC,src=MHSL - 259/Self-help_groups.mp4
sell,sell,1,https://drive.google.com/drive/folders/1U-Pr4r1-cupgNOOq9NH_uTsQnPSVEKco,data/_source/isl_dictionary/S/Sell.mp4,3520,ISLRTC,src=S/Sell.mp4
semi_annual_interest,semi annual interest,3,https://drive.google.com/drive/folders/1U-Pr4r1-cupgNOOq9NH_uTsQnPSVEKco,data/_source/isl_dictionary/S/Semi_Annual_Interest.mp4,27701,ISLRTC,src=S/Semi_Annual_Interest.mp4
semicolon,semicolon,1,https://drive.google.com/drive/folders/1U-Pr4r1-cupgNOOq9NH_uTsQnPSVEKco,data/_source/isl_dictionary/S/Semicolon.mp4,3792,ISLRTC,src=S/Semicolon.mp4
send,send,1,https://drive.google.com/drive/folders/1U-Pr4r1-cupgNOOq9NH_uTsQnPSVEKco,data/_source/isl_dictionary/S/Send.mp4,3200,ISLRTC,src=S/Send.mp4
sensation_perception,sensation perception,2,https://drive.google.com/drive/folders/1U-Pr4r1-cupgNOOq9NH_uTsQnPSVEKco,data/_source/isl_dictionary/S/Sensation_Perception.mp4,27583,ISLRTC,src=S/Sensation_Perception.mp4
separate,separate,1,https://drive.google.com/drive/folders/1U-Pr4r1-cupgNOOq9NH_uTsQnPSVEKco,data/_source/isl_dictionary/S/Separate.mp4,3600,ISLRTC,src=S/Separate.mp4
september,september,1,https://drive.google.com/drive/folders/1U-Pr4r1-cupgNOOq9NH_uTsQnPSVEKco,data/_source/isl_dictionary/S/September.mp4,3280,ISLRTC,src=S/September.mp4
serial,serial,1,https://drive.google.com/drive/folders/1U-Pr4r1-cupgNOOq9NH_uTsQnPSVEKco,data/_source/isl_dictionary/S/Serial_(TV).mp4,4542,ISLRTC,src=S/Serial_(TV).mp4
serious,serious,1,https://drive.google.com/drive/folders/1U-Pr4r1-cupgNOOq9NH_uTsQnPSVEKco,data/_source/isl_dictionary/S/Serious.mp4,12708,ISLRTC,src=S/Serious.mp4
service,service,1,https://drive.google.com/drive/folders/1U-Pr4r1-cupgNOOq9NH_uTsQnPSVEKco,data/_source/isl_dictionary/S/Service.mp4,2720,ISLRTC,src=S/Service.mp4
services,services,1,https://drive.google.com/drive/folders/1U-Pr4r1-cupgNOOq9NH_uTsQnPSVEKco,data/_source/isl_dictionary/New 2500 ISL Dictionary Videos/Yunikee 1/New English/Services.mp4,24680,ISLRTC,src=New 2500 ISL Dictionary Videos/Yunikee 1/New English/Services.mp4
sesbenia_aegyptiaca,sesbenia aegyptiaca,2,https://drive.google.com/drive/folders/1U-Pr4r1-cupgNOOq9NH_uTsQnPSVEKco,data/_source/isl_dictionary/S/Sesbenia_Aegyptiaca.mp4,11840,ISLRTC,src=S/Sesbenia_Aegyptiaca.mp4
set,set,1,https://drive.google.com/drive/folders/1U-Pr4r1-cupgNOOq9NH_uTsQnPSVEKco,data/_source/isl_dictionary/S/Set.mp4,2840,ISLRTC,src=S/Set.mp4
setting,setting,1,https://drive.google.com/drive/folders/1U-Pr4r1-cupgNOOq9NH_uTsQnPSVEKco,data/_source/isl_dictionary/New 2500 ISL Dictionary Videos/Yunikee 2/English/Setting.mp4,24760,ISLRTC,src=New 2500 ISL Dictionary Videos/Yunikee 2/English/Setting.mp4
settlement,settlement,1,https://drive.google.com/drive/folders/1U-Pr4r1-cupgNOOq9NH_uTsQnPSVEKco,data/_source/isl_dictionary/S/Settlement_(Financial_Term).mp4,29652,ISLRTC,src=S/Settlement_(Financial_Term).mp4
settlement_cycle,settlement cycle,2,https://drive.google.com/drive/folders/1U-Pr4r1-cupgNOOq9NH_uTsQnPSVEKco,data/_source/isl_dictionary/S/Settlement_Cycle.mp4,28189,ISLRTC,src=S/Settlement_Cycle.mp4
settlement_day,settlement day,2,https://drive.google.com/drive/folders/1U-Pr4r1-cupgNOOq9NH_uTsQnPSVEKco,data/_source/isl_dictionary/S/Settlement_Day.mp4,16161,ISLRTC,src=S/Settlement_Day.mp4
settlement_deferment,settlement deferment,2,https://drive.google.com/drive/folders/1U-Pr4r1-cupgNOOq9NH_uTsQnPSVEKco,data/_source/isl_dictionary/S/Settlement_Deferment.mp4,26169,ISLRTC,src=S/Settlement_Deferment.mp4
seven,seven,1,https://drive.google.com/drive/folders/1U-Pr4r1-cupgNOOq9NH_uTsQnPSVEKco,data/_source/isl_dictionary/Numbers/7_Seven.mp4,3240,ISLRTC,src=Numbers/7_Seven.mp4
seventeen,seventeen,1,https://drive.google.com/drive/folders/1U-Pr4r1-cupgNOOq9NH_uTsQnPSVEKco,data/_source/isl_dictionary/Numbers/17_Seventeen.mp4,3680,ISLRTC,src=Numbers/17_Seventeen.mp4
seventy,seventy,1,https://drive.google.com/drive/folders/1U-Pr4r1-cupgNOOq9NH_uTsQnPSVEKco,data/_source/isl_dictionary/Numbers/70_Seventy.mp4,3840,ISLRTC,src=Numbers/70_Seventy.mp4
several,several,1,https://drive.google.com/drive/folders/1U-Pr4r1-cupgNOOq9NH_uTsQnPSVEKco,data/_source/isl_dictionary/New 2500 ISL Dictionary Videos/BCS/Several - English.mp4,23180,ISLRTC,src=New 2500 ISL Dictionary Videos/BCS/Several - English.mp4
sew,sew,1,https://drive.google.com/drive/folders/1U-Pr4r1-cupgNOOq9NH_uTsQnPSVEKco,data/_source/isl_dictionary/S/Sew.mp4,16160,ISLRTC,src=S/Sew.mp4
sewing_machine,sewing machine,2,https://drive.google.com/drive/folders/1U-Pr4r1-cupgNOOq9NH_uTsQnPSVEKco,data/_source/isl_dictionary/S/Sewing_Machine_(Sign_2).mp4,2240,ISLRTC,src=S/Sewing_Machine_(Sign_2).mp4; 1 other variant(s)
sex_determination,sex determination,2,https://drive.google.com/drive/folders/1U-Pr4r1-cupgNOOq9NH_uTsQnPSVEKco,data/_source/isl_dictionary/S/Sex_Determination.mp4,23520,ISLRTC,src=S/Sex_Determination.mp4
sexual_abuse,sexual abuse,2,https://drive.google.com/drive/folders/1U-Pr4r1-cupgNOOq9NH_uTsQnPSVEKco,data/_source/isl_dictionary/MHSL - 259/Sexual_Abuse.mp4,27240,ISLRTC,src=MHSL - 259/Sexual_Abuse.mp4
sexual_assault,sexual assault,2,https://drive.google.com/drive/folders/1U-Pr4r1-cupgNOOq9NH_uTsQnPSVEKco,data/_source/isl_dictionary/S/Sexual_Assault.mp4,27376,ISLRTC,src=S/Sexual_Assault.mp4
sexual_reproduction,sexual reproduction,2,https://drive.google.com/drive/folders/1U-Pr4r1-cupgNOOq9NH_uTsQnPSVEKco,data/_source/isl_dictionary/S/Sexual_Reproduction.mp4,12750,ISLRTC,src=S/Sexual_Reproduction.mp4
shah_rukh_khan,shah rukh khan,3,https://drive.google.com/drive/folders/1U-Pr4r1-cupgNOOq9NH_uTsQnPSVEKco,data/_source/isl_dictionary/S/Shah_Rukh_Khan.mp4,3120,ISLRTC,src=S/Shah_Rukh_Khan.mp4
shape,shape,1,https://drive.google.com/drive/folders/1U-Pr4r1-cupgNOOq9NH_uTsQnPSVEKco,data/_source/isl_dictionary/S/Shape.mp4,8000,ISLRTC,src=S/Shape.mp4
share,share,1,https://drive.google.com/drive/folders/1U-Pr4r1-cupgNOOq9NH_uTsQnPSVEKco,data/_source/isl_dictionary/S/Share.mp4,4440,ISLRTC,src=S/Share.mp4
shaving_blade,shaving blade,2,https://drive.google.com/drive/folders/1U-Pr4r1-cupgNOOq9NH_uTsQnPSVEKco,data/_source/isl_dictionary/S/Shaving_Blade.mp4,3520,ISLRTC,src=S/Shaving_Blade.mp4
she,she,1,https://drive.google.com/drive/folders/1U-Pr4r1-cupgNOOq9NH_uTsQnPSVEKco,data/_source/isl_dictionary/S/She.mp4,3240,ISLRTC,src=S/She.mp4
sheep_farming,sheep farming,2,https://drive.google.com/drive/folders/1U-Pr4r1-cupgNOOq9NH_uTsQnPSVEKco,data/_source/isl_dictionary/S/Sheep_Farming.mp4,15958,ISLRTC,src=S/Sheep_Farming.mp4
shillong,shillong,1,https://drive.google.com/drive/folders/1U-Pr4r1-cupgNOOq9NH_uTsQnPSVEKco,data/_source/isl_dictionary/S/Shillong.mp4,3920,ISLRTC,src=S/Shillong.mp4
shimla,shimla,1,https://drive.google.com/drive/folders/1U-Pr4r1-cupgNOOq9NH_uTsQnPSVEKco,data/_source/isl_dictionary/S/Shimla.mp4,3400,ISLRTC,src=S/Shimla.mp4
ship,ship,1,https://drive.google.com/drive/folders/1U-Pr4r1-cupgNOOq9NH_uTsQnPSVEKco,data/_source/isl_dictionary/S/Ship.mp4,4440,ISLRTC,src=S/Ship.mp4
shirt,shirt,1,https://drive.google.com/drive/folders/1U-Pr4r1-cupgNOOq9NH_uTsQnPSVEKco,data/_source/isl_dictionary/S/Shirt.mp4,3480,ISLRTC,src=S/Shirt.mp4
shiv_sena,shiv sena,2,https://drive.google.com/drive/folders/1U-Pr4r1-cupgNOOq9NH_uTsQnPSVEKco,data/_source/isl_dictionary/S/Shiv_Sena.mp4,2542,ISLRTC,src=S/Shiv_Sena.mp4
shiver,shiver,1,https://drive.google.com/drive/folders/1U-Pr4r1-cupgNOOq9NH_uTsQnPSVEKco,data/_source/isl_dictionary/S/Shiver.mp4,21440,ISLRTC,src=S/Shiver.mp4
shoelace_lace_shoestring,shoelace lace shoestring,3,https://drive.google.com/drive/folders/1U-Pr4r1-cupgNOOq9NH_uTsQnPSVEKco,data/_source/isl_dictionary/S/Shoelace_Lace_Shoestring.mp4,3640,ISLRTC,src=S/Shoelace_Lace_Shoestring.mp4
shoes,shoes,1,https://drive.google.com/drive/folders/1U-Pr4r1-cupgNOOq9NH_uTsQnPSVEKco,data/_source/isl_dictionary/S/Shoes.mp4,2920,ISLRTC,src=S/Shoes.mp4
shop,shop,1,https://drive.google.com/drive/folders/1U-Pr4r1-cupgNOOq9NH_uTsQnPSVEKco,data/_source/isl_dictionary/S/Shop.mp4,3000,ISLRTC,src=S/Shop.mp4
short,short,1,https://drive.google.com/drive/folders/1U-Pr4r1-cupgNOOq9NH_uTsQnPSVEKco,data/_source/isl_dictionary/S/Short.mp4,3680,ISLRTC,src=S/Short.mp4
short_term,short term,2,https://drive.google.com/drive/folders/1U-Pr4r1-cupgNOOq9NH_uTsQnPSVEKco,data/_source/isl_dictionary/S/Short_term.mp4,26424,ISLRTC,src=S/Short_term.mp4
short_term_capital_gains,short term capital gains,4,https://drive.google.com/drive/folders/1U-Pr4r1-cupgNOOq9NH_uTsQnPSVEKco,data/_source/isl_dictionary/S/Short_term_capital_gains.mp4,29768,ISLRTC,src=S/Short_term_capital_gains.mp4
shortstay_home,shortstay home,2,https://drive.google.com/drive/folders/1U-Pr4r1-cupgNOOq9NH_uTsQnPSVEKco,data/_source/isl_dictionary/MHSL - 259/Short-stay_home.mp4,25642,ISLRTC,src=MHSL - 259/Short-stay_home.mp4
shot,shot,1,https://drive.google.com/drive/folders/1U-Pr4r1-cupgNOOq9NH_uTsQnPSVEKco,data/_source/isl_dictionary/New 2500 ISL Dictionary Videos/Yunikee 1/New English/Shot.mp4,11840,ISLRTC,src=New 2500 ISL Dictionary Videos/Yunikee 1/New English/Shot.mp4
should,should,1,https://drive.google.com/drive/folders/1U-Pr4r1-cupgNOOq9NH_uTsQnPSVEKco,data/_source/isl_dictionary/S/Should.mp4,2960,ISLRTC,src=S/Should.mp4
show,show,1,https://drive.google.com/drive/folders/1U-Pr4r1-cupgNOOq9NH_uTsQnPSVEKco,data/_source/isl_dictionary/S/Show.mp4,3800,ISLRTC,src=S/Show.mp4
shrubs,shrubs,1,https://drive.google.com/drive/folders/1U-Pr4r1-cupgNOOq9NH_uTsQnPSVEKco,data/_source/isl_dictionary/S/Shrubs.mp4,13240,ISLRTC,src=S/Shrubs.mp4
shut_up_stop_talking,shut up stop talking,4,https://drive.google.com/drive/folders/1U-Pr4r1-cupgNOOq9NH_uTsQnPSVEKco,data/_source/isl_dictionary/S/Shut_Up_Stop_Talking_(Sign_2).mp4,3480,ISLRTC,src=S/Shut_Up_Stop_Talking_(Sign_2).mp4
sick,sick,1,https://drive.google.com/drive/folders/1U-Pr4r1-cupgNOOq9NH_uTsQnPSVEKco,data/_source/isl_dictionary/S/Sick.mp4,3080,ISLRTC,src=S/Sick.mp4
sickness,sickness,1,https://drive.google.com/drive/folders/1U-Pr4r1-cupgNOOq9NH_uTsQnPSVEKco,data/_source/isl_dictionary/MHSL - 259/Sickness.mp4,19733,ISLRTC,src=MHSL - 259/Sickness.mp4
side,side,1,https://drive.google.com/drive/folders/1U-Pr4r1-cupgNOOq9NH_uTsQnPSVEKco,data/_source/isl_dictionary/S/Side.mp4,3600,ISLRTC,src=S/Side.mp4
sign,sign,1,https://drive.google.com/drive/folders/1U-Pr4r1-cupgNOOq9NH_uTsQnPSVEKco,data/_source/isl_dictionary/S/Sign.mp4,2760,ISLRTC,src=S/Sign.mp4
sign_language,sign language,2,https://drive.google.com/drive/folders/1U-Pr4r1-cupgNOOq9NH_uTsQnPSVEKco,data/_source/isl_dictionary/S/Sign_Language.mp4,3120,ISLRTC,src=S/Sign_Language.mp4
signatory,signatory,1,https://drive.google.com/drive/folders/1U-Pr4r1-cupgNOOq9NH_uTsQnPSVEKco,data/_source/isl_dictionary/S/Signatory.mp4,16858,ISLRTC,src=S/Signatory.mp4
sikkim,sikkim,1,https://drive.google.com/drive/folders/1U-Pr4r1-cupgNOOq9NH_uTsQnPSVEKco,data/_source/isl_dictionary/S/Sikkim.mp4,3800,ISLRTC,src=S/Sikkim.mp4
silage,silage,1,https://drive.google.com/drive/folders/1U-Pr4r1-cupgNOOq9NH_uTsQnPSVEKco,data/_source/isl_dictionary/S/Silage.mp4,20625,ISLRTC,src=S/Silage.mp4
silver,silver,1,https://drive.google.com/drive/folders/1U-Pr4r1-cupgNOOq9NH_uTsQnPSVEKco,data/_source/isl_dictionary/S/Silver.mp4,3000,ISLRTC,src=S/Silver.mp4
similar,similar,1,https://drive.google.com/drive/folders/1U-Pr4r1-cupgNOOq9NH_uTsQnPSVEKco,data/_source/isl_dictionary/S/Similar.mp4,4040,ISLRTC,src=S/Similar.mp4
since,since,1,https://drive.google.com/drive/folders/1U-Pr4r1-cupgNOOq9NH_uTsQnPSVEKco,data/_source/isl_dictionary/S/Since.mp4,3600,ISLRTC,src=S/Since.mp4
singapore,singapore,1,https://drive.google.com/drive/folders/1U-Pr4r1-cupgNOOq9NH_uTsQnPSVEKco,data/_source/isl_dictionary/S/Singapore.mp4,4320,ISLRTC,src=S/Singapore.mp4
single,single,1,https://drive.google.com/drive/folders/1U-Pr4r1-cupgNOOq9NH_uTsQnPSVEKco,data/_source/isl_dictionary/New 2500 ISL Dictionary Videos/Anuprayaas/English/Single.mp4,2903,ISLRTC,src=New 2500 ISL Dictionary Videos/Anuprayaas/English/Single.mp4
sister,sister,1,https://drive.google.com/drive/folders/1U-Pr4r1-cupgNOOq9NH_uTsQnPSVEKco,data/_source/isl_dictionary/S/Sister.mp4,2760,ISLRTC,src=S/Sister.mp4
sit,sit,1,https://drive.google.com/drive/folders/1U-Pr4r1-cupgNOOq9NH_uTsQnPSVEKco,data/_source/isl_dictionary/S/Sit.mp4,3000,ISLRTC,src=S/Sit.mp4
situation,situation,1,https://drive.google.com/drive/folders/1U-Pr4r1-cupgNOOq9NH_uTsQnPSVEKco,data/_source/isl_dictionary/S/Situation.mp4,3640,ISLRTC,src=S/Situation.mp4
six,six,1,https://drive.google.com/drive/folders/1U-Pr4r1-cupgNOOq9NH_uTsQnPSVEKco,data/_source/isl_dictionary/Numbers/6_Six.mp4,3240,ISLRTC,src=Numbers/6_Six.mp4
sixteen,sixteen,1,https://drive.google.com/drive/folders/1U-Pr4r1-cupgNOOq9NH_uTsQnPSVEKco,data/_source/isl_dictionary/Numbers/16_Sixteen.mp4,3680,ISLRTC,src=Numbers/16_Sixteen.mp4
sixty,sixty,1,https://drive.google.com/drive/folders/1U-Pr4r1-cupgNOOq9NH_uTsQnPSVEKco,data/_source/isl_dictionary/Numbers/60_Sixty.mp4,4720,ISLRTC,src=Numbers/60_Sixty.mp4
size,size,1,https://drive.google.com/drive/folders/1U-Pr4r1-cupgNOOq9NH_uTsQnPSVEKco,data/_source/isl_dictionary/S/Size.mp4,4320,ISLRTC,src=S/Size.mp4
size_of_seed,size of seed,3,https://drive.google.com/drive/folders/1U-Pr4r1-cupgNOOq9NH_uTsQnPSVEKco,data/_source/isl_dictionary/S/Size_of_Seed.mp4,13333,ISLRTC,src=S/Size_of_Seed.mp4
skin,skin,1,https://drive.google.com/drive/folders/1U-Pr4r1-cupgNOOq9NH_uTsQnPSVEKco,data/_source/isl_dictionary/S/Skin.mp4,3480,ISLRTC,src=S/Skin.mp4
sky,sky,1,https://drive.google.com/drive/folders/1U-Pr4r1-cupgNOOq9NH_uTsQnPSVEKco,data/_source/isl_dictionary/S/Sky.mp4,5640,ISLRTC,src=S/Sky.mp4
slap,slap,1,https://drive.google.com/drive/folders/1U-Pr4r1-cupgNOOq9NH_uTsQnPSVEKco,data/_source/isl_dictionary/S/Slap.mp4,2600,ISLRTC,src=S/Slap.mp4
sleep,sleep,1,https://drive.google.com/drive/folders/1U-Pr4r1-cupgNOOq9NH_uTsQnPSVEKco,data/_source/isl_dictionary/S/Sleep.mp4,2960,ISLRTC,src=S/Sleep.mp4
slide,slide,1,https://drive.google.com/drive/folders/1U-Pr4r1-cupgNOOq9NH_uTsQnPSVEKco,data/_source/isl_dictionary/S/Slide.mp4,2200,ISLRTC,src=S/Slide.mp4; 2 other variant(s)
slow,slow,1,https://drive.google.com/drive/folders/1U-Pr4r1-cupgNOOq9NH_uTsQnPSVEKco,data/_source/isl_dictionary/S/Slow.mp4,3800,ISLRTC,src=S/Slow.mp4
slurred_speech,slurred speech,2,https://drive.google.com/drive/folders/1U-Pr4r1-cupgNOOq9NH_uTsQnPSVEKco,data/_source/isl_dictionary/MHSL - 259/Slurred_Speech.mp4,29696,ISLRTC,src=MHSL - 259/Slurred_Speech.mp4
small,small,1,https://drive.google.com/drive/folders/1U-Pr4r1-cupgNOOq9NH_uTsQnPSVEKco,data/_source/isl_dictionary/S/Small.mp4,4160,ISLRTC,src=S/Small.mp4
snow,snow,1,https://drive.google.com/drive/folders/1U-Pr4r1-cupgNOOq9NH_uTsQnPSVEKco,data/_source/isl_dictionary/S/Snow.mp4,4760,ISLRTC,src=S/Snow.mp4
social,social,1,https://drive.google.com/drive/folders/1U-Pr4r1-cupgNOOq9NH_uTsQnPSVEKco,data/_source/isl_dictionary/S/Social.mp4,4240,ISLRTC,src=S/Social.mp4
social_network,social network,2,https://drive.google.com/drive/folders/1U-Pr4r1-cupgNOOq9NH_uTsQnPSVEKco,data/_source/isl_dictionary/MHSL - 259/Social_network.mp4,15168,ISLRTC,src=MHSL - 259/Social_network.mp4
social_wellbeing,social wellbeing,2,https://drive.google.com/drive/folders/1U-Pr4r1-cupgNOOq9NH_uTsQnPSVEKco,data/_source/isl_dictionary/MHSL - 259/Social_wellbeing.mp4,16725,ISLRTC,src=MHSL - 259/Social_wellbeing.mp4
social_withdrawal,social withdrawal,2,https://drive.google.com/drive/folders/1U-Pr4r1-cupgNOOq9NH_uTsQnPSVEKco,data/_source/isl_dictionary/MHSL - 259/Social_withdrawal.mp4,23040,ISLRTC,src=MHSL - 259/Social_withdrawal.mp4
society,society,1,https://drive.google.com/drive/folders/1U-Pr4r1-cupgNOOq9NH_uTsQnPSVEKco,data/_source/isl_dictionary/S/Society.mp4,4960,ISLRTC,src=S/Society.mp4
soft,soft,1,https://drive.google.com/drive/folders/1U-Pr4r1-cupgNOOq9NH_uTsQnPSVEKco,data/_source/isl_dictionary/S/Soft_(Person_Behaviour).mp4,3280,ISLRTC,src=S/Soft_(Person_Behaviour).mp4
soil_air,soil air,2,https://drive.google.com/drive/folders/1U-Pr4r1-cupgNOOq9NH_uTsQnPSVEKco,data/_source/isl_dictionary/S/Soil_Air.mp4,22083,ISLRTC,src=S/Soil_Air.mp4
soil_borne_disease,soil borne disease,3,https://drive.google.com/drive/folders/1U-Pr4r1-cupgNOOq9NH_uTsQnPSVEKco,data/_source/isl_dictionary/S/Soil_Borne_Disease.mp4,14200,ISLRTC,src=S/Soil_Borne_Disease.mp4
soil_componets,soil componets,2,https://drive.google.com/drive/folders/1U-Pr4r1-cupgNOOq9NH_uTsQnPSVEKco,data/_source/isl_dictionary/S/Soil_Componets.mp4,18208,ISLRTC,src=S/Soil_Componets.mp4
soil_density,soil density,2,https://drive.google.com/drive/folders/1U-Pr4r1-cupgNOOq9NH_uTsQnPSVEKco,data/_source/isl_dictionary/S/Soil_Density.mp4,19080,ISLRTC,src=S/Soil_Density.mp4
soil_erosion,soil erosion,2,https://drive.google.com/drive/folders/1U-Pr4r1-cupgNOOq9NH_uTsQnPSVEKco,data/_source/isl_dictionary/S/Soil_Erosion_(Sign_2).mp4,25680,ISLRTC,src=S/Soil_Erosion_(Sign_2).mp4
soil_formation,soil formation,2,https://drive.google.com/drive/folders/1U-Pr4r1-cupgNOOq9NH_uTsQnPSVEKco,data/_source/isl_dictionary/S/Soil_Formation.mp4,15120,ISLRTC,src=S/Soil_Formation.mp4
soil_fumigation,soil fumigation,2,https://drive.google.com/drive/folders/1U-Pr4r1-cupgNOOq9NH_uTsQnPSVEKco,data/_source/isl_dictionary/S/Soil_Fumigation.mp4,23720,ISLRTC,src=S/Soil_Fumigation.mp4
soil_physics,soil physics,2,https://drive.google.com/drive/folders/1U-Pr4r1-cupgNOOq9NH_uTsQnPSVEKco,data/_source/isl_dictionary/S/Soil_Physics.mp4,14800,ISLRTC,src=S/Soil_Physics.mp4
soil_survey,soil survey,2,https://drive.google.com/drive/folders/1U-Pr4r1-cupgNOOq9NH_uTsQnPSVEKco,data/_source/isl_dictionary/S/Soil_Survey.mp4,11458,ISLRTC,src=S/Soil_Survey.mp4
soil_water,soil water,2,https://drive.google.com/drive/folders/1U-Pr4r1-cupgNOOq9NH_uTsQnPSVEKco,data/_source/isl_dictionary/S/Soil_Water.mp4,12280,ISLRTC,src=S/Soil_Water.mp4
solar_energy,solar energy,2,https://drive.google.com/drive/folders/1U-Pr4r1-cupgNOOq9NH_uTsQnPSVEKco,data/_source/isl_dictionary/S/Solar_Energy.mp4,5417,ISLRTC,src=S/Solar_Energy.mp4
solar_plate,solar plate,2,https://drive.google.com/drive/folders/1U-Pr4r1-cupgNOOq9NH_uTsQnPSVEKco,data/_source/isl_dictionary/S/Solar_Plate.mp4,17792,ISLRTC,src=S/Solar_Plate.mp4
solution,solution,1,https://drive.google.com/drive/folders/1U-Pr4r1-cupgNOOq9NH_uTsQnPSVEKco,data/_source/isl_dictionary/New 2500 ISL Dictionary Videos/Yunikee 1/New English/Solution_(Chemical).mp4,22570,ISLRTC,src=New 2500 ISL Dictionary Videos/Yunikee 1/New English/Solution_(Chemical).mp4
some,some,1,https://drive.google.com/drive/folders/1U-Pr4r1-cupgNOOq9NH_uTsQnPSVEKco,data/_source/isl_dictionary/S/Some.mp4,3360,ISLRTC,src=S/Some.mp4
something,something,1,https://drive.google.com/drive/folders/1U-Pr4r1-cupgNOOq9NH_uTsQnPSVEKco,data/_source/isl_dictionary/S/Something.mp4,3760,ISLRTC,src=S/Something.mp4
sometimes,sometimes,1,https://drive.google.com/drive/folders/1U-Pr4r1-cupgNOOq9NH_uTsQnPSVEKco,data/_source/isl_dictionary/S/Sometimes_(Sign_2).mp4,3800,ISLRTC,src=S/Sometimes_(Sign_2).mp4
son,son,1,https://drive.google.com/drive/folders/1U-Pr4r1-cupgNOOq9NH_uTsQnPSVEKco,data/_source/isl_dictionary/S/Son.mp4,3000,ISLRTC,src=S/Son.mp4
soon,soon,1,https://drive.google.com/drive/folders/1U-Pr4r1-cupgNOOq9NH_uTsQnPSVEKco,data/_source/isl_dictionary/S/Soon.mp4,3360,ISLRTC,src=S/Soon.mp4
sorry,sorry,1,https://drive.google.com/drive/folders/1U-Pr4r1-cupgNOOq9NH_uTsQnPSVEKco,data/_source/isl_dictionary/S/Sorry.mp4,3440,ISLRTC,src=S/Sorry.mp4
soundness,soundness,1,https://drive.google.com/drive/folders/1U-Pr4r1-cupgNOOq9NH_uTsQnPSVEKco,data/_source/isl_dictionary/New 2500 ISL Dictionary Videos/BCS/Soundness - English.mp4,19240,ISLRTC,src=New 2500 ISL Dictionary Videos/BCS/Soundness - English.mp4
south,south,1,https://drive.google.com/drive/folders/1U-Pr4r1-cupgNOOq9NH_uTsQnPSVEKco,data/_source/isl_dictionary/S/South.mp4,3160,ISLRTC,src=S/South.mp4
spain,spain,1,https://drive.google.com/drive/folders/1U-Pr4r1-cupgNOOq9NH_uTsQnPSVEKco,data/_source/isl_dictionary/S/Spain.mp4,2240,ISLRTC,src=S/Spain.mp4
sparrow,sparrow,1,https://drive.google.com/drive/folders/1U-Pr4r1-cupgNOOq9NH_uTsQnPSVEKco,data/_source/isl_dictionary/S/Sparrow.mp4,3840,ISLRTC,src=S/Sparrow.mp4
speak,speak,1,https://drive.google.com/drive/folders/1U-Pr4r1-cupgNOOq9NH_uTsQnPSVEKco,data/_source/isl_dictionary/S/Speak_Speech.mp4,3520,ISLRTC,alias of 'speak speech': dictionary files both words under one sign
speak_speech,speak speech,2,https://drive.google.com/drive/folders/1U-Pr4r1-cupgNOOq9NH_uTsQnPSVEKco,data/_source/isl_dictionary/S/Speak_Speech.mp4,3520,ISLRTC,src=S/Speak_Speech.mp4
speakers,speakers,1,https://drive.google.com/drive/folders/1U-Pr4r1-cupgNOOq9NH_uTsQnPSVEKco,data/_source/isl_dictionary/S/Speakers.mp4,5250,ISLRTC,src=S/Speakers.mp4
special,special,1,https://drive.google.com/drive/folders/1U-Pr4r1-cupgNOOq9NH_uTsQnPSVEKco,data/_source/isl_dictionary/S/Special.mp4,2920,ISLRTC,src=S/Special.mp4
speech,speech,1,https://drive.google.com/drive/folders/1U-Pr4r1-cupgNOOq9NH_uTsQnPSVEKco,data/_source/isl_dictionary/S/Speak_Speech.mp4,3520,ISLRTC,alias of 'speak speech': dictionary files both words under one sign
speedometer,speedometer,1,https://drive.google.com/drive/folders/1U-Pr4r1-cupgNOOq9NH_uTsQnPSVEKco,data/_source/isl_dictionary/S/Speedometer.mp4,19250,ISLRTC,src=S/Speedometer.mp4
spherical_structure,spherical structure,2,https://drive.google.com/drive/folders/1U-Pr4r1-cupgNOOq9NH_uTsQnPSVEKco,data/_source/isl_dictionary/S/Spherical_Structure.mp4,13920,ISLRTC,src=S/Spherical_Structure.mp4
spinning,spinning,1,https://drive.google.com/drive/folders/1U-Pr4r1-cupgNOOq9NH_uTsQnPSVEKco,data/_source/isl_dictionary/S/Spinning.mp4,3708,ISLRTC,src=S/Spinning.mp4
spiritual,spiritual,1,https://drive.google.com/drive/folders/1U-Pr4r1-cupgNOOq9NH_uTsQnPSVEKco,data/_source/isl_dictionary/New 2500 ISL Dictionary Videos/BCS/Spiritual (1) - English.mp4,18580,ISLRTC,src=New 2500 ISL Dictionary Videos/BCS/Spiritual (1) - English.mp4
spiritualism,spiritualism,1,https://drive.google.com/drive/folders/1U-Pr4r1-cupgNOOq9NH_uTsQnPSVEKco,data/_source/isl_dictionary/New 2500 ISL Dictionary Videos/BCS/Spiritualism - English.mp4,16760,ISLRTC,src=New 2500 ISL Dictionary Videos/BCS/Spiritualism - English.mp4
sports,sports,1,https://drive.google.com/drive/folders/1U-Pr4r1-cupgNOOq9NH_uTsQnPSVEKco,data/_source/isl_dictionary/S/Sports.mp4,3920,ISLRTC,src=S/Sports.mp4
spot,spot,1,https://drive.google.com/drive/folders/1U-Pr4r1-cupgNOOq9NH_uTsQnPSVEKco,data/_source/isl_dictionary/S/Spot_(Sign_2).mp4,12320,ISLRTC,src=S/Spot_(Sign_2).mp4
spring,spring,1,https://drive.google.com/drive/folders/1U-Pr4r1-cupgNOOq9NH_uTsQnPSVEKco,data/_source/isl_dictionary/S/Spring.mp4,8440,ISLRTC,src=S/Spring.mp4
square,square,1,https://drive.google.com/drive/folders/1U-Pr4r1-cupgNOOq9NH_uTsQnPSVEKco,data/_source/isl_dictionary/S/Square.mp4,5760,ISLRTC,src=S/Square.mp4
srinagar,srinagar,1,https://drive.google.com/drive/folders/1U-Pr4r1-cupgNOOq9NH_uTsQnPSVEKco,data/_source/isl_dictionary/S/Srinagar.mp4,3800,ISLRTC,src=S/Srinagar.mp4
stable,stable,1,https://drive.google.com/drive/folders/1U-Pr4r1-cupgNOOq9NH_uTsQnPSVEKco,data/_source/isl_dictionary/New 2500 ISL Dictionary Videos/BCS/Stable - English.mp4,19260,ISLRTC,src=New 2500 ISL Dictionary Videos/BCS/Stable - English.mp4
staff,staff,1,https://drive.google.com/drive/folders/1U-Pr4r1-cupgNOOq9NH_uTsQnPSVEKco,data/_source/isl_dictionary/S/Staff.mp4,4200,ISLRTC,src=S/Staff.mp4
stage,stage,1,https://drive.google.com/drive/folders/1U-Pr4r1-cupgNOOq9NH_uTsQnPSVEKco,data/_source/isl_dictionary/S/Stage.mp4,5640,ISLRTC,src=S/Stage.mp4
stags,stags,1,https://drive.google.com/drive/folders/1U-Pr4r1-cupgNOOq9NH_uTsQnPSVEKco,data/_source/isl_dictionary/S/Stags.mp4,12000,ISLRTC,src=S/Stags.mp4
stainless_steel,stainless steel,2,https://drive.google.com/drive/folders/1U-Pr4r1-cupgNOOq9NH_uTsQnPSVEKco,data/_source/isl_dictionary/S/Stainless_Steel.mp4,19833,ISLRTC,src=S/Stainless_Steel.mp4
stand,stand,1,https://drive.google.com/drive/folders/1U-Pr4r1-cupgNOOq9NH_uTsQnPSVEKco,data/_source/isl_dictionary/S/Stand.mp4,3080,ISLRTC,src=S/Stand.mp4
star,star,1,https://drive.google.com/drive/folders/1U-Pr4r1-cupgNOOq9NH_uTsQnPSVEKco,data/_source/isl_dictionary/S/Star.mp4,4160,ISLRTC,src=S/Star.mp4
start,start,1,https://drive.google.com/drive/folders/1U-Pr4r1-cupgNOOq9NH_uTsQnPSVEKco,data/_source/isl_dictionary/S/Start_Begin.mp4,3200,ISLRTC,alias of 'start begin': dictionary files both words under one sign
start_begin,start begin,2,https://drive.google.com/drive/folders/1U-Pr4r1-cupgNOOq9NH_uTsQnPSVEKco,data/_source/isl_dictionary/S/Start_Begin.mp4,3200,ISLRTC,src=S/Start_Begin.mp4
state,state,1,https://drive.google.com/drive/folders/1U-Pr4r1-cupgNOOq9NH_uTsQnPSVEKco,data/_source/isl_dictionary/S/State.mp4,3840,ISLRTC,src=S/State.mp4
state_council_of_educational_research_and_training,state council of educational research and training,7,https://drive.google.com/drive/folders/1U-Pr4r1-cupgNOOq9NH_uTsQnPSVEKco,data/_source/isl_dictionary/S/State_Council_of_Educational_Research_and_Training_(SCERT).mp4,11542,ISLRTC,src=S/State_Council_of_Educational_Research_and_Training_(SCERT).mp4
states,states,1,https://drive.google.com/drive/folders/1U-Pr4r1-cupgNOOq9NH_uTsQnPSVEKco,data/_source/isl_dictionary/S/States.mp4,4960,ISLRTC,src=S/States.mp4
station,station,1,https://drive.google.com/drive/folders/1U-Pr4r1-cupgNOOq9NH_uTsQnPSVEKco,data/_source/isl_dictionary/S/Station.mp4,15583,ISLRTC,src=S/Station.mp4
stationary_work,stationary work,2,https://drive.google.com/drive/folders/1U-Pr4r1-cupgNOOq9NH_uTsQnPSVEKco,data/_source/isl_dictionary/S/Stationary_Work.mp4,13917,ISLRTC,src=S/Stationary_Work.mp4
stay,stay,1,https://drive.google.com/drive/folders/1U-Pr4r1-cupgNOOq9NH_uTsQnPSVEKco,data/_source/isl_dictionary/S/Stay.mp4,3600,ISLRTC,src=S/Stay.mp4
steam_tractor,steam tractor,2,https://drive.google.com/drive/folders/1U-Pr4r1-cupgNOOq9NH_uTsQnPSVEKco,data/_source/isl_dictionary/S/Steam_Tractor.mp4,14042,ISLRTC,src=S/Steam_Tractor.mp4
steel,steel,1,https://drive.google.com/drive/folders/1U-Pr4r1-cupgNOOq9NH_uTsQnPSVEKco,data/_source/isl_dictionary/S/Steel.mp4,3920,ISLRTC,src=S/Steel.mp4
stem_reproduced_weeds,stem reproduced weeds,3,https://drive.google.com/drive/folders/1U-Pr4r1-cupgNOOq9NH_uTsQnPSVEKco,data/_source/isl_dictionary/S/Stem_Reproduced_Weeds.mp4,21083,ISLRTC,src=S/Stem_Reproduced_Weeds.mp4
stem_root_of_groundnut,stem root of groundnut,4,https://drive.google.com/drive/folders/1U-Pr4r1-cupgNOOq9NH_uTsQnPSVEKco,data/_source/isl_dictionary/S/Stem_Root_of_Groundnut.mp4,25160,ISLRTC,src=S/Stem_Root_of_Groundnut.mp4
stem_rot,stem rot,2,https://drive.google.com/drive/folders/1U-Pr4r1-cupgNOOq9NH_uTsQnPSVEKco,data/_source/isl_dictionary/S/Stem_Rot.mp4,22440,ISLRTC,src=S/Stem_Rot.mp4
step,step,1,https://drive.google.com/drive/folders/1U-Pr4r1-cupgNOOq9NH_uTsQnPSVEKco,data/_source/isl_dictionary/New 2500 ISL Dictionary Videos/Anuprayaas/English/Step.mp4,2840,ISLRTC,src=New 2500 ISL Dictionary Videos/Anuprayaas/English/Step.mp4
sterilization,sterilization,1,https://drive.google.com/drive/folders/1U-Pr4r1-cupgNOOq9NH_uTsQnPSVEKco,data/_source/isl_dictionary/S/Sterilization.mp4,23542,ISLRTC,src=S/Sterilization.mp4
sticky_consistency,sticky consistency,2,https://drive.google.com/drive/folders/1U-Pr4r1-cupgNOOq9NH_uTsQnPSVEKco,data/_source/isl_dictionary/S/Sticky_Consistency.mp4,18800,ISLRTC,src=S/Sticky_Consistency.mp4
sticky_note_postit_note,sticky note postit note,4,https://drive.google.com/drive/folders/1U-Pr4r1-cupgNOOq9NH_uTsQnPSVEKco,data/_source/isl_dictionary/S/Sticky_Note_Post-It_Note.mp4,4680,ISLRTC,src=S/Sticky_Note_Post-It_Note.mp4
still,still,1,https://drive.google.com/drive/folders/1U-Pr4r1-cupgNOOq9NH_uTsQnPSVEKco,data/_source/isl_dictionary/S/Still.mp4,3200,ISLRTC,src=S/Still.mp4
stock,stock,1,https://drive.google.com/drive/folders/1U-Pr4r1-cupgNOOq9NH_uTsQnPSVEKco,data/_source/isl_dictionary/S/Stock.mp4,20221,ISLRTC,src=S/Stock.mp4
stock_exchange,stock exchange,2,https://drive.google.com/drive/folders/1U-Pr4r1-cupgNOOq9NH_uTsQnPSVEKco,data/_source/isl_dictionary/S/Stock_Exchange.mp4,26285,ISLRTC,src=S/Stock_Exchange.mp4
stomach_insecticide,stomach insecticide,2,https://drive.google.com/drive/folders/1U-Pr4r1-cupgNOOq9NH_uTsQnPSVEKco,data/_source/isl_dictionary/S/Stomach_Insecticide.mp4,23520,ISLRTC,src=S/Stomach_Insecticide.mp4
stone,stone,1,https://drive.google.com/drive/folders/1U-Pr4r1-cupgNOOq9NH_uTsQnPSVEKco,data/_source/isl_dictionary/S/Stone.mp4,4160,ISLRTC,src=S/Stone.mp4
stop,stop,1,https://drive.google.com/drive/folders/1U-Pr4r1-cupgNOOq9NH_uTsQnPSVEKco,data/_source/isl_dictionary/S/Stop.mp4,4280,ISLRTC,src=S/Stop.mp4
storey_skyscraper,storey skyscraper,2,https://drive.google.com/drive/folders/1U-Pr4r1-cupgNOOq9NH_uTsQnPSVEKco,data/_source/isl_dictionary/S/Storey_Skyscraper_(Sign_2).mp4,11458,ISLRTC,src=S/Storey_Skyscraper_(Sign_2).mp4
straight,straight,1,https://drive.google.com/drive/folders/1U-Pr4r1-cupgNOOq9NH_uTsQnPSVEKco,data/_source/isl_dictionary/S/Straight.mp4,2720,ISLRTC,src=S/Straight.mp4
strength,strength,1,https://drive.google.com/drive/folders/1U-Pr4r1-cupgNOOq9NH_uTsQnPSVEKco,data/_source/isl_dictionary/S/Strength.mp4,3360,ISLRTC,src=S/Strength.mp4
stress,stress,1,https://drive.google.com/drive/folders/1U-Pr4r1-cupgNOOq9NH_uTsQnPSVEKco,data/_source/isl_dictionary/S/Stress.mp4,4160,ISLRTC,src=S/Stress.mp4
stripes_streaks,stripes streaks,2,https://drive.google.com/drive/folders/1U-Pr4r1-cupgNOOq9NH_uTsQnPSVEKco,data/_source/isl_dictionary/S/Stripes_Streaks.mp4,22240,ISLRTC,src=S/Stripes_Streaks.mp4
strom,strom,1,https://drive.google.com/drive/folders/1U-Pr4r1-cupgNOOq9NH_uTsQnPSVEKco,data/_source/isl_dictionary/S/Strom.mp4,3583,ISLRTC,src=S/Strom.mp4
structure,structure,1,https://drive.google.com/drive/folders/1U-Pr4r1-cupgNOOq9NH_uTsQnPSVEKco,data/_source/isl_dictionary/S/Structure.mp4,3708,ISLRTC,src=S/Structure.mp4
stud_mating,stud mating,2,https://drive.google.com/drive/folders/1U-Pr4r1-cupgNOOq9NH_uTsQnPSVEKco,data/_source/isl_dictionary/S/Stud_Mating.mp4,27875,ISLRTC,src=S/Stud_Mating.mp4
student,student,1,https://drive.google.com/drive/folders/1U-Pr4r1-cupgNOOq9NH_uTsQnPSVEKco,data/_source/isl_dictionary/S/Student.mp4,2320,ISLRTC,src=S/Student.mp4
studio,studio,1,https://drive.google.com/drive/folders/1U-Pr4r1-cupgNOOq9NH_uTsQnPSVEKco,data/_source/isl_dictionary/S/Studio_(Video_Recording).mp4,4120,ISLRTC,src=S/Studio_(Video_Recording).mp4
study,study,1,https://drive.google.com/drive/folders/1U-Pr4r1-cupgNOOq9NH_uTsQnPSVEKco,data/_source/isl_dictionary/S/Study.mp4,3720,ISLRTC,src=S/Study.mp4
stunting_or_reduced_growth,stunting or reduced growth,4,https://drive.google.com/drive/folders/1U-Pr4r1-cupgNOOq9NH_uTsQnPSVEKco,data/_source/isl_dictionary/S/Stunting_or_Reduced_Growth.mp4,15120,ISLRTC,src=S/Stunting_or_Reduced_Growth.mp4
submerged_weeds,submerged weeds,2,https://drive.google.com/drive/folders/1U-Pr4r1-cupgNOOq9NH_uTsQnPSVEKco,data/_source/isl_dictionary/S/Submerged_Weeds.mp4,14375,ISLRTC,src=S/Submerged_Weeds.mp4
submersible_pump,submersible pump,2,https://drive.google.com/drive/folders/1U-Pr4r1-cupgNOOq9NH_uTsQnPSVEKco,data/_source/isl_dictionary/S/Submersible_Pump.mp4,13542,ISLRTC,src=S/Submersible_Pump.mp4
subsistence_farm,subsistence farm,2,https://drive.google.com/drive/folders/1U-Pr4r1-cupgNOOq9NH_uTsQnPSVEKco,data/_source/isl_dictionary/S/Subsistence_Farm.mp4,29958,ISLRTC,src=S/Subsistence_Farm.mp4
subsistence_farming,subsistence farming,2,https://drive.google.com/drive/folders/1U-Pr4r1-cupgNOOq9NH_uTsQnPSVEKco,data/_source/isl_dictionary/S/Subsistence_Farming.mp4,20042,ISLRTC,src=S/Subsistence_Farming.mp4
substance_use,substance use,2,https://drive.google.com/drive/folders/1U-Pr4r1-cupgNOOq9NH_uTsQnPSVEKco,data/_source/isl_dictionary/MHSL - 259/Substance_Use.mp4,21000,ISLRTC,src=MHSL - 259/Substance_Use.mp4
subsurface_irrigation,subsurface irrigation,2,https://drive.google.com/drive/folders/1U-Pr4r1-cupgNOOq9NH_uTsQnPSVEKco,data/_source/isl_dictionary/S/Sub-Surface_Irrigation.mp4,15583,ISLRTC,src=S/Sub-Surface_Irrigation.mp4
subtitles,subtitles,1,https://drive.google.com/drive/folders/1U-Pr4r1-cupgNOOq9NH_uTsQnPSVEKco,data/_source/isl_dictionary/S/Subtitles.mp4,3251,ISLRTC,src=S/Subtitles.mp4
subtraction,subtraction,1,https://drive.google.com/drive/folders/1U-Pr4r1-cupgNOOq9NH_uTsQnPSVEKco,data/_source/isl_dictionary/S/Subtraction.mp4,2688,ISLRTC,src=S/Subtraction.mp4
suburban,suburban,1,https://drive.google.com/drive/folders/1U-Pr4r1-cupgNOOq9NH_uTsQnPSVEKco,data/_source/isl_dictionary/New 2500 ISL Dictionary Videos/BCS/Suburban - English.mp4,17320,ISLRTC,src=New 2500 ISL Dictionary Videos/BCS/Suburban - English.mp4
success,success,1,https://drive.google.com/drive/folders/1U-Pr4r1-cupgNOOq9NH_uTsQnPSVEKco,data/_source/isl_dictionary/S/Success.mp4,3440,ISLRTC,src=S/Success.mp4
sugar_crops,sugar crops,2,https://drive.google.com/drive/folders/1U-Pr4r1-cupgNOOq9NH_uTsQnPSVEKco,data/_source/isl_dictionary/S/Sugar_Crops.mp4,23280,ISLRTC,src=S/Sugar_Crops.mp4
suggest,suggest,1,https://drive.google.com/drive/folders/1U-Pr4r1-cupgNOOq9NH_uTsQnPSVEKco,data/_source/isl_dictionary/S/Suggest.mp4,2960,ISLRTC,src=S/Suggest.mp4
summary,summary,1,https://drive.google.com/drive/folders/1U-Pr4r1-cupgNOOq9NH_uTsQnPSVEKco,data/_source/isl_dictionary/S/Summary.mp4,20833,ISLRTC,src=S/Summary.mp4
summer,summer,1,https://drive.google.com/drive/folders/1U-Pr4r1-cupgNOOq9NH_uTsQnPSVEKco,data/_source/isl_dictionary/S/Summer.mp4,4600,ISLRTC,src=S/Summer.mp4
summer_or_zaid_season_vegetable,summer or zaid season vegetable,5,https://drive.google.com/drive/folders/1U-Pr4r1-cupgNOOq9NH_uTsQnPSVEKco,data/_source/isl_dictionary/S/Summer_or_Zaid_Season_Vegetable.mp4,16760,ISLRTC,src=S/Summer_or_Zaid_Season_Vegetable.mp4
summer_season_annuals,summer season annuals,3,https://drive.google.com/drive/folders/1U-Pr4r1-cupgNOOq9NH_uTsQnPSVEKco,data/_source/isl_dictionary/S/Summer_Season_Annuals.mp4,24680,ISLRTC,src=S/Summer_Season_Annuals.mp4
sun,sun,1,https://drive.google.com/drive/folders/1U-Pr4r1-cupgNOOq9NH_uTsQnPSVEKco,data/_source/isl_dictionary/S/Sun.mp4,2840,ISLRTC,src=S/Sun.mp4
sunday,sunday,1,https://drive.google.com/drive/folders/1U-Pr4r1-cupgNOOq9NH_uTsQnPSVEKco,data/_source/isl_dictionary/S/Sunday.mp4,2760,ISLRTC,src=S/Sunday.mp4
superfluous_water,superfluous water,2,https://drive.google.com/drive/folders/1U-Pr4r1-cupgNOOq9NH_uTsQnPSVEKco,data/_source/isl_dictionary/S/Superfluous_Water.mp4,19440,ISLRTC,src=S/Superfluous_Water.mp4
support,support,1,https://drive.google.com/drive/folders/1U-Pr4r1-cupgNOOq9NH_uTsQnPSVEKco,data/_source/isl_dictionary/S/Support.mp4,4160,ISLRTC,src=S/Support.mp4
suquare_method,suquare method,2,https://drive.google.com/drive/folders/1U-Pr4r1-cupgNOOq9NH_uTsQnPSVEKco,data/_source/isl_dictionary/S/Suquare_Method.mp4,29640,ISLRTC,src=S/Suquare_Method.mp4
surat,surat,1,https://drive.google.com/drive/folders/1U-Pr4r1-cupgNOOq9NH_uTsQnPSVEKco,data/_source/isl_dictionary/S/Surat.mp4,3920,ISLRTC,src=S/Surat.mp4
surface_eroisn,surface eroisn,2,https://drive.google.com/drive/folders/1U-Pr4r1-cupgNOOq9NH_uTsQnPSVEKco,data/_source/isl_dictionary/S/Surface_Eroisn.mp4,9720,ISLRTC,src=S/Surface_Eroisn.mp4
surface_irrigation,surface irrigation,2,https://drive.google.com/drive/folders/1U-Pr4r1-cupgNOOq9NH_uTsQnPSVEKco,data/_source/isl_dictionary/S/Surface_Irrigation.mp4,17167,ISLRTC,src=S/Surface_Irrigation.mp4
surface_runoff,surface runoff,2,https://drive.google.com/drive/folders/1U-Pr4r1-cupgNOOq9NH_uTsQnPSVEKco,data/_source/isl_dictionary/S/Surface_Runoff.mp4,12440,ISLRTC,src=S/Surface_Runoff.mp4
surface_water,surface water,2,https://drive.google.com/drive/folders/1U-Pr4r1-cupgNOOq9NH_uTsQnPSVEKco,data/_source/isl_dictionary/S/Surface_Water.mp4,13542,ISLRTC,src=S/Surface_Water.mp4
surgery,surgery,1,https://drive.google.com/drive/folders/1U-Pr4r1-cupgNOOq9NH_uTsQnPSVEKco,data/_source/isl_dictionary/New 2500 ISL Dictionary Videos/ISLRTC 300/Surgery.mp4,3440,ISLRTC,src=New 2500 ISL Dictionary Videos/ISLRTC 300/Surgery.mp4
surrender,surrender,1,https://drive.google.com/drive/folders/1U-Pr4r1-cupgNOOq9NH_uTsQnPSVEKco,data/_source/isl_dictionary/S/Surrender (1).mp4,29675,ISLRTC,src=S/Surrender (1).mp4
suspicious,suspicious,1,https://drive.google.com/drive/folders/1U-Pr4r1-cupgNOOq9NH_uTsQnPSVEKco,data/_source/isl_dictionary/MHSL - 259/Suspicious.mp4,25045,ISLRTC,src=MHSL - 259/Suspicious.mp4
sustaining,sustaining,1,https://drive.google.com/drive/folders/1U-Pr4r1-cupgNOOq9NH_uTsQnPSVEKco,data/_source/isl_dictionary/S/Sustaining.mp4,3083,ISLRTC,src=S/Sustaining.mp4
swaps,swaps,1,https://drive.google.com/drive/folders/1U-Pr4r1-cupgNOOq9NH_uTsQnPSVEKco,data/_source/isl_dictionary/S/Swaps.mp4,26633,ISLRTC,src=S/Swaps.mp4
sweet,sweet,1,https://drive.google.com/drive/folders/1U-Pr4r1-cupgNOOq9NH_uTsQnPSVEKco,data/_source/isl_dictionary/S/Sweet_(Taste).mp4,3560,ISLRTC,src=S/Sweet_(Taste).mp4
swellings,swellings,1,https://drive.google.com/drive/folders/1U-Pr4r1-cupgNOOq9NH_uTsQnPSVEKco,data/_source/isl_dictionary/S/Swellings.mp4,16680,ISLRTC,src=S/Swellings.mp4
swine_farming,swine farming,2,https://drive.google.com/drive/folders/1U-Pr4r1-cupgNOOq9NH_uTsQnPSVEKco,data/_source/isl_dictionary/S/Swine_Farming.mp4,10042,ISLRTC,src=S/Swine_Farming.mp4
switch,switch,1,https://drive.google.com/drive/folders/1U-Pr4r1-cupgNOOq9NH_uTsQnPSVEKco,data/_source/isl_dictionary/S/Switch.mp4,3800,ISLRTC,src=S/Switch.mp4
swomp_or_exotic_buffalowa,swomp or exotic buffalowa,4,https://drive.google.com/drive/folders/1U-Pr4r1-cupgNOOq9NH_uTsQnPSVEKco,data/_source/isl_dictionary/S/Swomp_or_Exotic_Buffalowa.mp4,22083,ISLRTC,src=S/Swomp_or_Exotic_Buffalowa.mp4
symptoms,symptoms,1,https://drive.google.com/drive/folders/1U-Pr4r1-cupgNOOq9NH_uTsQnPSVEKco,data/_source/isl_dictionary/MHSL - 259/Symptoms.mp4,27520,ISLRTC,src=MHSL - 259/Symptoms.mp4
symptoms_of_nematode_diseases_of_plants,symptoms of nematode diseases of plants,6,https://drive.google.com/drive/folders/1U-Pr4r1-cupgNOOq9NH_uTsQnPSVEKco,data/_source/isl_dictionary/S/Symptoms_of_Nematode_Diseases_of_Plants.mp4,14160,ISLRTC,src=S/Symptoms_of_Nematode_Diseases_of_Plants.mp4
system,system,1,https://drive.google.com/drive/folders/1U-Pr4r1-cupgNOOq9NH_uTsQnPSVEKco,data/_source/isl_dictionary/S/System.mp4,3760,ISLRTC,src=S/System.mp4
system_of_feeding_poultry,system of feeding poultry,4,https://drive.google.com/drive/folders/1U-Pr4r1-cupgNOOq9NH_uTsQnPSVEKco,data/_source/isl_dictionary/S/System_of_Feeding_Poultry.mp4,12792,ISLRTC,src=S/System_of_Feeding_Poultry.mp4
systemic_disease,systemic disease,2,https://drive.google.com/drive/folders/1U-Pr4r1-cupgNOOq9NH_uTsQnPSVEKco,data/_source/isl_dictionary/S/Systemic_Disease.mp4,13600,ISLRTC,src=S/Systemic_Disease.mp4
systemic_insecticide,systemic insecticide,2,https://drive.google.com/drive/folders/1U-Pr4r1-cupgNOOq9NH_uTsQnPSVEKco,data/_source/isl_dictionary/S/Systemic_Insecticide.mp4,23840,ISLRTC,src=S/Systemic_Insecticide.mp4
tabernaemontana_coronaria,tabernaemontana coronaria,2,https://drive.google.com/drive/folders/1U-Pr4r1-cupgNOOq9NH_uTsQnPSVEKco,data/_source/isl_dictionary/T/Tabernaemontana_Coronaria.mp4,10760,ISLRTC,src=T/Tabernaemontana_Coronaria.mp4
table,table,1,https://drive.google.com/drive/folders/1U-Pr4r1-cupgNOOq9NH_uTsQnPSVEKco,data/_source/isl_dictionary/T/Table_Desk.mp4,3600,ISLRTC,alias of 'table desk': dictionary files both words under one sign
table_desk,table desk,2,https://drive.google.com/drive/folders/1U-Pr4r1-cupgNOOq9NH_uTsQnPSVEKco,data/_source/isl_dictionary/T/Table_Desk.mp4,3600,ISLRTC,src=T/Table_Desk.mp4
tadka_chaunk_tempering,tadka chaunk tempering,3,https://drive.google.com/drive/folders/1U-Pr4r1-cupgNOOq9NH_uTsQnPSVEKco,data/_source/isl_dictionary/T/Tadka_Chaunk_Tempering.mp4,15542,ISLRTC,src=T/Tadka_Chaunk_Tempering.mp4
tadpole,tadpole,1,https://drive.google.com/drive/folders/1U-Pr4r1-cupgNOOq9NH_uTsQnPSVEKco,data/_source/isl_dictionary/T/Tadpole.mp4,4125,ISLRTC,src=T/Tadpole.mp4
tagetus,tagetus,1,https://drive.google.com/drive/folders/1U-Pr4r1-cupgNOOq9NH_uTsQnPSVEKco,data/_source/isl_dictionary/T/Tagetus.mp4,10200,ISLRTC,src=T/Tagetus.mp4
tagging_method,tagging method,2,https://drive.google.com/drive/folders/1U-Pr4r1-cupgNOOq9NH_uTsQnPSVEKco,data/_source/isl_dictionary/T/Tagging_Method.mp4,19208,ISLRTC,src=T/Tagging_Method.mp4
taillights,taillights,1,https://drive.google.com/drive/folders/1U-Pr4r1-cupgNOOq9NH_uTsQnPSVEKco,data/_source/isl_dictionary/T/Taillights.mp4,5792,ISLRTC,src=T/Taillights.mp4
tailor,tailor,1,https://drive.google.com/drive/folders/1U-Pr4r1-cupgNOOq9NH_uTsQnPSVEKco,data/_source/isl_dictionary/T/Tailor.mp4,4320,ISLRTC,src=T/Tailor.mp4
take,take,1,https://drive.google.com/drive/folders/1U-Pr4r1-cupgNOOq9NH_uTsQnPSVEKco,data/_source/isl_dictionary/T/Take.mp4,3240,ISLRTC,src=T/Take.mp4
take_a_long_time_at_something_take_hours_at_something,take a long time at something take hours at something,10,https://drive.google.com/drive/folders/1U-Pr4r1-cupgNOOq9NH_uTsQnPSVEKco,data/_source/isl_dictionary/T/Take_a_Long_Time_at_Something_Take_Hours_at_Something.mp4,4040,ISLRTC,src=T/Take_a_Long_Time_at_Something_Take_Hours_at_Something.mp4
take_off,take off,2,https://drive.google.com/drive/folders/1U-Pr4r1-cupgNOOq9NH_uTsQnPSVEKco,data/_source/isl_dictionary/T/Take_Off_(Plane_Etc).mp4,12440,ISLRTC,src=T/Take_Off_(Plane_Etc).mp4; 2 other variant(s)
talk,talk,1,https://drive.google.com/drive/folders/1U-Pr4r1-cupgNOOq9NH_uTsQnPSVEKco,data/_source/isl_dictionary/T/Talk_Chat.mp4,3880,ISLRTC,alias of 'talk chat': dictionary files both words under one sign
talk_chat,talk chat,2,https://drive.google.com/drive/folders/1U-Pr4r1-cupgNOOq9NH_uTsQnPSVEKco,data/_source/isl_dictionary/T/Talk_Chat.mp4,3880,ISLRTC,src=T/Talk_Chat.mp4
tall_ornamental_hedges,tall ornamental hedges,3,https://drive.google.com/drive/folders/1U-Pr4r1-cupgNOOq9NH_uTsQnPSVEKco,data/_source/isl_dictionary/T/Tall_Ornamental_Hedges.mp4,12480,ISLRTC,src=T/Tall_Ornamental_Hedges.mp4
tall_protective_hedges,tall protective hedges,3,https://drive.google.com/drive/folders/1U-Pr4r1-cupgNOOq9NH_uTsQnPSVEKco,data/_source/isl_dictionary/T/Tall_Protective_Hedges.mp4,12480,ISLRTC,src=T/Tall_Protective_Hedges.mp4
tall_shrubs,tall shrubs,2,https://drive.google.com/drive/folders/1U-Pr4r1-cupgNOOq9NH_uTsQnPSVEKco,data/_source/isl_dictionary/T/Tall_Shrubs.mp4,5920,ISLRTC,src=T/Tall_Shrubs.mp4
tally,tally,1,https://drive.google.com/drive/folders/1U-Pr4r1-cupgNOOq9NH_uTsQnPSVEKco,data/_source/isl_dictionary/T/Tally.mp4,7200,ISLRTC,src=T/Tally.mp4
tally_sheet,tally sheet,2,https://drive.google.com/drive/folders/1U-Pr4r1-cupgNOOq9NH_uTsQnPSVEKco,data/_source/isl_dictionary/T/Tally_Sheet.mp4,21417,ISLRTC,src=T/Tally_Sheet.mp4
tamarix_gallica,tamarix gallica,2,https://drive.google.com/drive/folders/1U-Pr4r1-cupgNOOq9NH_uTsQnPSVEKco,data/_source/isl_dictionary/T/Tamarix_Gallica.mp4,12480,ISLRTC,src=T/Tamarix_Gallica.mp4
tambourine,tambourine,1,https://drive.google.com/drive/folders/1U-Pr4r1-cupgNOOq9NH_uTsQnPSVEKco,data/_source/isl_dictionary/T/Tambourine.mp4,5750,ISLRTC,src=T/Tambourine.mp4
tamil,tamil,1,https://drive.google.com/drive/folders/1U-Pr4r1-cupgNOOq9NH_uTsQnPSVEKco,data/_source/isl_dictionary/T/Tamil.mp4,3840,ISLRTC,src=T/Tamil.mp4; 1 other variant(s)
tamil_nadu,tamil nadu,2,https://drive.google.com/drive/folders/1U-Pr4r1-cupgNOOq9NH_uTsQnPSVEKco,data/_source/isl_dictionary/T/Tamil_Nadu.mp4,3800,ISLRTC,src=T/Tamil_Nadu.mp4
tantrums,tantrums,1,https://drive.google.com/drive/folders/1U-Pr4r1-cupgNOOq9NH_uTsQnPSVEKco,data/_source/isl_dictionary/MHSL - 259/Tantrums.mp4,23253,ISLRTC,src=MHSL - 259/Tantrums.mp4
taoism,taoism,1,https://drive.google.com/drive/folders/1U-Pr4r1-cupgNOOq9NH_uTsQnPSVEKco,data/_source/isl_dictionary/New 2500 ISL Dictionary Videos/BCS/Taoism - English.mp4,28480,ISLRTC,src=New 2500 ISL Dictionary Videos/BCS/Taoism - English.mp4
tap,tap,1,https://drive.google.com/drive/folders/1U-Pr4r1-cupgNOOq9NH_uTsQnPSVEKco,data/_source/isl_dictionary/T/Tap_(Sign_2).mp4,3458,ISLRTC,src=T/Tap_(Sign_2).mp4
tape,tape,1,https://drive.google.com/drive/folders/1U-Pr4r1-cupgNOOq9NH_uTsQnPSVEKco,data/_source/isl_dictionary/T/Tape.mp4,3240,ISLRTC,src=T/Tape.mp4
taste,taste,1,https://drive.google.com/drive/folders/1U-Pr4r1-cupgNOOq9NH_uTsQnPSVEKco,data/_source/isl_dictionary/T/Taste_(Sign_2).mp4,13000,ISLRTC,src=T/Taste_(Sign_2).mp4
tatooing_method,tatooing method,2,https://drive.google.com/drive/folders/1U-Pr4r1-cupgNOOq9NH_uTsQnPSVEKco,data/_source/isl_dictionary/T/Tatooing_Method.mp4,15333,ISLRTC,src=T/Tatooing_Method.mp4
tawa,tawa,1,https://drive.google.com/drive/folders/1U-Pr4r1-cupgNOOq9NH_uTsQnPSVEKco,data/_source/isl_dictionary/T/Tawa.mp4,5208,ISLRTC,src=T/Tawa.mp4
tax,tax,1,https://drive.google.com/drive/folders/1U-Pr4r1-cupgNOOq9NH_uTsQnPSVEKco,data/_source/isl_dictionary/T/Tax.mp4,4083,ISLRTC,src=T/Tax.mp4
tax_saving_bond,tax saving bond,3,https://drive.google.com/drive/folders/1U-Pr4r1-cupgNOOq9NH_uTsQnPSVEKco,data/_source/isl_dictionary/T/Tax_Saving_Bond.mp4,29791,ISLRTC,src=T/Tax_Saving_Bond.mp4
taxable,taxable,1,https://drive.google.com/drive/folders/1U-Pr4r1-cupgNOOq9NH_uTsQnPSVEKco,data/_source/isl_dictionary/T/Taxable.mp4,23545,ISLRTC,src=T/Taxable.mp4
tc,tc,1,https://drive.google.com/drive/folders/1U-Pr4r1-cupgNOOq9NH_uTsQnPSVEKco,data/_source/isl_dictionary/T/TC_(Total_Communication).mp4,4360,ISLRTC,src=T/TC_(Total_Communication).mp4
tds,tds,1,https://drive.google.com/drive/folders/1U-Pr4r1-cupgNOOq9NH_uTsQnPSVEKco,data/_source/isl_dictionary/T/TDS.m4v,28720,ISLRTC,src=T/TDS.m4v
tea,tea,1,https://drive.google.com/drive/folders/1U-Pr4r1-cupgNOOq9NH_uTsQnPSVEKco,data/_source/isl_dictionary/T/Tea.mp4,5520,ISLRTC,src=T/Tea.mp4
tea_plantations,tea plantations,2,https://drive.google.com/drive/folders/1U-Pr4r1-cupgNOOq9NH_uTsQnPSVEKco,data/_source/isl_dictionary/T/Tea_Plantations.mp4,28583,ISLRTC,src=T/Tea_Plantations.mp4
tea_strainer,tea strainer,2,https://drive.google.com/drive/folders/1U-Pr4r1-cupgNOOq9NH_uTsQnPSVEKco,data/_source/isl_dictionary/T/Tea_Strainer.mp4,5250,ISLRTC,src=T/Tea_Strainer.mp4
teach,teach,1,https://drive.google.com/drive/folders/1U-Pr4r1-cupgNOOq9NH_uTsQnPSVEKco,data/_source/isl_dictionary/T/Teach.mp4,2920,ISLRTC,src=T/Teach.mp4
teacher,teacher,1,https://drive.google.com/drive/folders/1U-Pr4r1-cupgNOOq9NH_uTsQnPSVEKco,data/_source/isl_dictionary/T/Teacher.mp4,4320,ISLRTC,src=T/Teacher.mp4
teacher_education_institution,teacher education institution,3,https://drive.google.com/drive/folders/1U-Pr4r1-cupgNOOq9NH_uTsQnPSVEKco,data/_source/isl_dictionary/T/Teacher_Education_Institution_(TEI).mp4,4792,ISLRTC,src=T/Teacher_Education_Institution_(TEI).mp4
teacher_eligibility_test,teacher eligibility test,3,https://drive.google.com/drive/folders/1U-Pr4r1-cupgNOOq9NH_uTsQnPSVEKco,data/_source/isl_dictionary/T/Teacher_Eligibility_Test_(TET).mp4,10958,ISLRTC,src=T/Teacher_Eligibility_Test_(TET).mp4
team,team,1,https://drive.google.com/drive/folders/1U-Pr4r1-cupgNOOq9NH_uTsQnPSVEKco,data/_source/isl_dictionary/T/Team.mp4,2960,ISLRTC,src=T/Team.mp4
tear,tear,1,https://drive.google.com/drive/folders/1U-Pr4r1-cupgNOOq9NH_uTsQnPSVEKco,data/_source/isl_dictionary/T/Tear.mp4,13880,ISLRTC,src=T/Tear.mp4
teaser_bull,teaser bull,2,https://drive.google.com/drive/folders/1U-Pr4r1-cupgNOOq9NH_uTsQnPSVEKco,data/_source/isl_dictionary/T/Teaser_Bull.mp4,13958,ISLRTC,src=T/Teaser_Bull.mp4
technology,technology,1,https://drive.google.com/drive/folders/1U-Pr4r1-cupgNOOq9NH_uTsQnPSVEKco,data/_source/isl_dictionary/T/Technology.mp4,3600,ISLRTC,src=T/Technology.mp4
tecoma_stans,tecoma stans,2,https://drive.google.com/drive/folders/1U-Pr4r1-cupgNOOq9NH_uTsQnPSVEKco,data/_source/isl_dictionary/T/Tecoma_Stans.mp4,10400,ISLRTC,src=T/Tecoma_Stans.mp4
telangana,telangana,1,https://drive.google.com/drive/folders/1U-Pr4r1-cupgNOOq9NH_uTsQnPSVEKco,data/_source/isl_dictionary/T/Telangana.mp4,4200,ISLRTC,src=T/Telangana.mp4; 1 other variant(s)
tele_counselling,tele counselling,2,https://drive.google.com/drive/folders/1U-Pr4r1-cupgNOOq9NH_uTsQnPSVEKco,data/_source/isl_dictionary/MHSL - 259/Tele_-_counselling.mp4,22485,ISLRTC,src=MHSL - 259/Tele_-_counselling.mp4
television,television,1,https://drive.google.com/drive/folders/1U-Pr4r1-cupgNOOq9NH_uTsQnPSVEKco,data/_source/isl_dictionary/T/Television.mp4,3600,ISLRTC,src=T/Television.mp4
telugu,telugu,1,https://drive.google.com/drive/folders/1U-Pr4r1-cupgNOOq9NH_uTsQnPSVEKco,data/_source/isl_dictionary/T/Telugu.mp4,2400,ISLRTC,src=T/Telugu.mp4
temperate_fruits,temperate fruits,2,https://drive.google.com/drive/folders/1U-Pr4r1-cupgNOOq9NH_uTsQnPSVEKco,data/_source/isl_dictionary/T/Temperate_Fruits.mp4,11960,ISLRTC,src=T/Temperate_Fruits.mp4
temperate_grassland,temperate grassland,2,https://drive.google.com/drive/folders/1U-Pr4r1-cupgNOOq9NH_uTsQnPSVEKco,data/_source/isl_dictionary/T/Temperate_Grassland.mp4,23280,ISLRTC,src=T/Temperate_Grassland.mp4
temperature,temperature,1,https://drive.google.com/drive/folders/1U-Pr4r1-cupgNOOq9NH_uTsQnPSVEKco,data/_source/isl_dictionary/T/Temperature.mp4,6080,ISLRTC,src=T/Temperature.mp4
temporary_preservation,temporary preservation,2,https://drive.google.com/drive/folders/1U-Pr4r1-cupgNOOq9NH_uTsQnPSVEKco,data/_source/isl_dictionary/T/Temporary_Preservation.mp4,15280,ISLRTC,src=T/Temporary_Preservation.mp4
ten,ten,1,https://drive.google.com/drive/folders/1U-Pr4r1-cupgNOOq9NH_uTsQnPSVEKco,data/_source/isl_dictionary/Numbers/10_Ten.mp4,3000,ISLRTC,src=Numbers/10_Ten.mp4
ten_thousand,ten thousand,2,https://drive.google.com/drive/folders/1U-Pr4r1-cupgNOOq9NH_uTsQnPSVEKco,data/_source/isl_dictionary/Numbers/10000_Ten_Thousand.mp4,5640,ISLRTC,src=Numbers/10000_Ten_Thousand.mp4
tennis,tennis,1,https://drive.google.com/drive/folders/1U-Pr4r1-cupgNOOq9NH_uTsQnPSVEKco,data/_source/isl_dictionary/T/Tennis.mp4,4800,ISLRTC,src=T/Tennis.mp4
tent,tent,1,https://drive.google.com/drive/folders/1U-Pr4r1-cupgNOOq9NH_uTsQnPSVEKco,data/_source/isl_dictionary/T/Tent_(Wedding).mp4,6880,ISLRTC,src=T/Tent_(Wedding).mp4
termite_resistant,termite resistant,2,https://drive.google.com/drive/folders/1U-Pr4r1-cupgNOOq9NH_uTsQnPSVEKco,data/_source/isl_dictionary/T/Termite_Resistant.mp4,25667,ISLRTC,src=T/Termite_Resistant.mp4
terrain,terrain,1,https://drive.google.com/drive/folders/1U-Pr4r1-cupgNOOq9NH_uTsQnPSVEKco,data/_source/isl_dictionary/T/Terrain.mp4,22083,ISLRTC,src=T/Terrain.mp4
terrestrial_weeds,terrestrial weeds,2,https://drive.google.com/drive/folders/1U-Pr4r1-cupgNOOq9NH_uTsQnPSVEKco,data/_source/isl_dictionary/T/Terrestrial_Weeds.mp4,22680,ISLRTC,src=T/Terrestrial_Weeds.mp4
test,test,1,https://drive.google.com/drive/folders/1U-Pr4r1-cupgNOOq9NH_uTsQnPSVEKco,data/_source/isl_dictionary/T/Test_(Indore).mp4,4017,ISLRTC,src=T/Test_(Indore).mp4
test_cricket,test cricket,2,https://drive.google.com/drive/folders/1U-Pr4r1-cupgNOOq9NH_uTsQnPSVEKco,data/_source/isl_dictionary/T/Test_Cricket.mp4,3880,ISLRTC,src=T/Test_Cricket.mp4
test_tube,test tube,2,https://drive.google.com/drive/folders/1U-Pr4r1-cupgNOOq9NH_uTsQnPSVEKco,data/_source/isl_dictionary/T/Test_Tube_(Chemistry_Lab).mp4,15875,ISLRTC,src=T/Test_Tube_(Chemistry_Lab).mp4
testify,testify,1,https://drive.google.com/drive/folders/1U-Pr4r1-cupgNOOq9NH_uTsQnPSVEKco,data/_source/isl_dictionary/T/Testify.m4v,13640,ISLRTC,src=T/Testify.m4v
text_wrapping,text wrapping,2,https://drive.google.com/drive/folders/1U-Pr4r1-cupgNOOq9NH_uTsQnPSVEKco,data/_source/isl_dictionary/T/Text_Wrapping.mp4,29500,ISLRTC,src=T/Text_Wrapping.mp4
thank_you,thank you,2,https://drive.google.com/drive/folders/1U-Pr4r1-cupgNOOq9NH_uTsQnPSVEKco,data/_source/isl_dictionary/T/Thank_You.mp4,2680,ISLRTC,src=T/Thank_You.mp4
thanks,thanks,1,https://drive.google.com/drive/folders/1U-Pr4r1-cupgNOOq9NH_uTsQnPSVEKco,data/_source/isl_dictionary/T/Thank_You.mp4,2680,ISLRTC,alias of 'thank you': informal form of the same expression
that,that,1,https://drive.google.com/drive/folders/1U-Pr4r1-cupgNOOq9NH_uTsQnPSVEKco,data/_source/isl_dictionary/T/That.mp4,4800,ISLRTC,src=T/That.mp4
the_best_of_both_worlds,the best of both worlds,5,https://drive.google.com/drive/folders/1U-Pr4r1-cupgNOOq9NH_uTsQnPSVEKco,data/_source/isl_dictionary/T/The_Best_of_Both_Worlds.mp4,22640,ISLRTC,src=T/The_Best_of_Both_Worlds.mp4
theatre,theatre,1,https://drive.google.com/drive/folders/1U-Pr4r1-cupgNOOq9NH_uTsQnPSVEKco,data/_source/isl_dictionary/T/Theatre.mp4,7680,ISLRTC,src=T/Theatre.mp4
theme,theme,1,https://drive.google.com/drive/folders/1U-Pr4r1-cupgNOOq9NH_uTsQnPSVEKco,data/_source/isl_dictionary/New 2500 ISL Dictionary Videos/Yunikee 2/English/Theme.mp4,19840,ISLRTC,src=New 2500 ISL Dictionary Videos/Yunikee 2/English/Theme.mp4
themselves,themselves,1,https://drive.google.com/drive/folders/1U-Pr4r1-cupgNOOq9NH_uTsQnPSVEKco,data/_source/isl_dictionary/T/Themselves.mp4,4520,ISLRTC,src=T/Themselves.mp4
theoretical_field_capacity,theoretical field capacity,3,https://drive.google.com/drive/folders/1U-Pr4r1-cupgNOOq9NH_uTsQnPSVEKco,data/_source/isl_dictionary/T/Theoretical_Field_Capacity.mp4,27792,ISLRTC,src=T/Theoretical_Field_Capacity.mp4
theory,theory,1,https://drive.google.com/drive/folders/1U-Pr4r1-cupgNOOq9NH_uTsQnPSVEKco,data/_source/isl_dictionary/T/Theory.mp4,5875,ISLRTC,src=T/Theory.mp4
there,there,1,https://drive.google.com/drive/folders/1U-Pr4r1-cupgNOOq9NH_uTsQnPSVEKco,data/_source/isl_dictionary/T/There.mp4,2760,ISLRTC,src=T/There.mp4
thermometer,thermometer,1,https://drive.google.com/drive/folders/1U-Pr4r1-cupgNOOq9NH_uTsQnPSVEKco,data/_source/isl_dictionary/T/Thermometer.mp4,13833,ISLRTC,src=T/Thermometer.mp4
thevetia_neriefolia,thevetia neriefolia,2,https://drive.google.com/drive/folders/1U-Pr4r1-cupgNOOq9NH_uTsQnPSVEKco,data/_source/isl_dictionary/T/Thevetia_Neriefolia.mp4,12920,ISLRTC,src=T/Thevetia_Neriefolia.mp4
they,they,1,https://drive.google.com/drive/folders/1U-Pr4r1-cupgNOOq9NH_uTsQnPSVEKco,data/_source/isl_dictionary/T/They.mp4,3280,ISLRTC,src=T/They.mp4
thin_skinny,thin skinny,2,https://drive.google.com/drive/folders/1U-Pr4r1-cupgNOOq9NH_uTsQnPSVEKco,data/_source/isl_dictionary/T/Thin_Skinny.mp4,3920,ISLRTC,src=T/Thin_Skinny.mp4
things,things,1,https://drive.google.com/drive/folders/1U-Pr4r1-cupgNOOq9NH_uTsQnPSVEKco,data/_source/isl_dictionary/T/Things.mp4,2960,ISLRTC,src=T/Things.mp4
think,think,1,https://drive.google.com/drive/folders/1U-Pr4r1-cupgNOOq9NH_uTsQnPSVEKco,data/_source/isl_dictionary/T/Think_Contemplate_Ponder.mp4,3400,ISLRTC,alias of 'think contemplate ponder': dictionary files three synonyms under one sign
think_contemplate_ponder,think contemplate ponder,3,https://drive.google.com/drive/folders/1U-Pr4r1-cupgNOOq9NH_uTsQnPSVEKco,data/_source/isl_dictionary/T/Think_Contemplate_Ponder.mp4,3400,ISLRTC,src=T/Think_Contemplate_Ponder.mp4
third,third,1,https://drive.google.com/drive/folders/1U-Pr4r1-cupgNOOq9NH_uTsQnPSVEKco,data/_source/isl_dictionary/T/Third.mp4,4560,ISLRTC,src=T/Third.mp4
thirsty,thirsty,1,https://drive.google.com/drive/folders/1U-Pr4r1-cupgNOOq9NH_uTsQnPSVEKco,data/_source/isl_dictionary/T/Thirsty.mp4,3400,ISLRTC,src=T/Thirsty.mp4
thirteen,thirteen,1,https://drive.google.com/drive/folders/1U-Pr4r1-cupgNOOq9NH_uTsQnPSVEKco,data/_source/isl_dictionary/Numbers/13_Thirteen.mp4,3360,ISLRTC,src=Numbers/13_Thirteen.mp4
thirty,thirty,1,https://drive.google.com/drive/folders/1U-Pr4r1-cupgNOOq9NH_uTsQnPSVEKco,data/_source/isl_dictionary/Numbers/30_Thirty.mp4,4840,ISLRTC,src=Numbers/30_Thirty.mp4
thiruvananthapuram,thiruvananthapuram,1,https://drive.google.com/drive/folders/1U-Pr4r1-cupgNOOq9NH_uTsQnPSVEKco,data/_source/isl_dictionary/T/Thiruvananthapuram_(Trivandrum).mp4,3080,ISLRTC,src=T/Thiruvananthapuram_(Trivandrum).mp4
this,this,1,https://drive.google.com/drive/folders/1U-Pr4r1-cupgNOOq9NH_uTsQnPSVEKco,data/_source/isl_dictionary/T/This.mp4,3040,ISLRTC,src=T/This.mp4
thoughts,thoughts,1,https://drive.google.com/drive/folders/1U-Pr4r1-cupgNOOq9NH_uTsQnPSVEKco,data/_source/isl_dictionary/MHSL - 259/Thoughts.mp4,15808,ISLRTC,src=MHSL - 259/Thoughts.mp4
thousand,thousand,1,https://drive.google.com/drive/folders/1U-Pr4r1-cupgNOOq9NH_uTsQnPSVEKco,data/_source/isl_dictionary/Numbers/1000_Thousand.mp4,4680,ISLRTC,src=Numbers/1000_Thousand.mp4
thread,thread,1,https://drive.google.com/drive/folders/1U-Pr4r1-cupgNOOq9NH_uTsQnPSVEKco,data/_source/isl_dictionary/T/Thread.mp4,7480,ISLRTC,src=T/Thread.mp4
threat,threat,1,https://drive.google.com/drive/folders/1U-Pr4r1-cupgNOOq9NH_uTsQnPSVEKco,data/_source/isl_dictionary/New 2500 ISL Dictionary Videos/BCS/Threat - English.mp4,16240,ISLRTC,src=New 2500 ISL Dictionary Videos/BCS/Threat - English.mp4
three,three,1,https://drive.google.com/drive/folders/1U-Pr4r1-cupgNOOq9NH_uTsQnPSVEKco,data/_source/isl_dictionary/Numbers/3_Three.mp4,3600,ISLRTC,src=Numbers/3_Three.mp4
thrill,thrill,1,https://drive.google.com/drive/folders/1U-Pr4r1-cupgNOOq9NH_uTsQnPSVEKco,data/_source/isl_dictionary/T/Thrill.mp4,22600,ISLRTC,src=T/Thrill.mp4
thursday,thursday,1,https://drive.google.com/drive/folders/1U-Pr4r1-cupgNOOq9NH_uTsQnPSVEKco,data/_source/isl_dictionary/T/Thursday.mp4,2920,ISLRTC,src=T/Thursday.mp4
tick_fever,tick fever,2,https://drive.google.com/drive/folders/1U-Pr4r1-cupgNOOq9NH_uTsQnPSVEKco,data/_source/isl_dictionary/T/Tick_Fever.mp4,25708,ISLRTC,src=T/Tick_Fever.mp4
ticket,ticket,1,https://drive.google.com/drive/folders/1U-Pr4r1-cupgNOOq9NH_uTsQnPSVEKco,data/_source/isl_dictionary/T/Ticket.mp4,4800,ISLRTC,src=T/Ticket.mp4
tidal,tidal,1,https://drive.google.com/drive/folders/1U-Pr4r1-cupgNOOq9NH_uTsQnPSVEKco,data/_source/isl_dictionary/T/Tidal.mp4,4667,ISLRTC,src=T/Tidal.mp4
tidy,tidy,1,https://drive.google.com/drive/folders/1U-Pr4r1-cupgNOOq9NH_uTsQnPSVEKco,data/_source/isl_dictionary/C/Clean_Tidy.mp4,4800,ISLRTC,alias of 'clean tidy': dictionary files both words under one sign
tight_hug_tight_embrace,tight hug tight embrace,4,https://drive.google.com/drive/folders/1U-Pr4r1-cupgNOOq9NH_uTsQnPSVEKco,data/_source/isl_dictionary/T/Tight_Hug_Tight_Embrace.mp4,4583,ISLRTC,src=T/Tight_Hug_Tight_Embrace.mp4
tight_tracking,tight tracking,2,https://drive.google.com/drive/folders/1U-Pr4r1-cupgNOOq9NH_uTsQnPSVEKco,data/_source/isl_dictionary/T/Tight_Tracking.mp4,12375,ISLRTC,src=T/Tight_Tracking.mp4
tightfitting,tightfitting,1,https://drive.google.com/drive/folders/1U-Pr4r1-cupgNOOq9NH_uTsQnPSVEKco,data/_source/isl_dictionary/T/Tight-Fitting_(Clothes).mp4,4458,ISLRTC,src=T/Tight-Fitting_(Clothes).mp4
tilts,tilts,1,https://drive.google.com/drive/folders/1U-Pr4r1-cupgNOOq9NH_uTsQnPSVEKco,data/_source/isl_dictionary/T/Tilts.mp4,11250,ISLRTC,src=T/Tilts.mp4
time,time,1,https://drive.google.com/drive/folders/1U-Pr4r1-cupgNOOq9NH_uTsQnPSVEKco,data/_source/isl_dictionary/T/Time.mp4,2960,ISLRTC,src=T/Time.mp4
tinted_glass,tinted glass,2,https://drive.google.com/drive/folders/1U-Pr4r1-cupgNOOq9NH_uTsQnPSVEKco,data/_source/isl_dictionary/T/Tinted_Glass.mp4,24792,ISLRTC,src=T/Tinted_Glass.mp4
tip_layering,tip layering,2,https://drive.google.com/drive/folders/1U-Pr4r1-cupgNOOq9NH_uTsQnPSVEKco,data/_source/isl_dictionary/T/Tip_Layering.mp4,27560,ISLRTC,src=T/Tip_Layering.mp4
tired,tired,1,https://drive.google.com/drive/folders/1U-Pr4r1-cupgNOOq9NH_uTsQnPSVEKco,data/_source/isl_dictionary/T/Tired_Exhausted_Fatigued.mp4,4080,ISLRTC,alias of 'tired exhausted fatigued': dictionary files three synonyms under one sign
tired_exhausted_fatigued,tired exhausted fatigued,3,https://drive.google.com/drive/folders/1U-Pr4r1-cupgNOOq9NH_uTsQnPSVEKco,data/_source/isl_dictionary/T/Tired_Exhausted_Fatigued.mp4,4080,ISLRTC,src=T/Tired_Exhausted_Fatigued.mp4
to_consumers,to consumers,2,https://drive.google.com/drive/folders/1U-Pr4r1-cupgNOOq9NH_uTsQnPSVEKco,data/_source/isl_dictionary/T/To_Consumers.mp4,6520,ISLRTC,src=T/To_Consumers.mp4
to_retailers,to retailers,2,https://drive.google.com/drive/folders/1U-Pr4r1-cupgNOOq9NH_uTsQnPSVEKco,data/_source/isl_dictionary/T/To_Retailers.mp4,11600,ISLRTC,src=T/To_Retailers.mp4
today,today,1,https://drive.google.com/drive/folders/1U-Pr4r1-cupgNOOq9NH_uTsQnPSVEKco,data/_source/isl_dictionary/T/Today.mp4,2480,ISLRTC,src=T/Today.mp4
toddler_age,toddler age,2,https://drive.google.com/drive/folders/1U-Pr4r1-cupgNOOq9NH_uTsQnPSVEKco,data/_source/isl_dictionary/T/Toddler_Age.mp4,19680,ISLRTC,src=T/Toddler_Age.mp4
toenail,toenail,1,https://drive.google.com/drive/folders/1U-Pr4r1-cupgNOOq9NH_uTsQnPSVEKco,data/_source/isl_dictionary/T/Toenail.mp4,5360,ISLRTC,src=T/Toenail.mp4
together,together,1,https://drive.google.com/drive/folders/1U-Pr4r1-cupgNOOq9NH_uTsQnPSVEKco,data/_source/isl_dictionary/T/Together.mp4,3800,ISLRTC,src=T/Together.mp4
together_collectively_jointly,together collectively jointly,3,https://drive.google.com/drive/folders/1U-Pr4r1-cupgNOOq9NH_uTsQnPSVEKco,data/_source/isl_dictionary/T/Together_Collectively_Jointly.mp4,3960,ISLRTC,src=T/Together_Collectively_Jointly.mp4
toilet_brush,toilet brush,2,https://drive.google.com/drive/folders/1U-Pr4r1-cupgNOOq9NH_uTsQnPSVEKco,data/_source/isl_dictionary/T/Toilet_Brush.mp4,5208,ISLRTC,src=T/Toilet_Brush.mp4
toilet_cleaner_toilet_bowl_cleaner,toilet cleaner toilet bowl cleaner,5,https://drive.google.com/drive/folders/1U-Pr4r1-cupgNOOq9NH_uTsQnPSVEKco,data/_source/isl_dictionary/T/Toilet_Cleaner_Toilet_Bowl_Cleaner.mp4,7083,ISLRTC,src=T/Toilet_Cleaner_Toilet_Bowl_Cleaner.mp4
toilet_tissue_toilet_paper_roll_tissue_roll,toilet tissue toilet paper roll tissue roll,7,https://drive.google.com/drive/folders/1U-Pr4r1-cupgNOOq9NH_uTsQnPSVEKco,data/_source/isl_dictionary/T/Toilet_Tissue_Toilet_Paper_Roll_Tissue_Roll.mp4,3500,ISLRTC,src=T/Toilet_Tissue_Toilet_Paper_Roll_Tissue_Roll.mp4
toll_toll_road_toll_booth,toll toll road toll booth,5,https://drive.google.com/drive/folders/1U-Pr4r1-cupgNOOq9NH_uTsQnPSVEKco,data/_source/isl_dictionary/T/Toll_Toll_Road_Toll_Booth.mp4,21560,ISLRTC,src=T/Toll_Toll_Road_Toll_Booth.mp4
tom_and_jerry,tom and jerry,3,https://drive.google.com/drive/folders/1U-Pr4r1-cupgNOOq9NH_uTsQnPSVEKco,data/_source/isl_dictionary/T/Tom_and_Jerry.mp4,6167,ISLRTC,src=T/Tom_and_Jerry.mp4
tomorrow,tomorrow,1,https://drive.google.com/drive/folders/1U-Pr4r1-cupgNOOq9NH_uTsQnPSVEKco,data/_source/isl_dictionary/T/Tomorrow.mp4,2520,ISLRTC,src=T/Tomorrow.mp4
tongue_cleaner_tongue_scraper,tongue cleaner tongue scraper,4,https://drive.google.com/drive/folders/1U-Pr4r1-cupgNOOq9NH_uTsQnPSVEKco,data/_source/isl_dictionary/T/Tongue_Cleaner_Tongue_Scraper.mp4,4240,ISLRTC,src=T/Tongue_Cleaner_Tongue_Scraper.mp4
tongue_layering,tongue layering,2,https://drive.google.com/drive/folders/1U-Pr4r1-cupgNOOq9NH_uTsQnPSVEKco,data/_source/isl_dictionary/T/Tongue_Layering.mp4,29640,ISLRTC,src=T/Tongue_Layering.mp4
tool,tool,1,https://drive.google.com/drive/folders/1U-Pr4r1-cupgNOOq9NH_uTsQnPSVEKco,data/_source/isl_dictionary/T/Tool.mp4,4800,ISLRTC,src=T/Tool.mp4
top,top,1,https://drive.google.com/drive/folders/1U-Pr4r1-cupgNOOq9NH_uTsQnPSVEKco,data/_source/isl_dictionary/T/Top.mp4,3240,ISLRTC,src=T/Top.mp4
topography,topography,1,https://drive.google.com/drive/folders/1U-Pr4r1-cupgNOOq9NH_uTsQnPSVEKco,data/_source/isl_dictionary/T/Topography.mp4,5200,ISLRTC,src=T/Topography.mp4
tops_studs,tops studs,2,https://drive.google.com/drive/folders/1U-Pr4r1-cupgNOOq9NH_uTsQnPSVEKco,data/_source/isl_dictionary/T/Tops_Studs_(Earrings).mp4,3250,ISLRTC,src=T/Tops_Studs_(Earrings).mp4
toss,toss,1,https://drive.google.com/drive/folders/1U-Pr4r1-cupgNOOq9NH_uTsQnPSVEKco,data/_source/isl_dictionary/T/Toss.mp4,12400,ISLRTC,src=T/Toss.mp4
toss_coin_toss,toss coin toss,3,https://drive.google.com/drive/folders/1U-Pr4r1-cupgNOOq9NH_uTsQnPSVEKco,data/_source/isl_dictionary/T/Toss_Coin_Toss.mp4,3560,ISLRTC,src=T/Toss_Coin_Toss.mp4
total,total,1,https://drive.google.com/drive/folders/1U-Pr4r1-cupgNOOq9NH_uTsQnPSVEKco,data/_source/isl_dictionary/T/Total.mp4,28700,ISLRTC,src=T/Total.mp4
total_dissolved_solids_tds,total dissolved solids tds,4,https://drive.google.com/drive/folders/1U-Pr4r1-cupgNOOq9NH_uTsQnPSVEKco,data/_source/isl_dictionary/T/Total_Dissolved_Solids_TDS.mp4,2240,ISLRTC,src=T/Total_Dissolved_Solids_TDS.mp4
touch,touch,1,https://drive.google.com/drive/folders/1U-Pr4r1-cupgNOOq9NH_uTsQnPSVEKco,data/_source/isl_dictionary/T/Touch.mp4,5920,ISLRTC,src=T/Touch.mp4
tourism,tourism,1,https://drive.google.com/drive/folders/1U-Pr4r1-cupgNOOq9NH_uTsQnPSVEKco,data/_source/isl_dictionary/T/Tourism.mp4,15375,ISLRTC,src=T/Tourism.mp4
tourism_management,tourism management,2,https://drive.google.com/drive/folders/1U-Pr4r1-cupgNOOq9NH_uTsQnPSVEKco,data/_source/isl_dictionary/T/Tourism_Management.mp4,18250,ISLRTC,src=T/Tourism_Management.mp4
tourist_destination,tourist destination,2,https://drive.google.com/drive/folders/1U-Pr4r1-cupgNOOq9NH_uTsQnPSVEKco,data/_source/isl_dictionary/T/Tourist_Destination.mp4,19667,ISLRTC,src=T/Tourist_Destination.mp4
tower,tower,1,https://drive.google.com/drive/folders/1U-Pr4r1-cupgNOOq9NH_uTsQnPSVEKco,data/_source/isl_dictionary/T/Tower.mp4,3583,ISLRTC,src=T/Tower.mp4
town,town,1,https://drive.google.com/drive/folders/1U-Pr4r1-cupgNOOq9NH_uTsQnPSVEKco,data/_source/isl_dictionary/T/Town.mp4,3200,ISLRTC,src=T/Town.mp4
toy,toy,1,https://drive.google.com/drive/folders/1U-Pr4r1-cupgNOOq9NH_uTsQnPSVEKco,data/_source/isl_dictionary/T/Toy.mp4,6120,ISLRTC,src=T/Toy.mp4
toy_car,toy car,2,https://drive.google.com/drive/folders/1U-Pr4r1-cupgNOOq9NH_uTsQnPSVEKco,data/_source/isl_dictionary/T/Toy_Car.mp4,4542,ISLRTC,src=T/Toy_Car.mp4
toyota,toyota,1,https://drive.google.com/drive/folders/1U-Pr4r1-cupgNOOq9NH_uTsQnPSVEKco,data/_source/isl_dictionary/T/Toyota.mp4,4320,ISLRTC,src=T/Toyota.mp4
track,track,1,https://drive.google.com/drive/folders/1U-Pr4r1-cupgNOOq9NH_uTsQnPSVEKco,data/_source/isl_dictionary/New 2500 ISL Dictionary Videos/Yunikee 1/New English/Track.mp4,12040,ISLRTC,src=New 2500 ISL Dictionary Videos/Yunikee 1/New English/Track.mp4
tracked_robots,tracked robots,2,https://drive.google.com/drive/folders/1U-Pr4r1-cupgNOOq9NH_uTsQnPSVEKco,data/_source/isl_dictionary/T/Tracked_Robots.mp4,19750,ISLRTC,src=T/Tracked_Robots.mp4
tracking,tracking,1,https://drive.google.com/drive/folders/1U-Pr4r1-cupgNOOq9NH_uTsQnPSVEKco,data/_source/isl_dictionary/T/Tracking.mp4,22875,ISLRTC,src=T/Tracking.mp4
tractive_work,tractive work,2,https://drive.google.com/drive/folders/1U-Pr4r1-cupgNOOq9NH_uTsQnPSVEKco,data/_source/isl_dictionary/T/Tractive_Work.mp4,13917,ISLRTC,src=T/Tractive_Work.mp4
tractor,tractor,1,https://drive.google.com/drive/folders/1U-Pr4r1-cupgNOOq9NH_uTsQnPSVEKco,data/_source/isl_dictionary/T/Tractor.mp4,6250,ISLRTC,src=T/Tractor.mp4
trade,trade,1,https://drive.google.com/drive/folders/1U-Pr4r1-cupgNOOq9NH_uTsQnPSVEKco,data/_source/isl_dictionary/T/Trade.mp4,25583,ISLRTC,src=T/Trade.mp4; 1 other variant(s)
trade_allocation,trade allocation,2,https://drive.google.com/drive/folders/1U-Pr4r1-cupgNOOq9NH_uTsQnPSVEKco,data/_source/isl_dictionary/T/Trade_Allocation.mp4,25147,ISLRTC,src=T/Trade_Allocation.mp4
trade_confirmation,trade confirmation,2,https://drive.google.com/drive/folders/1U-Pr4r1-cupgNOOq9NH_uTsQnPSVEKco,data/_source/isl_dictionary/T/Trade_Confirmation.mp4,21292,ISLRTC,src=T/Trade_Confirmation.mp4
trade_enrichment,trade enrichment,2,https://drive.google.com/drive/folders/1U-Pr4r1-cupgNOOq9NH_uTsQnPSVEKco,data/_source/isl_dictionary/T/Trade_Enrichment.mp4,22082,ISLRTC,src=T/Trade_Enrichment.mp4
trade_life_cycle,trade life cycle,3,https://drive.google.com/drive/folders/1U-Pr4r1-cupgNOOq9NH_uTsQnPSVEKco,data/_source/isl_dictionary/T/Trade life cycle.mp4,23289,ISLRTC,src=T/Trade life cycle.mp4
trademark,trademark,1,https://drive.google.com/drive/folders/1U-Pr4r1-cupgNOOq9NH_uTsQnPSVEKco,data/_source/isl_dictionary/T/Trademark.mp4,26304,ISLRTC,src=T/Trademark.mp4
traditional,traditional,1,https://drive.google.com/drive/folders/1U-Pr4r1-cupgNOOq9NH_uTsQnPSVEKco,data/_source/isl_dictionary/T/Traditional.mp4,4640,ISLRTC,src=T/Traditional.mp4
traditional_healing,traditional healing,2,https://drive.google.com/drive/folders/1U-Pr4r1-cupgNOOq9NH_uTsQnPSVEKco,data/_source/isl_dictionary/MHSL - 259/Traditional_Healing.mp4,29610,ISLRTC,src=MHSL - 259/Traditional_Healing.mp4
traffic,traffic,1,https://drive.google.com/drive/folders/1U-Pr4r1-cupgNOOq9NH_uTsQnPSVEKco,data/_source/isl_dictionary/T/Traffic_(Sign_2).mp4,3440,ISLRTC,src=T/Traffic_(Sign_2).mp4
train,train,1,https://drive.google.com/drive/folders/1U-Pr4r1-cupgNOOq9NH_uTsQnPSVEKco,data/_source/isl_dictionary/T/Train.mp4,3520,ISLRTC,src=T/Train.mp4
transfer,transfer,1,https://drive.google.com/drive/folders/1U-Pr4r1-cupgNOOq9NH_uTsQnPSVEKco,data/_source/isl_dictionary/T/Transfer_(Money).mp4,5542,ISLRTC,src=T/Transfer_(Money).mp4
transfer_fee_transaction_charge,transfer fee transaction charge,4,https://drive.google.com/drive/folders/1U-Pr4r1-cupgNOOq9NH_uTsQnPSVEKco,data/_source/isl_dictionary/T/Transfer_Fee_Transaction_Charge.mp4,7500,ISLRTC,src=T/Transfer_Fee_Transaction_Charge.mp4
transition_sound,transition sound,2,https://drive.google.com/drive/folders/1U-Pr4r1-cupgNOOq9NH_uTsQnPSVEKco,data/_source/isl_dictionary/T/Transition_Sound.mp4,17480,ISLRTC,src=T/Transition_Sound.mp4
transition_speed,transition speed,2,https://drive.google.com/drive/folders/1U-Pr4r1-cupgNOOq9NH_uTsQnPSVEKco,data/_source/isl_dictionary/T/Transition_Speed.mp4,20520,ISLRTC,src=T/Transition_Speed.mp4
transmission,transmission,1,https://drive.google.com/drive/folders/1U-Pr4r1-cupgNOOq9NH_uTsQnPSVEKco,data/_source/isl_dictionary/T/Transmission.mp4,9667,ISLRTC,src=T/Transmission.mp4
transparency,transparency,1,https://drive.google.com/drive/folders/1U-Pr4r1-cupgNOOq9NH_uTsQnPSVEKco,data/_source/isl_dictionary/T/Transparency.mp4,28474,ISLRTC,src=T/Transparency.mp4
transport,transport,1,https://drive.google.com/drive/folders/1U-Pr4r1-cupgNOOq9NH_uTsQnPSVEKco,data/_source/isl_dictionary/T/Transport.mp4,5360,ISLRTC,src=T/Transport.mp4
transposing,transposing,1,https://drive.google.com/drive/folders/1U-Pr4r1-cupgNOOq9NH_uTsQnPSVEKco,data/_source/isl_dictionary/T/Transposing.mp4,21500,ISLRTC,src=T/Transposing.mp4
transversal,transversal,1,https://drive.google.com/drive/folders/1U-Pr4r1-cupgNOOq9NH_uTsQnPSVEKco,data/_source/isl_dictionary/T/Transversal.mp4,8583,ISLRTC,src=T/Transversal.mp4
transversal_of_parallel_lines,transversal of parallel lines,4,https://drive.google.com/drive/folders/1U-Pr4r1-cupgNOOq9NH_uTsQnPSVEKco,data/_source/isl_dictionary/T/Transversal_of_Parallel_Lines.mp4,9667,ISLRTC,src=T/Transversal_of_Parallel_Lines.mp4
trash_folder,trash folder,2,https://drive.google.com/drive/folders/1U-Pr4r1-cupgNOOq9NH_uTsQnPSVEKco,data/_source/isl_dictionary/T/Trash_Folder.mp4,27000,ISLRTC,src=T/Trash_Folder.mp4
trauma,trauma,1,https://drive.google.com/drive/folders/1U-Pr4r1-cupgNOOq9NH_uTsQnPSVEKco,data/_source/isl_dictionary/MHSL - 259/Trauma.mp4,29568,ISLRTC,src=MHSL - 259/Trauma.mp4
travel,travel,1,https://drive.google.com/drive/folders/1U-Pr4r1-cupgNOOq9NH_uTsQnPSVEKco,data/_source/isl_dictionary/T/Travel.mp4,3480,ISLRTC,src=T/Travel.mp4
travelling,travelling,1,https://drive.google.com/drive/folders/1U-Pr4r1-cupgNOOq9NH_uTsQnPSVEKco,data/_source/isl_dictionary/T/Travelling.mp4,19208,ISLRTC,src=T/Travelling.mp4
treadmill,treadmill,1,https://drive.google.com/drive/folders/1U-Pr4r1-cupgNOOq9NH_uTsQnPSVEKco,data/_source/isl_dictionary/T/Treadmill.mp4,5667,ISLRTC,src=T/Treadmill.mp4
treasury,treasury,1,https://drive.google.com/drive/folders/1U-Pr4r1-cupgNOOq9NH_uTsQnPSVEKco,data/_source/isl_dictionary/T/Treasury.mp4,27274,ISLRTC,src=T/Treasury.mp4
treasury_bond,treasury bond,2,https://drive.google.com/drive/folders/1U-Pr4r1-cupgNOOq9NH_uTsQnPSVEKco,data/_source/isl_dictionary/T/Treasury_Bond.mp4,28793,ISLRTC,src=T/Treasury_Bond.mp4
treated_water,treated water,2,https://drive.google.com/drive/folders/1U-Pr4r1-cupgNOOq9NH_uTsQnPSVEKco,data/_source/isl_dictionary/T/Treated_Water.mp4,2760,ISLRTC,src=T/Treated_Water.mp4
tree,tree,1,https://drive.google.com/drive/folders/1U-Pr4r1-cupgNOOq9NH_uTsQnPSVEKco,data/_source/isl_dictionary/T/Tree.mp4,4560,ISLRTC,src=T/Tree.mp4
tree_and_plants_respiration,tree and plants respiration,4,https://drive.google.com/drive/folders/1U-Pr4r1-cupgNOOq9NH_uTsQnPSVEKco,data/_source/isl_dictionary/T/Tree_and_Plants_Respiration.mp4,27750,ISLRTC,src=T/Tree_and_Plants_Respiration.mp4
tremors,tremors,1,https://drive.google.com/drive/folders/1U-Pr4r1-cupgNOOq9NH_uTsQnPSVEKco,data/_source/isl_dictionary/T/Tremors_(On_Earth).mp4,26000,ISLRTC,src=T/Tremors_(On_Earth).mp4
triangular_method,triangular method,2,https://drive.google.com/drive/folders/1U-Pr4r1-cupgNOOq9NH_uTsQnPSVEKco,data/_source/isl_dictionary/T/Triangular_Method.mp4,25480,ISLRTC,src=T/Triangular_Method.mp4
tribal_chief,tribal chief,2,https://drive.google.com/drive/folders/1U-Pr4r1-cupgNOOq9NH_uTsQnPSVEKco,data/_source/isl_dictionary/T/Tribal_Chief.mp4,11292,ISLRTC,src=T/Tribal_Chief.mp4
tribal_group,tribal group,2,https://drive.google.com/drive/folders/1U-Pr4r1-cupgNOOq9NH_uTsQnPSVEKco,data/_source/isl_dictionary/T/Tribal_Group.mp4,4417,ISLRTC,src=T/Tribal_Group.mp4
tribals,tribals,1,https://drive.google.com/drive/folders/1U-Pr4r1-cupgNOOq9NH_uTsQnPSVEKco,data/_source/isl_dictionary/T/Tribals.mp4,26917,ISLRTC,src=T/Tribals.mp4
tricycle,tricycle,1,https://drive.google.com/drive/folders/1U-Pr4r1-cupgNOOq9NH_uTsQnPSVEKco,data/_source/isl_dictionary/T/Tricycle.mp4,4583,ISLRTC,src=T/Tricycle.mp4
tripale_cropping,tripale cropping,2,https://drive.google.com/drive/folders/1U-Pr4r1-cupgNOOq9NH_uTsQnPSVEKco,data/_source/isl_dictionary/T/Tripale_Cropping.mp4,22040,ISLRTC,src=T/Tripale_Cropping.mp4
tripedal_robot,tripedal robot,2,https://drive.google.com/drive/folders/1U-Pr4r1-cupgNOOq9NH_uTsQnPSVEKco,data/_source/isl_dictionary/T/Tripedal_Robot.mp4,19680,ISLRTC,src=T/Tripedal_Robot.mp4
triplane,triplane,1,https://drive.google.com/drive/folders/1U-Pr4r1-cupgNOOq9NH_uTsQnPSVEKco,data/_source/isl_dictionary/New 2500 ISL Dictionary Videos/BCS/Triplane - English.mp4,16040,ISLRTC,src=New 2500 ISL Dictionary Videos/BCS/Triplane - English.mp4
tripura,tripura,1,https://drive.google.com/drive/folders/1U-Pr4r1-cupgNOOq9NH_uTsQnPSVEKco,data/_source/isl_dictionary/T/Tripura.mp4,4440,ISLRTC,src=T/Tripura.mp4; 2 other variant(s)
trna,trna,1,https://drive.google.com/drive/folders/1U-Pr4r1-cupgNOOq9NH_uTsQnPSVEKco,data/_source/isl_dictionary/T/t-RNA.mp4,2160,ISLRTC,src=T/t-RNA.mp4
trolley,trolley,1,https://drive.google.com/drive/folders/1U-Pr4r1-cupgNOOq9NH_uTsQnPSVEKco,data/_source/isl_dictionary/T/Trolley.mp4,13458,ISLRTC,src=T/Trolley.mp4
truck,truck,1,https://drive.google.com/drive/folders/1U-Pr4r1-cupgNOOq9NH_uTsQnPSVEKco,data/_source/isl_dictionary/T/Truck.mp4,18792,ISLRTC,src=T/Truck.mp4
truck_gardening,truck gardening,2,https://drive.google.com/drive/folders/1U-Pr4r1-cupgNOOq9NH_uTsQnPSVEKco,data/_source/isl_dictionary/T/Truck_Gardening.mp4,26560,ISLRTC,src=T/Truck_Gardening.mp4
true,true,1,https://drive.google.com/drive/folders/1U-Pr4r1-cupgNOOq9NH_uTsQnPSVEKco,data/_source/isl_dictionary/T/True.mp4,2972,ISLRTC,src=T/True.mp4
true_aquatic_plants,true aquatic plants,3,https://drive.google.com/drive/folders/1U-Pr4r1-cupgNOOq9NH_uTsQnPSVEKco,data/_source/isl_dictionary/T/True_Aquatic_Plants.mp4,22600,ISLRTC,src=T/True_Aquatic_Plants.mp4
trumpet,trumpet,1,https://drive.google.com/drive/folders/1U-Pr4r1-cupgNOOq9NH_uTsQnPSVEKco,data/_source/isl_dictionary/T/Trumpet_(Elephant).mp4,6208,ISLRTC,src=T/Trumpet_(Elephant).mp4
trusses,trusses,1,https://drive.google.com/drive/folders/1U-Pr4r1-cupgNOOq9NH_uTsQnPSVEKco,data/_source/isl_dictionary/T/Trusses.mp4,23042,ISLRTC,src=T/Trusses.mp4
trust,trust,1,https://drive.google.com/drive/folders/1U-Pr4r1-cupgNOOq9NH_uTsQnPSVEKco,data/_source/isl_dictionary/T/Trust.mp4,3120,ISLRTC,src=T/Trust.mp4
try,try,1,https://drive.google.com/drive/folders/1U-Pr4r1-cupgNOOq9NH_uTsQnPSVEKco,data/_source/isl_dictionary/T/Try.mp4,3520,ISLRTC,src=T/Try.mp4
tsunami,tsunami,1,https://drive.google.com/drive/folders/1U-Pr4r1-cupgNOOq9NH_uTsQnPSVEKco,data/_source/isl_dictionary/T/Tsunami.mp4,15600,ISLRTC,src=T/Tsunami.mp4
tuba,tuba,1,https://drive.google.com/drive/folders/1U-Pr4r1-cupgNOOq9NH_uTsQnPSVEKco,data/_source/isl_dictionary/T/Tuba.mp4,3833,ISLRTC,src=T/Tuba.mp4
tube_well,tube well,2,https://drive.google.com/drive/folders/1U-Pr4r1-cupgNOOq9NH_uTsQnPSVEKco,data/_source/isl_dictionary/T/Tube_Well.mp4,10167,ISLRTC,src=T/Tube_Well.mp4
tuberculin_skin_test,tuberculin skin test,3,https://drive.google.com/drive/folders/1U-Pr4r1-cupgNOOq9NH_uTsQnPSVEKco,data/_source/isl_dictionary/T/Tuberculin_Skin_Test.mp4,5920,ISLRTC,src=T/Tuberculin_Skin_Test.mp4
tubes,tubes,1,https://drive.google.com/drive/folders/1U-Pr4r1-cupgNOOq9NH_uTsQnPSVEKco,data/_source/isl_dictionary/T/Tubes_(Chemistry_Lab).mp4,22583,ISLRTC,src=T/Tubes_(Chemistry_Lab).mp4
tuesday,tuesday,1,https://drive.google.com/drive/folders/1U-Pr4r1-cupgNOOq9NH_uTsQnPSVEKco,data/_source/isl_dictionary/T/Tuesday.mp4,2920,ISLRTC,src=T/Tuesday.mp4
tug_of_war_haryana,tug of war haryana,4,https://drive.google.com/drive/folders/1U-Pr4r1-cupgNOOq9NH_uTsQnPSVEKco,data/_source/isl_dictionary/T/Tug_of_War_Haryana.mp4,6711,ISLRTC,src=T/Tug_of_War_Haryana.mp4
turban,turban,1,https://drive.google.com/drive/folders/1U-Pr4r1-cupgNOOq9NH_uTsQnPSVEKco,data/_source/isl_dictionary/T/Turban.mp4,4083,ISLRTC,src=T/Turban.mp4
turbine,turbine,1,https://drive.google.com/drive/folders/1U-Pr4r1-cupgNOOq9NH_uTsQnPSVEKco,data/_source/isl_dictionary/T/Turbine.mp4,8042,ISLRTC,src=T/Turbine.mp4
turkey,turkey,1,https://drive.google.com/drive/folders/1U-Pr4r1-cupgNOOq9NH_uTsQnPSVEKco,data/_source/isl_dictionary/T/Turkey.mp4,2920,ISLRTC,src=T/Turkey.mp4
turn,turn,1,https://drive.google.com/drive/folders/1U-Pr4r1-cupgNOOq9NH_uTsQnPSVEKco,data/_source/isl_dictionary/T/Turn.mp4,4680,ISLRTC,src=T/Turn.mp4
turning_point,turning point,2,https://drive.google.com/drive/folders/1U-Pr4r1-cupgNOOq9NH_uTsQnPSVEKco,data/_source/isl_dictionary/T/Turning_Point.mp4,21458,ISLRTC,src=T/Turning_Point.mp4
tweening,tweening,1,https://drive.google.com/drive/folders/1U-Pr4r1-cupgNOOq9NH_uTsQnPSVEKco,data/_source/isl_dictionary/T/Tweening.mp4,18958,ISLRTC,src=T/Tweening.mp4
twelve,twelve,1,https://drive.google.com/drive/folders/1U-Pr4r1-cupgNOOq9NH_uTsQnPSVEKco,data/_source/isl_dictionary/Numbers/12_Twelve.mp4,3360,ISLRTC,src=Numbers/12_Twelve.mp4
twenty,twenty,1,https://drive.google.com/drive/folders/1U-Pr4r1-cupgNOOq9NH_uTsQnPSVEKco,data/_source/isl_dictionary/Numbers/20_Twenty.mp4,3800,ISLRTC,src=Numbers/20_Twenty.mp4
twenty_one,twenty one,2,https://drive.google.com/drive/folders/1U-Pr4r1-cupgNOOq9NH_uTsQnPSVEKco,data/_source/isl_dictionary/Numbers/21_Twenty_One.mp4,4280,ISLRTC,src=Numbers/21_Twenty_One.mp4
twisting_of_leaves_and_stems,twisting of leaves and stems,5,https://drive.google.com/drive/folders/1U-Pr4r1-cupgNOOq9NH_uTsQnPSVEKco,data/_source/isl_dictionary/T/Twisting_of_Leaves_and_Stems.mp4,28560,ISLRTC,src=T/Twisting_of_Leaves_and_Stems.mp4
two,two,1,https://drive.google.com/drive/folders/1U-Pr4r1-cupgNOOq9NH_uTsQnPSVEKco,data/_source/isl_dictionary/Numbers/2_Two.mp4,2120,ISLRTC,src=Numbers/2_Two.mp4
two_thousand,two thousand,2,https://drive.google.com/drive/folders/1U-Pr4r1-cupgNOOq9NH_uTsQnPSVEKco,data/_source/isl_dictionary/Numbers/2000_Two_Thousand.mp4,4440,ISLRTC,src=Numbers/2000_Two_Thousand.mp4
types_of_farm_planning,types of farm planning,4,https://drive.google.com/drive/folders/1U-Pr4r1-cupgNOOq9NH_uTsQnPSVEKco,data/_source/isl_dictionary/T/Types_of_Farm_Planning.mp4,12333,ISLRTC,src=T/Types_of_Farm_Planning.mp4
types_of_packing,types of packing,3,https://drive.google.com/drive/folders/1U-Pr4r1-cupgNOOq9NH_uTsQnPSVEKco,data/_source/isl_dictionary/T/Types_of_Packing.mp4,20280,ISLRTC,src=T/Types_of_Packing.mp4
types_of_vegetable_gardening,types of vegetable gardening,4,https://drive.google.com/drive/folders/1U-Pr4r1-cupgNOOq9NH_uTsQnPSVEKco,data/_source/isl_dictionary/T/Types_of_Vegetable_Gardening.mp4,10720,ISLRTC,src=T/Types_of_Vegetable_Gardening.mp4
types_of_water_garden,types of water garden,4,https://drive.google.com/drive/folders/1U-Pr4r1-cupgNOOq9NH_uTsQnPSVEKco,data/_source/isl_dictionary/T/Types_of_Water_Garden.mp4,10720,ISLRTC,src=T/Types_of_Water_Garden.mp4
typhoon,typhoon,1,https://drive.google.com/drive/folders/1U-Pr4r1-cupgNOOq9NH_uTsQnPSVEKco,data/_source/isl_dictionary/T/Typhoon.mp4,18720,ISLRTC,src=T/Typhoon.mp4
typist,typist,1,https://drive.google.com/drive/folders/1U-Pr4r1-cupgNOOq9NH_uTsQnPSVEKco,data/_source/isl_dictionary/T/Typist.mp4,4320,ISLRTC,src=T/Typist.mp4
typographical_error,typographical error,2,https://drive.google.com/drive/folders/1U-Pr4r1-cupgNOOq9NH_uTsQnPSVEKco,data/_source/isl_dictionary/T/Typographical_Error.m4v,14280,ISLRTC,src=T/Typographical_Error.m4v
typography,typography,1,https://drive.google.com/drive/folders/1U-Pr4r1-cupgNOOq9NH_uTsQnPSVEKco,data/_source/isl_dictionary/T/Typography.mp4,15250,ISLRTC,src=T/Typography.mp4
u_neck,u neck,2,https://drive.google.com/drive/folders/1U-Pr4r1-cupgNOOq9NH_uTsQnPSVEKco,data/_source/isl_dictionary/U/U_Neck.mp4,8640,ISLRTC,src=U/U_Neck.mp4
uco_bank,uco bank,2,https://drive.google.com/drive/folders/1U-Pr4r1-cupgNOOq9NH_uTsQnPSVEKco,data/_source/isl_dictionary/U/Uco_Bank.mp4,5000,ISLRTC,src=U/Uco_Bank.mp4
uganda,uganda,1,https://drive.google.com/drive/folders/1U-Pr4r1-cupgNOOq9NH_uTsQnPSVEKco,data/_source/isl_dictionary/U/Uganda.mp4,3200,ISLRTC,src=U/Uganda.mp4
ukraine,ukraine,1,https://drive.google.com/drive/folders/1U-Pr4r1-cupgNOOq9NH_uTsQnPSVEKco,data/_source/isl_dictionary/U/Ukraine.mp4,2840,ISLRTC,src=U/Ukraine.mp4
ulcers,ulcers,1,https://drive.google.com/drive/folders/1U-Pr4r1-cupgNOOq9NH_uTsQnPSVEKco,data/_source/isl_dictionary/U/Ulcers.mp4,16680,ISLRTC,src=U/Ulcers.mp4
ultrasonic_scalar,ultrasonic scalar,2,https://drive.google.com/drive/folders/1U-Pr4r1-cupgNOOq9NH_uTsQnPSVEKco,data/_source/isl_dictionary/U/Ultrasonic_Scalar.mp4,10040,ISLRTC,src=U/Ultrasonic_Scalar.mp4
ultrasonic_washer,ultrasonic washer,2,https://drive.google.com/drive/folders/1U-Pr4r1-cupgNOOq9NH_uTsQnPSVEKco,data/_source/isl_dictionary/U/Ultrasonic_Washer.mp4,21680,ISLRTC,src=U/Ultrasonic_Washer.mp4
ultrasound_unit,ultrasound unit,2,https://drive.google.com/drive/folders/1U-Pr4r1-cupgNOOq9NH_uTsQnPSVEKco,data/_source/isl_dictionary/U/Ultrasound_Unit_(Sonography).mp4,7440,ISLRTC,src=U/Ultrasound_Unit_(Sonography).mp4
ultraviolet_ray_glass,ultraviolet ray glass,3,https://drive.google.com/drive/folders/1U-Pr4r1-cupgNOOq9NH_uTsQnPSVEKco,data/_source/isl_dictionary/U/Ultraviolet_Ray_Glass.mp4,13417,ISLRTC,src=U/Ultraviolet_Ray_Glass.mp4
umaid_bhawan_palace,umaid bhawan palace,3,https://drive.google.com/drive/folders/1U-Pr4r1-cupgNOOq9NH_uTsQnPSVEKco,data/_source/isl_dictionary/U/Umaid_Bhawan_Palace.mp4,6760,ISLRTC,src=U/Umaid_Bhawan_Palace.mp4
umbilical_cord,umbilical cord,2,https://drive.google.com/drive/folders/1U-Pr4r1-cupgNOOq9NH_uTsQnPSVEKco,data/_source/isl_dictionary/U/Umbilical_Cord.mp4,10040,ISLRTC,src=U/Umbilical_Cord.mp4
umbilical_cord_and_naval,umbilical cord and naval,4,https://drive.google.com/drive/folders/1U-Pr4r1-cupgNOOq9NH_uTsQnPSVEKco,data/_source/isl_dictionary/U/Umbilical_Cord_and_Naval.mp4,28480,ISLRTC,src=U/Umbilical_Cord_and_Naval.mp4
umbrella,umbrella,1,https://drive.google.com/drive/folders/1U-Pr4r1-cupgNOOq9NH_uTsQnPSVEKco,data/_source/isl_dictionary/U/Umbrella.mp4,2160,ISLRTC,src=U/Umbrella.mp4; 1 other variant(s)
umiak,umiak,1,https://drive.google.com/drive/folders/1U-Pr4r1-cupgNOOq9NH_uTsQnPSVEKco,data/_source/isl_dictionary/U/Umiak.mp4,25640,ISLRTC,src=U/Umiak.mp4
umpire,umpire,1,https://drive.google.com/drive/folders/1U-Pr4r1-cupgNOOq9NH_uTsQnPSVEKco,data/_source/isl_dictionary/U/Umpire.mp4,3960,ISLRTC,src=U/Umpire.mp4; 1 other variant(s)
un_cultivated_land_weeds,un cultivated land weeds,4,https://drive.google.com/drive/folders/1U-Pr4r1-cupgNOOq9NH_uTsQnPSVEKco,data/_source/isl_dictionary/U/Un_Cultivated_Land_Weeds.mp4,16640,ISLRTC,src=U/Un_Cultivated_Land_Weeds.mp4
unauthorised,unauthorised,1,https://drive.google.com/drive/folders/1U-Pr4r1-cupgNOOq9NH_uTsQnPSVEKco,data/_source/isl_dictionary/U/Unauthorised.mp4,18576,ISLRTC,src=U/Unauthorised.mp4
uncle,uncle,1,https://drive.google.com/drive/folders/1U-Pr4r1-cupgNOOq9NH_uTsQnPSVEKco,data/_source/isl_dictionary/U/Uncle.mp4,2880,ISLRTC,src=U/Uncle.mp4
uncomfortable,uncomfortable,1,https://drive.google.com/drive/folders/1U-Pr4r1-cupgNOOq9NH_uTsQnPSVEKco,data/_source/isl_dictionary/U/Uncomfortable.mp4,4480,ISLRTC,src=U/Uncomfortable.mp4
under,under,1,https://drive.google.com/drive/folders/1U-Pr4r1-cupgNOOq9NH_uTsQnPSVEKco,data/_source/isl_dictionary/U/Under.mp4,2640,ISLRTC,src=U/Under.mp4
under_stitch,under stitch,2,https://drive.google.com/drive/folders/1U-Pr4r1-cupgNOOq9NH_uTsQnPSVEKco,data/_source/isl_dictionary/U/Under_Stitch.mp4,12000,ISLRTC,src=U/Under_Stitch.mp4
under_the_weather,under the weather,3,https://drive.google.com/drive/folders/1U-Pr4r1-cupgNOOq9NH_uTsQnPSVEKco,data/_source/isl_dictionary/U/Under_the_Weather.mp4,11600,ISLRTC,src=U/Under_the_Weather.mp4
underground_symptoms,underground symptoms,2,https://drive.google.com/drive/folders/1U-Pr4r1-cupgNOOq9NH_uTsQnPSVEKco,data/_source/isl_dictionary/U/Underground_Symptoms.mp4,11360,ISLRTC,src=U/Underground_Symptoms.mp4
underhand,underhand,1,https://drive.google.com/drive/folders/1U-Pr4r1-cupgNOOq9NH_uTsQnPSVEKco,data/_source/isl_dictionary/U/Underhand.m4v,9520,ISLRTC,src=U/Underhand.m4v
underline,underline,1,https://drive.google.com/drive/folders/1U-Pr4r1-cupgNOOq9NH_uTsQnPSVEKco,data/_source/isl_dictionary/U/Underline.mp4,23040,ISLRTC,src=U/Underline.mp4
underlying_asset,underlying asset,2,https://drive.google.com/drive/folders/1U-Pr4r1-cupgNOOq9NH_uTsQnPSVEKco,data/_source/isl_dictionary/U/Underlying_Asset.mp4,19365,ISLRTC,src=U/Underlying_Asset.mp4
undersigned,undersigned,1,https://drive.google.com/drive/folders/1U-Pr4r1-cupgNOOq9NH_uTsQnPSVEKco,data/_source/isl_dictionary/U/Undersigned.mp4,16500,ISLRTC,src=U/Undersigned.mp4
understand,understand,1,https://drive.google.com/drive/folders/1U-Pr4r1-cupgNOOq9NH_uTsQnPSVEKco,data/_source/isl_dictionary/U/Understand_Comprehend.mp4,3040,ISLRTC,alias of 'understand comprehend': dictionary files both words under one sign
understand_comprehend,understand comprehend,2,https://drive.google.com/drive/folders/1U-Pr4r1-cupgNOOq9NH_uTsQnPSVEKco,data/_source/isl_dictionary/U/Understand_Comprehend.mp4,3040,ISLRTC,src=U/Understand_Comprehend.mp4
understand_comprehend_grasp,understand comprehend grasp,3,https://drive.google.com/drive/folders/1U-Pr4r1-cupgNOOq9NH_uTsQnPSVEKco,data/_source/isl_dictionary/U/Understand_Comprehend_Grasp.mp4,3000,ISLRTC,src=U/Understand_Comprehend_Grasp.mp4; 1 other variant(s)
unemployed,unemployed,1,https://drive.google.com/drive/folders/1U-Pr4r1-cupgNOOq9NH_uTsQnPSVEKco,data/_source/isl_dictionary/U/Unemployed.mp4,3760,ISLRTC,src=U/Unemployed.mp4
unemployment_rate,unemployment rate,2,https://drive.google.com/drive/folders/1U-Pr4r1-cupgNOOq9NH_uTsQnPSVEKco,data/_source/isl_dictionary/U/Unemployment_Rate.mp4,16560,ISLRTC,src=U/Unemployment_Rate.mp4
unfair_dismissal,unfair dismissal,2,https://drive.google.com/drive/folders/1U-Pr4r1-cupgNOOq9NH_uTsQnPSVEKco,data/_source/isl_dictionary/U/Unfair_Dismissal.mp4,5120,ISLRTC,src=U/Unfair_Dismissal.mp4
unfamiliar,unfamiliar,1,https://drive.google.com/drive/folders/1U-Pr4r1-cupgNOOq9NH_uTsQnPSVEKco,data/_source/isl_dictionary/MHSL - 259/unfamiliar.mp4,20288,ISLRTC,src=MHSL - 259/unfamiliar.mp4
unfeeling_uncaring_unemotional,unfeeling uncaring unemotional,3,https://drive.google.com/drive/folders/1U-Pr4r1-cupgNOOq9NH_uTsQnPSVEKco,data/_source/isl_dictionary/U/Unfeeling_Uncaring_Unemotional.mp4,5542,ISLRTC,src=U/Unfeeling_Uncaring_Unemotional.mp4; 1 other variant(s)
unhappy,unhappy,1,https://drive.google.com/drive/folders/1U-Pr4r1-cupgNOOq9NH_uTsQnPSVEKco,data/_source/isl_dictionary/U/Unhappy.mp4,5250,ISLRTC,src=U/Unhappy.mp4
uniform_civil_code,uniform civil code,3,https://drive.google.com/drive/folders/1U-Pr4r1-cupgNOOq9NH_uTsQnPSVEKco,data/_source/isl_dictionary/U/Uniform_Civil_Code.mp4,26136,ISLRTC,src=U/Uniform_Civil_Code.mp4
unimodal,unimodal,1,https://drive.google.com/drive/folders/1U-Pr4r1-cupgNOOq9NH_uTsQnPSVEKco,data/_source/isl_dictionary/U/Unimodal.mp4,9583,ISLRTC,src=U/Unimodal.mp4
union,union,1,https://drive.google.com/drive/folders/1U-Pr4r1-cupgNOOq9NH_uTsQnPSVEKco,data/_source/isl_dictionary/New 2500 ISL Dictionary Videos/Yunikee 2/English/Union.mp4,17000,ISLRTC,src=New 2500 ISL Dictionary Videos/Yunikee 2/English/Union.mp4
union_bank_of_india,union bank of india,4,https://drive.google.com/drive/folders/1U-Pr4r1-cupgNOOq9NH_uTsQnPSVEKco,data/_source/isl_dictionary/U/Union_Bank_of_India.mp4,4708,ISLRTC,src=U/Union_Bank_of_India.mp4
union_territory,union territory,2,https://drive.google.com/drive/folders/1U-Pr4r1-cupgNOOq9NH_uTsQnPSVEKco,data/_source/isl_dictionary/U/Union_Territory_(UT).mp4,16625,ISLRTC,src=U/Union_Territory_(UT).mp4
unit,unit,1,https://drive.google.com/drive/folders/1U-Pr4r1-cupgNOOq9NH_uTsQnPSVEKco,data/_source/isl_dictionary/U/Unit.mp4,26368,ISLRTC,src=U/Unit.mp4
unite_unity,unite unity,2,https://drive.google.com/drive/folders/1U-Pr4r1-cupgNOOq9NH_uTsQnPSVEKco,data/_source/isl_dictionary/U/Unite_Unity.mp4,3320,ISLRTC,src=U/Unite_Unity.mp4; 1 other variant(s)
united_arab_emirates,united arab emirates,3,https://drive.google.com/drive/folders/1U-Pr4r1-cupgNOOq9NH_uTsQnPSVEKco,data/_source/isl_dictionary/U/United_Arab_Emirates.mp4,3680,ISLRTC,src=U/United_Arab_Emirates.mp4
united_kingdom,united kingdom,2,https://drive.google.com/drive/folders/1U-Pr4r1-cupgNOOq9NH_uTsQnPSVEKco,data/_source/isl_dictionary/U/United_Kingdom.mp4,2640,ISLRTC,src=U/United_Kingdom.mp4
united_nations,united nations,2,https://drive.google.com/drive/folders/1U-Pr4r1-cupgNOOq9NH_uTsQnPSVEKco,data/_source/isl_dictionary/U/United_Nations.mp4,4480,ISLRTC,src=U/United_Nations.mp4
united_nations_convention_on_the_rights_of_persons_with_disabilities,united nations convention on the rights of persons with disabilities,10,https://drive.google.com/drive/folders/1U-Pr4r1-cupgNOOq9NH_uTsQnPSVEKco,data/_source/isl_dictionary/U/United _Nations_Convention_on _the_Rights_of_Persons_with_Disabilities_(UNCRPD).mp4,4528,ISLRTC,src=U/United _Nations_Convention_on _the_Rights_of_Persons_with_Disabilities_(UNCRPD).mp4; 1 other variant(s)
united_states_of_america,united states of america,4,https://drive.google.com/drive/folders/1U-Pr4r1-cupgNOOq9NH_uTsQnPSVEKco,data/_source/isl_dictionary/U/United_States_of_America.mp4,3960,ISLRTC,src=U/United_States_of_America.mp4
universal,universal,1,https://drive.google.com/drive/folders/1U-Pr4r1-cupgNOOq9NH_uTsQnPSVEKco,data/_source/isl_dictionary/New 2500 ISL Dictionary Videos/Anuprayaas/English/Universal.mp4,2800,ISLRTC,src=New 2500 ISL Dictionary Videos/Anuprayaas/English/Universal.mp4
universal_adult_franchise,universal adult franchise,3,https://drive.google.com/drive/folders/1U-Pr4r1-cupgNOOq9NH_uTsQnPSVEKco,data/_source/isl_dictionary/U/Universal_Adult_Franchise.mp4,17520,ISLRTC,src=U/Universal_Adult_Franchise.mp4; 1 other variant(s)
universe,universe,1,https://drive.google.com/drive/folders/1U-Pr4r1-cupgNOOq9NH_uTsQnPSVEKco,data/_source/isl_dictionary/U/Universe.mp4,25120,ISLRTC,src=U/Universe.mp4
university,university,1,https://drive.google.com/drive/folders/1U-Pr4r1-cupgNOOq9NH_uTsQnPSVEKco,data/_source/isl_dictionary/U/University.mp4,3640,ISLRTC,src=U/University.mp4
unix,unix,1,https://drive.google.com/drive/folders/1U-Pr4r1-cupgNOOq9NH_uTsQnPSVEKco,data/_source/isl_dictionary/U/Unix.mp4,6160,ISLRTC,src=U/Unix.mp4
unlawful_assembly_or_section_141_ipc,unlawful assembly or section 141 ipc,6,https://drive.google.com/drive/folders/1U-Pr4r1-cupgNOOq9NH_uTsQnPSVEKco,data/_source/isl_dictionary/U/Unlawful_Assembly_or_Section_141_IPC.mp4,27080,ISLRTC,src=U/Unlawful_Assembly_or_Section_141_IPC.mp4
unlimited_boundless_infinite,unlimited boundless infinite,3,https://drive.google.com/drive/folders/1U-Pr4r1-cupgNOOq9NH_uTsQnPSVEKco,data/_source/isl_dictionary/U/Unlimited_Boundless_Infinite.mp4,4400,ISLRTC,src=U/Unlimited_Boundless_Infinite.mp4
unofficial,unofficial,1,https://drive.google.com/drive/folders/1U-Pr4r1-cupgNOOq9NH_uTsQnPSVEKco,data/_source/isl_dictionary/U/Unofficial.mp4,3000,ISLRTC,src=U/Unofficial.mp4
unparliamentary_language,unparliamentary language,2,https://drive.google.com/drive/folders/1U-Pr4r1-cupgNOOq9NH_uTsQnPSVEKco,data/_source/isl_dictionary/U/Unparliamentary_Language.mp4,16480,ISLRTC,src=U/Unparliamentary_Language.mp4
unplasticized_polyvinyl_chloride,unplasticized polyvinyl chloride,3,https://drive.google.com/drive/folders/1U-Pr4r1-cupgNOOq9NH_uTsQnPSVEKco,data/_source/isl_dictionary/U/Unplasticized_Polyvinyl_Chloride_(UPVC).mp4,16333,ISLRTC,src=U/Unplasticized_Polyvinyl_Chloride_(UPVC).mp4
unprecedented,unprecedented,1,https://drive.google.com/drive/folders/1U-Pr4r1-cupgNOOq9NH_uTsQnPSVEKco,data/_source/isl_dictionary/U/Unprecedented.mp4,21840,ISLRTC,src=U/Unprecedented.mp4
unse_of_disease_varieties,unse of disease varieties,4,https://drive.google.com/drive/folders/1U-Pr4r1-cupgNOOq9NH_uTsQnPSVEKco,data/_source/isl_dictionary/U/Unse_of_Disease_Varieties.mp4,28960,ISLRTC,src=U/Unse_of_Disease_Varieties.mp4
up,up,1,https://drive.google.com/drive/folders/1U-Pr4r1-cupgNOOq9NH_uTsQnPSVEKco,data/_source/isl_dictionary/U/Up.mp4,2880,ISLRTC,src=U/Up.mp4
update,update,1,https://drive.google.com/drive/folders/1U-Pr4r1-cupgNOOq9NH_uTsQnPSVEKco,data/_source/isl_dictionary/U/Update_(News_Information).mp4,6080,ISLRTC,src=U/Update_(News_Information).mp4
upper_division_clerk_udc,upper division clerk udc,4,https://drive.google.com/drive/folders/1U-Pr4r1-cupgNOOq9NH_uTsQnPSVEKco,data/_source/isl_dictionary/U/Upper_Division_Clerk_UDC.mp4,3875,ISLRTC,src=U/Upper_Division_Clerk_UDC.mp4
upset_disturbed,upset disturbed,2,https://drive.google.com/drive/folders/1U-Pr4r1-cupgNOOq9NH_uTsQnPSVEKco,data/_source/isl_dictionary/U/Upset_Disturbed.mp4,3240,ISLRTC,src=U/Upset_Disturbed.mp4
urban,urban,1,https://drive.google.com/drive/folders/1U-Pr4r1-cupgNOOq9NH_uTsQnPSVEKco,data/_source/isl_dictionary/New 2500 ISL Dictionary Videos/Yunikee 1/New English/Urban.mp4,16560,ISLRTC,src=New 2500 ISL Dictionary Videos/Yunikee 1/New English/Urban.mp4
urbanization,urbanization,1,https://drive.google.com/drive/folders/1U-Pr4r1-cupgNOOq9NH_uTsQnPSVEKco,data/_source/isl_dictionary/U/Urbanization.mp4,26120,ISLRTC,src=U/Urbanization.mp4
urdu,urdu,1,https://drive.google.com/drive/folders/1U-Pr4r1-cupgNOOq9NH_uTsQnPSVEKco,data/_source/isl_dictionary/U/Urdu.mp4,2880,ISLRTC,src=U/Urdu.mp4
ureter,ureter,1,https://drive.google.com/drive/folders/1U-Pr4r1-cupgNOOq9NH_uTsQnPSVEKco,data/_source/isl_dictionary/U/Ureter.mp4,12520,ISLRTC,src=U/Ureter.mp4
urethra,urethra,1,https://drive.google.com/drive/folders/1U-Pr4r1-cupgNOOq9NH_uTsQnPSVEKco,data/_source/isl_dictionary/U/Urethra.mp4,17240,ISLRTC,src=U/Urethra.mp4
urgent,urgent,1,https://drive.google.com/drive/folders/1U-Pr4r1-cupgNOOq9NH_uTsQnPSVEKco,data/_source/isl_dictionary/U/Urgent.mp4,3000,ISLRTC,src=U/Urgent.mp4
urinary_incontinence,urinary incontinence,2,https://drive.google.com/drive/folders/1U-Pr4r1-cupgNOOq9NH_uTsQnPSVEKco,data/_source/isl_dictionary/U/Urinary_Incontinence.mp4,13480,ISLRTC,src=U/Urinary_Incontinence.mp4
urinary_retention,urinary retention,2,https://drive.google.com/drive/folders/1U-Pr4r1-cupgNOOq9NH_uTsQnPSVEKco,data/_source/isl_dictionary/U/Urinary_Retention.mp4,20160,ISLRTC,src=U/Urinary_Retention.mp4
urinary_tract_infection,urinary tract infection,3,https://drive.google.com/drive/folders/1U-Pr4r1-cupgNOOq9NH_uTsQnPSVEKco,data/_source/isl_dictionary/U/Urinary_Tract_Infection.mp4,19360,ISLRTC,src=U/Urinary_Tract_Infection.mp4
urine,urine,1,https://drive.google.com/drive/folders/1U-Pr4r1-cupgNOOq9NH_uTsQnPSVEKco,data/_source/isl_dictionary/U/Urine.mp4,3480,ISLRTC,src=U/Urine.mp4
url,url,1,https://drive.google.com/drive/folders/1U-Pr4r1-cupgNOOq9NH_uTsQnPSVEKco,data/_source/isl_dictionary/U/URL.mp4,18720,ISLRTC,src=U/URL.mp4
urologist,urologist,1,https://drive.google.com/drive/folders/1U-Pr4r1-cupgNOOq9NH_uTsQnPSVEKco,data/_source/isl_dictionary/U/Urologist.mp4,8560,ISLRTC,src=U/Urologist.mp4
urology,urology,1,https://drive.google.com/drive/folders/1U-Pr4r1-cupgNOOq9NH_uTsQnPSVEKco,data/_source/isl_dictionary/U/Urology.mp4,4520,ISLRTC,src=U/Urology.mp4
urticaria,urticaria,1,https://drive.google.com/drive/folders/1U-Pr4r1-cupgNOOq9NH_uTsQnPSVEKco,data/_source/isl_dictionary/U/Urticaria.mp4,11640,ISLRTC,src=U/Urticaria.mp4
uruguay,uruguay,1,https://drive.google.com/drive/folders/1U-Pr4r1-cupgNOOq9NH_uTsQnPSVEKco,data/_source/isl_dictionary/U/Uruguay.mp4,3160,ISLRTC,src=U/Uruguay.mp4
use_utilize,use utilize,2,https://drive.google.com/drive/folders/1U-Pr4r1-cupgNOOq9NH_uTsQnPSVEKco,data/_source/isl_dictionary/U/Use_Utilize.mp4,4542,ISLRTC,src=U/Use_Utilize.mp4
uterine_glands,uterine glands,2,https://drive.google.com/drive/folders/1U-Pr4r1-cupgNOOq9NH_uTsQnPSVEKco,data/_source/isl_dictionary/U/Uterine_Glands.mp4,7640,ISLRTC,src=U/Uterine_Glands.mp4
uterus,uterus,1,https://drive.google.com/drive/folders/1U-Pr4r1-cupgNOOq9NH_uTsQnPSVEKco,data/_source/isl_dictionary/U/Uterus.mp4,10360,ISLRTC,src=U/Uterus.mp4
utilisation,utilisation,1,https://drive.google.com/drive/folders/1U-Pr4r1-cupgNOOq9NH_uTsQnPSVEKco,data/_source/isl_dictionary/U/Utilisation.mp4,9000,ISLRTC,src=U/Utilisation.mp4
utility_of_mushroom,utility of mushroom,3,https://drive.google.com/drive/folders/1U-Pr4r1-cupgNOOq9NH_uTsQnPSVEKco,data/_source/isl_dictionary/U/Utility_of_Mushroom.mp4,6720,ISLRTC,src=U/Utility_of_Mushroom.mp4
uttar_pradesh,uttar pradesh,2,https://drive.google.com/drive/folders/1U-Pr4r1-cupgNOOq9NH_uTsQnPSVEKco,data/_source/isl_dictionary/U/Uttar_Pradesh.mp4,3320,ISLRTC,src=U/Uttar_Pradesh.mp4
uttarkhand,uttarkhand,1,https://drive.google.com/drive/folders/1U-Pr4r1-cupgNOOq9NH_uTsQnPSVEKco,data/_source/isl_dictionary/U/Uttarkhand.mp4,3320,ISLRTC,src=U/Uttarkhand.mp4
ux,ux,1,https://drive.google.com/drive/folders/1U-Pr4r1-cupgNOOq9NH_uTsQnPSVEKco,data/_source/isl_dictionary/New 2500 ISL Dictionary Videos/BCS/UX (User Experience) - English.mp4,27240,ISLRTC,src=New 2500 ISL Dictionary Videos/BCS/UX (User Experience) - English.mp4
uzbekistan,uzbekistan,1,https://drive.google.com/drive/folders/1U-Pr4r1-cupgNOOq9NH_uTsQnPSVEKco,data/_source/isl_dictionary/U/Uzbekistan.mp4,3240,ISLRTC,src=U/Uzbekistan.mp4
v_belt,v belt,2,https://drive.google.com/drive/folders/1U-Pr4r1-cupgNOOq9NH_uTsQnPSVEKco,data/_source/isl_dictionary/V/V_Belt.mp4,13920,ISLRTC,src=V/V_Belt.mp4
v_block,v block,2,https://drive.google.com/drive/folders/1U-Pr4r1-cupgNOOq9NH_uTsQnPSVEKco,data/_source/isl_dictionary/V/V_Block.mp4,18560,ISLRTC,src=V/V_Block.mp4
v_neck,v neck,2,https://drive.google.com/drive/folders/1U-Pr4r1-cupgNOOq9NH_uTsQnPSVEKco,data/_source/isl_dictionary/V/V_Neck.mp4,8160,ISLRTC,src=V/V_Neck.mp4
vacation_holidays,vacation holidays,2,https://drive.google.com/drive/folders/1U-Pr4r1-cupgNOOq9NH_uTsQnPSVEKco,data/_source/isl_dictionary/V/Vacation_Holidays.mp4,3280,ISLRTC,src=V/Vacation_Holidays.mp4
vacationers,vacationers,1,https://drive.google.com/drive/folders/1U-Pr4r1-cupgNOOq9NH_uTsQnPSVEKco,data/_source/isl_dictionary/V/Vacationers.mp4,20625,ISLRTC,src=V/Vacationers.mp4
vaccination,vaccination,1,https://drive.google.com/drive/folders/1U-Pr4r1-cupgNOOq9NH_uTsQnPSVEKco,data/_source/isl_dictionary/V/Vaccination.mp4,16880,ISLRTC,src=V/Vaccination.mp4
vaccine,vaccine,1,https://drive.google.com/drive/folders/1U-Pr4r1-cupgNOOq9NH_uTsQnPSVEKco,data/_source/isl_dictionary/V/Vaccine.mp4,6960,ISLRTC,src=V/Vaccine.mp4
vaccine_transport_box,vaccine transport box,3,https://drive.google.com/drive/folders/1U-Pr4r1-cupgNOOq9NH_uTsQnPSVEKco,data/_source/isl_dictionary/V/Vaccine_Transport_Box.mp4,11600,ISLRTC,src=V/Vaccine_Transport_Box.mp4
vadodara,vadodara,1,https://drive.google.com/drive/folders/1U-Pr4r1-cupgNOOq9NH_uTsQnPSVEKco,data/_source/isl_dictionary/V/Vadodara.mp4,3560,ISLRTC,src=V/Vadodara.mp4
vagaries,vagaries,1,https://drive.google.com/drive/folders/1U-Pr4r1-cupgNOOq9NH_uTsQnPSVEKco,data/_source/isl_dictionary/V/Vagaries.mp4,29000,ISLRTC,src=V/Vagaries.mp4
vaginal_cancer,vaginal cancer,2,https://drive.google.com/drive/folders/1U-Pr4r1-cupgNOOq9NH_uTsQnPSVEKco,data/_source/isl_dictionary/V/Vaginal_Cancer.mp4,4400,ISLRTC,src=V/Vaginal_Cancer.mp4
vaisakhi,vaisakhi,1,https://drive.google.com/drive/folders/1U-Pr4r1-cupgNOOq9NH_uTsQnPSVEKco,data/_source/isl_dictionary/New 2500 ISL Dictionary Videos/BCS/Vaisakhi - English.mp4,20760,ISLRTC,src=New 2500 ISL Dictionary Videos/BCS/Vaisakhi - English.mp4
vaishno_devi,vaishno devi,2,https://drive.google.com/drive/folders/1U-Pr4r1-cupgNOOq9NH_uTsQnPSVEKco,data/_source/isl_dictionary/V/Vaishno_Devi.mp4,5320,ISLRTC,src=V/Vaishno_Devi.mp4
vakalatnama,vakalatnama,1,https://drive.google.com/drive/folders/1U-Pr4r1-cupgNOOq9NH_uTsQnPSVEKco,data/_source/isl_dictionary/V/Vakalatnama.mp4,19560,ISLRTC,src=V/Vakalatnama.mp4
validate,validate,1,https://drive.google.com/drive/folders/1U-Pr4r1-cupgNOOq9NH_uTsQnPSVEKco,data/_source/isl_dictionary/MHSL - 259/Validate.mp4,22442,ISLRTC,src=MHSL - 259/Validate.mp4
valley,valley,1,https://drive.google.com/drive/folders/1U-Pr4r1-cupgNOOq9NH_uTsQnPSVEKco,data/_source/isl_dictionary/V/Valley.mp4,4560,ISLRTC,src=V/Valley.mp4
value_added_tax,value added tax,3,https://drive.google.com/drive/folders/1U-Pr4r1-cupgNOOq9NH_uTsQnPSVEKco,data/_source/isl_dictionary/V/Value_Added_Tax.mp4,28333,ISLRTC,src=V/Value_Added_Tax.mp4
value_scale,value scale,2,https://drive.google.com/drive/folders/1U-Pr4r1-cupgNOOq9NH_uTsQnPSVEKco,data/_source/isl_dictionary/V/Value_Scale.mp4,9120,ISLRTC,src=V/Value_Scale.mp4
value_worth_merit,value worth merit,3,https://drive.google.com/drive/folders/1U-Pr4r1-cupgNOOq9NH_uTsQnPSVEKco,data/_source/isl_dictionary/V/Value_Worth_Merit_(Positive).mp4,2800,ISLRTC,src=V/Value_Worth_Merit_(Positive).mp4
values,values,1,https://drive.google.com/drive/folders/1U-Pr4r1-cupgNOOq9NH_uTsQnPSVEKco,data/_source/isl_dictionary/New 2500 ISL Dictionary Videos/Yunikee 2/English/Values.mp4,17720,ISLRTC,src=New 2500 ISL Dictionary Videos/Yunikee 2/English/Values.mp4
valve,valve,1,https://drive.google.com/drive/folders/1U-Pr4r1-cupgNOOq9NH_uTsQnPSVEKco,data/_source/isl_dictionary/V/Valve.mp4,21120,ISLRTC,src=V/Valve.mp4
van,van,1,https://drive.google.com/drive/folders/1U-Pr4r1-cupgNOOq9NH_uTsQnPSVEKco,data/_source/isl_dictionary/V/Van.mp4,3800,ISLRTC,src=V/Van.mp4
varanasi,varanasi,1,https://drive.google.com/drive/folders/1U-Pr4r1-cupgNOOq9NH_uTsQnPSVEKco,data/_source/isl_dictionary/V/Varanasi.mp4,4160,ISLRTC,src=V/Varanasi.mp4
variable,variable,1,https://drive.google.com/drive/folders/1U-Pr4r1-cupgNOOq9NH_uTsQnPSVEKco,data/_source/isl_dictionary/V/Variable.mp4,9040,ISLRTC,src=V/Variable.mp4
variable_resistor,variable resistor,2,https://drive.google.com/drive/folders/1U-Pr4r1-cupgNOOq9NH_uTsQnPSVEKco,data/_source/isl_dictionary/V/Variable_Resistor.mp4,23520,ISLRTC,src=V/Variable_Resistor.mp4
variation,variation,1,https://drive.google.com/drive/folders/1U-Pr4r1-cupgNOOq9NH_uTsQnPSVEKco,data/_source/isl_dictionary/V/Variation.mp4,3000,ISLRTC,src=V/Variation.mp4
varicella_virus,varicella virus,2,https://drive.google.com/drive/folders/1U-Pr4r1-cupgNOOq9NH_uTsQnPSVEKco,data/_source/isl_dictionary/V/Varicella_Virus.mp4,8160,ISLRTC,src=V/Varicella_Virus.mp4
varicose_vein,varicose vein,2,https://drive.google.com/drive/folders/1U-Pr4r1-cupgNOOq9NH_uTsQnPSVEKco,data/_source/isl_dictionary/V/Varicose_Vein.mp4,13160,ISLRTC,src=V/Varicose_Vein.mp4
varieties_of_important_flowers,varieties of important flowers,4,https://drive.google.com/drive/folders/1U-Pr4r1-cupgNOOq9NH_uTsQnPSVEKco,data/_source/isl_dictionary/V/Varieties_of_Important_Flowers.mp4,16480,ISLRTC,src=V/Varieties_of_Important_Flowers.mp4
varieties_of_mushroom,varieties of mushroom,3,https://drive.google.com/drive/folders/1U-Pr4r1-cupgNOOq9NH_uTsQnPSVEKco,data/_source/isl_dictionary/V/Varieties_of_Mushroom.mp4,9440,ISLRTC,src=V/Varieties_of_Mushroom.mp4
variety_diversity,variety diversity,2,https://drive.google.com/drive/folders/1U-Pr4r1-cupgNOOq9NH_uTsQnPSVEKco,data/_source/isl_dictionary/V/Variety_Diversity.mp4,3520,ISLRTC,src=V/Variety_Diversity.mp4
vector_graphics,vector graphics,2,https://drive.google.com/drive/folders/1U-Pr4r1-cupgNOOq9NH_uTsQnPSVEKco,data/_source/isl_dictionary/V/Vector_Graphics.mp4,7542,ISLRTC,src=V/Vector_Graphics.mp4
vectors,vectors,1,https://drive.google.com/drive/folders/1U-Pr4r1-cupgNOOq9NH_uTsQnPSVEKco,data/_source/isl_dictionary/V/Vectors.mp4,9440,ISLRTC,src=V/Vectors.mp4
vegetable_crops,vegetable crops,2,https://drive.google.com/drive/folders/1U-Pr4r1-cupgNOOq9NH_uTsQnPSVEKco,data/_source/isl_dictionary/V/Vegetable_Crops.mp4,29880,ISLRTC,src=V/Vegetable_Crops.mp4
vegetable_forcing_gardening,vegetable forcing gardening,3,https://drive.google.com/drive/folders/1U-Pr4r1-cupgNOOq9NH_uTsQnPSVEKco,data/_source/isl_dictionary/V/Vegetable_Forcing_Gardening.mp4,22560,ISLRTC,src=V/Vegetable_Forcing_Gardening.mp4
vegetable_gardening_for_exhibition,vegetable gardening for exhibition,4,https://drive.google.com/drive/folders/1U-Pr4r1-cupgNOOq9NH_uTsQnPSVEKco,data/_source/isl_dictionary/V/Vegetable_Gardening_for_Exhibition.mp4,26000,ISLRTC,src=V/Vegetable_Gardening_for_Exhibition.mp4
vegetable_gardening_for_seed_production,vegetable gardening for seed production,5,https://drive.google.com/drive/folders/1U-Pr4r1-cupgNOOq9NH_uTsQnPSVEKco,data/_source/isl_dictionary/V/Vegetable_Gardening_for_Seed_Production.mp4,26875,ISLRTC,src=V/Vegetable_Gardening_for_Seed_Production.mp4
vegetable_preservation,vegetable preservation,2,https://drive.google.com/drive/folders/1U-Pr4r1-cupgNOOq9NH_uTsQnPSVEKco,data/_source/isl_dictionary/V/Vegetable_Preservation.mp4,14800,ISLRTC,src=V/Vegetable_Preservation.mp4
vegetables,vegetables,1,https://drive.google.com/drive/folders/1U-Pr4r1-cupgNOOq9NH_uTsQnPSVEKco,data/_source/isl_dictionary/V/Vegetables.mp4,4000,ISLRTC,src=V/Vegetables.mp4
vegetation_map,vegetation map,2,https://drive.google.com/drive/folders/1U-Pr4r1-cupgNOOq9NH_uTsQnPSVEKco,data/_source/isl_dictionary/V/Vegetation_Map.mp4,19600,ISLRTC,src=V/Vegetation_Map.mp4
vegetative_reproduction,vegetative reproduction,2,https://drive.google.com/drive/folders/1U-Pr4r1-cupgNOOq9NH_uTsQnPSVEKco,data/_source/isl_dictionary/V/Vegetative_Reproduction.mp4,21040,ISLRTC,src=V/Vegetative_Reproduction.mp4
vehicle,vehicle,1,https://drive.google.com/drive/folders/1U-Pr4r1-cupgNOOq9NH_uTsQnPSVEKco,data/_source/isl_dictionary/V/Vehicle.mp4,4560,ISLRTC,src=V/Vehicle.mp4
vein,vein,1,https://drive.google.com/drive/folders/1U-Pr4r1-cupgNOOq9NH_uTsQnPSVEKco,data/_source/isl_dictionary/V/Vein.mp4,12320,ISLRTC,src=V/Vein.mp4
velcro,velcro,1,https://drive.google.com/drive/folders/1U-Pr4r1-cupgNOOq9NH_uTsQnPSVEKco,data/_source/isl_dictionary/V/Velcro.mp4,7200,ISLRTC,src=V/Velcro.mp4
velocity,velocity,1,https://drive.google.com/drive/folders/1U-Pr4r1-cupgNOOq9NH_uTsQnPSVEKco,data/_source/isl_dictionary/V/Velocity.mp4,28848,ISLRTC,src=V/Velocity.mp4
venality_venal,venality venal,2,https://drive.google.com/drive/folders/1U-Pr4r1-cupgNOOq9NH_uTsQnPSVEKco,data/_source/isl_dictionary/V/Venality_Venal.mp4,23542,ISLRTC,src=V/Venality_Venal.mp4
venezuela,venezuela,1,https://drive.google.com/drive/folders/1U-Pr4r1-cupgNOOq9NH_uTsQnPSVEKco,data/_source/isl_dictionary/V/Venezuela.mp4,3240,ISLRTC,src=V/Venezuela.mp4
vent,vent,1,https://drive.google.com/drive/folders/1U-Pr4r1-cupgNOOq9NH_uTsQnPSVEKco,data/_source/isl_dictionary/V/Vent.mp4,10560,ISLRTC,src=V/Vent.mp4
ventilation,ventilation,1,https://drive.google.com/drive/folders/1U-Pr4r1-cupgNOOq9NH_uTsQnPSVEKco,data/_source/isl_dictionary/V/Ventilation.mp4,11500,ISLRTC,src=V/Ventilation.mp4
verb,verb,1,https://drive.google.com/drive/folders/1U-Pr4r1-cupgNOOq9NH_uTsQnPSVEKco,data/_source/isl_dictionary/V/Verb.mp4,3280,ISLRTC,src=V/Verb.mp4; 1 other variant(s)
verbs,verbs,1,https://drive.google.com/drive/folders/1U-Pr4r1-cupgNOOq9NH_uTsQnPSVEKco,data/_source/isl_dictionary/V/Verbs.mp4,3240,ISLRTC,src=V/Verbs.mp4
verification,verification,1,https://drive.google.com/drive/folders/1U-Pr4r1-cupgNOOq9NH_uTsQnPSVEKco,data/_source/isl_dictionary/V/Verification.mp4,28328,ISLRTC,src=V/Verification.mp4
vermicomposting,vermicomposting,1,https://drive.google.com/drive/folders/1U-Pr4r1-cupgNOOq9NH_uTsQnPSVEKco,data/_source/isl_dictionary/V/Vermicomposting.mp4,28800,ISLRTC,src=V/Vermicomposting.mp4
vernier_caliper,vernier caliper,2,https://drive.google.com/drive/folders/1U-Pr4r1-cupgNOOq9NH_uTsQnPSVEKco,data/_source/isl_dictionary/V/Vernier_Caliper.mp4,18240,ISLRTC,src=V/Vernier_Caliper.mp4
vertebra,vertebra,1,https://drive.google.com/drive/folders/1U-Pr4r1-cupgNOOq9NH_uTsQnPSVEKco,data/_source/isl_dictionary/V/Vertebra.mp4,11160,ISLRTC,src=V/Vertebra.mp4
vertebrates,vertebrates,1,https://drive.google.com/drive/folders/1U-Pr4r1-cupgNOOq9NH_uTsQnPSVEKco,data/_source/isl_dictionary/V/Vertebrates.mp4,16333,ISLRTC,src=V/Vertebrates.mp4
vertical_scroll_bar,vertical scroll bar,3,https://drive.google.com/drive/folders/1U-Pr4r1-cupgNOOq9NH_uTsQnPSVEKco,data/_source/isl_dictionary/V/Vertical_Scroll_Bar.mp4,12480,ISLRTC,src=V/Vertical_Scroll_Bar.mp4
vertically_opposite_angles,vertically opposite angles,3,https://drive.google.com/drive/folders/1U-Pr4r1-cupgNOOq9NH_uTsQnPSVEKco,data/_source/isl_dictionary/V/Vertically_Opposite_Angles.mp4,24542,ISLRTC,src=V/Vertically_Opposite_Angles.mp4
vertigo,vertigo,1,https://drive.google.com/drive/folders/1U-Pr4r1-cupgNOOq9NH_uTsQnPSVEKco,data/_source/isl_dictionary/V/Vertigo.mp4,12760,ISLRTC,src=V/Vertigo.mp4
very,very,1,https://drive.google.com/drive/folders/1U-Pr4r1-cupgNOOq9NH_uTsQnPSVEKco,data/_source/isl_dictionary/V/Very.mp4,3360,ISLRTC,src=V/Very.mp4
very_hot,very hot,2,https://drive.google.com/drive/folders/1U-Pr4r1-cupgNOOq9NH_uTsQnPSVEKco,data/_source/isl_dictionary/V/Very_Hot.mp4,3640,ISLRTC,src=V/Very_Hot.mp4; 1 other variant(s)
very_wealthy_person_magnate_tycoon,very wealthy person magnate tycoon,5,https://drive.google.com/drive/folders/1U-Pr4r1-cupgNOOq9NH_uTsQnPSVEKco,data/_source/isl_dictionary/V/Very_Wealthy_Person_Magnate_Tycoon.mp4,4160,ISLRTC,src=V/Very_Wealthy_Person_Magnate_Tycoon.mp4
vessel,vessel,1,https://drive.google.com/drive/folders/1U-Pr4r1-cupgNOOq9NH_uTsQnPSVEKco,data/_source/isl_dictionary/V/Vessel.mp4,6920,ISLRTC,src=V/Vessel.mp4
veteran,veteran,1,https://drive.google.com/drive/folders/1U-Pr4r1-cupgNOOq9NH_uTsQnPSVEKco,data/_source/isl_dictionary/V/Veteran.mp4,12917,ISLRTC,src=V/Veteran.mp4
veterinarian,veterinarian,1,https://drive.google.com/drive/folders/1U-Pr4r1-cupgNOOq9NH_uTsQnPSVEKco,data/_source/isl_dictionary/V/Veterinarian.mp4,7560,ISLRTC,src=V/Veterinarian.mp4; 1 other variant(s)
veterinary_technologist,veterinary technologist,2,https://drive.google.com/drive/folders/1U-Pr4r1-cupgNOOq9NH_uTsQnPSVEKco,data/_source/isl_dictionary/V/Veterinary_Technologist.mp4,5360,ISLRTC,src=V/Veterinary_Technologist.mp4
vexatious_litigant,vexatious litigant,2,https://drive.google.com/drive/folders/1U-Pr4r1-cupgNOOq9NH_uTsQnPSVEKco,data/_source/isl_dictionary/V/Vexatious_Litigant.mp4,27960,ISLRTC,src=V/Vexatious_Litigant.mp4
viable,viable,1,https://drive.google.com/drive/folders/1U-Pr4r1-cupgNOOq9NH_uTsQnPSVEKco,data/_source/isl_dictionary/V/Viable.mp4,4875,ISLRTC,src=V/Viable.mp4
vibrant_image,vibrant image,2,https://drive.google.com/drive/folders/1U-Pr4r1-cupgNOOq9NH_uTsQnPSVEKco,data/_source/isl_dictionary/V/Vibrant_Image.mp4,13125,ISLRTC,src=V/Vibrant_Image.mp4
vibrator,vibrator,1,https://drive.google.com/drive/folders/1U-Pr4r1-cupgNOOq9NH_uTsQnPSVEKco,data/_source/isl_dictionary/V/Vibrator.mp4,26840,ISLRTC,src=V/Vibrator.mp4
vice_president,vice president,2,https://drive.google.com/drive/folders/1U-Pr4r1-cupgNOOq9NH_uTsQnPSVEKco,data/_source/isl_dictionary/V/Vice_President.mp4,3680,ISLRTC,src=V/Vice_President.mp4
victim,victim,1,https://drive.google.com/drive/folders/1U-Pr4r1-cupgNOOq9NH_uTsQnPSVEKco,data/_source/isl_dictionary/V/Victim.mp4,23880,ISLRTC,src=V/Victim.mp4
victory_success_triumph,victory success triumph,3,https://drive.google.com/drive/folders/1U-Pr4r1-cupgNOOq9NH_uTsQnPSVEKco,data/_source/isl_dictionary/V/Victory_Success_Triumph.mp4,3080,ISLRTC,src=V/Victory_Success_Triumph.mp4; 1 other variant(s)
video,video,1,https://drive.google.com/drive/folders/1U-Pr4r1-cupgNOOq9NH_uTsQnPSVEKco,data/_source/isl_dictionary/V/Video.mp4,3680,ISLRTC,src=V/Video.mp4; 1 other variant(s)
video_call,video call,2,https://drive.google.com/drive/folders/1U-Pr4r1-cupgNOOq9NH_uTsQnPSVEKco,data/_source/isl_dictionary/V/Video_Call.mp4,4500,ISLRTC,src=V/Video_Call.mp4
video_card,video card,2,https://drive.google.com/drive/folders/1U-Pr4r1-cupgNOOq9NH_uTsQnPSVEKco,data/_source/isl_dictionary/V/Video_Card.mp4,19708,ISLRTC,src=V/Video_Card.mp4; 1 other variant(s)
video_conference,video conference,2,https://drive.google.com/drive/folders/1U-Pr4r1-cupgNOOq9NH_uTsQnPSVEKco,data/_source/isl_dictionary/V/Video_Conference.mp4,23800,ISLRTC,src=V/Video_Conference.mp4
video_counselling,video counselling,2,https://drive.google.com/drive/folders/1U-Pr4r1-cupgNOOq9NH_uTsQnPSVEKco,data/_source/isl_dictionary/MHSL - 259/Video_counselling.mp4,27520,ISLRTC,src=MHSL - 259/Video_counselling.mp4
video_filter,video filter,2,https://drive.google.com/drive/folders/1U-Pr4r1-cupgNOOq9NH_uTsQnPSVEKco,data/_source/isl_dictionary/V/Video_Filter.mp4,28320,ISLRTC,src=V/Video_Filter.mp4
video_relay_service,video relay service,3,https://drive.google.com/drive/folders/1U-Pr4r1-cupgNOOq9NH_uTsQnPSVEKco,data/_source/isl_dictionary/V/Video_Relay_Service_(VRS).mp4,3680,ISLRTC,src=V/Video_Relay_Service_(VRS).mp4
video_tutorials,video tutorials,2,https://drive.google.com/drive/folders/1U-Pr4r1-cupgNOOq9NH_uTsQnPSVEKco,data/_source/isl_dictionary/V/Video_Tutorials.mp4,26120,ISLRTC,src=V/Video_Tutorials.mp4
videographer,videographer,1,https://drive.google.com/drive/folders/1U-Pr4r1-cupgNOOq9NH_uTsQnPSVEKco,data/_source/isl_dictionary/V/Videographer.mp4,3880,ISLRTC,src=V/Videographer.mp4; 1 other variant(s)
vidyasagar_setu,vidyasagar setu,2,https://drive.google.com/drive/folders/1U-Pr4r1-cupgNOOq9NH_uTsQnPSVEKco,data/_source/isl_dictionary/V/Vidyasagar_Setu.mp4,5040,ISLRTC,src=V/Vidyasagar_Setu.mp4
vietnam,vietnam,1,https://drive.google.com/drive/folders/1U-Pr4r1-cupgNOOq9NH_uTsQnPSVEKco,data/_source/isl_dictionary/V/Vietnam.mp4,2680,ISLRTC,src=V/Vietnam.mp4; 1 other variant(s)
view_perspective,view perspective,2,https://drive.google.com/drive/folders/1U-Pr4r1-cupgNOOq9NH_uTsQnPSVEKco,data/_source/isl_dictionary/V/View_Perspective.mp4,3560,ISLRTC,src=V/View_Perspective.mp4; 1 other variant(s)
view_scene,view scene,2,https://drive.google.com/drive/folders/1U-Pr4r1-cupgNOOq9NH_uTsQnPSVEKco,data/_source/isl_dictionary/V/View_Scene.mp4,4600,ISLRTC,src=V/View_Scene.mp4
vijaya_bank,vijaya bank,2,https://drive.google.com/drive/folders/1U-Pr4r1-cupgNOOq9NH_uTsQnPSVEKco,data/_source/isl_dictionary/V/Vijaya_Bank.mp4,5208,ISLRTC,src=V/Vijaya_Bank.mp4
village,village,1,https://drive.google.com/drive/folders/1U-Pr4r1-cupgNOOq9NH_uTsQnPSVEKco,data/_source/isl_dictionary/V/Village.mp4,2720,ISLRTC,src=V/Village.mp4; 1 other variant(s)
village_sign_language,village sign language,3,https://drive.google.com/drive/folders/1U-Pr4r1-cupgNOOq9NH_uTsQnPSVEKco,data/_source/isl_dictionary/V/Village_Sign_Language.mp4,14875,ISLRTC,src=V/Village_Sign_Language.mp4
vinyl_flooring,vinyl flooring,2,https://drive.google.com/drive/folders/1U-Pr4r1-cupgNOOq9NH_uTsQnPSVEKco,data/_source/isl_dictionary/V/Vinyl_Flooring.mp4,18240,ISLRTC,src=V/Vinyl_Flooring.mp4
violence,violence,1,https://drive.google.com/drive/folders/1U-Pr4r1-cupgNOOq9NH_uTsQnPSVEKco,"data/_source/isl_dictionary/MHSL - 259/Violence_(domestic,_emotional,_intellectual).mp4",27178,ISLRTC,"src=MHSL - 259/Violence_(domestic,_emotional,_intellectual).mp4"
violin,violin,1,https://drive.google.com/drive/folders/1U-Pr4r1-cupgNOOq9NH_uTsQnPSVEKco,data/_source/isl_dictionary/V/Violin.mp4,4400,ISLRTC,src=V/Violin.mp4
viral_diseases_animals,viral diseases animals,3,https://drive.google.com/drive/folders/1U-Pr4r1-cupgNOOq9NH_uTsQnPSVEKco,data/_source/isl_dictionary/V/Viral_Diseases_Animals.mp4,12500,ISLRTC,src=V/Viral_Diseases_Animals.mp4
virat_kohli,virat kohli,2,https://drive.google.com/drive/folders/1U-Pr4r1-cupgNOOq9NH_uTsQnPSVEKco,data/_source/isl_dictionary/V/Virat_Kohli.mp4,3720,ISLRTC,src=V/Virat_Kohli.mp4
virtual,virtual,1,https://drive.google.com/drive/folders/1U-Pr4r1-cupgNOOq9NH_uTsQnPSVEKco,data/_source/isl_dictionary/V/Virtual.mp4,15360,ISLRTC,src=V/Virtual.mp4
virtue,virtue,1,https://drive.google.com/drive/folders/1U-Pr4r1-cupgNOOq9NH_uTsQnPSVEKco,data/_source/isl_dictionary/New 2500 ISL Dictionary Videos/BCS/Virtue - English.mp4,16740,ISLRTC,src=New 2500 ISL Dictionary Videos/BCS/Virtue - English.mp4
virus,virus,1,https://drive.google.com/drive/folders/1U-Pr4r1-cupgNOOq9NH_uTsQnPSVEKco,data/_source/isl_dictionary/V/Virus.mp4,5280,ISLRTC,src=V/Virus.mp4; 3 other variant(s)
virus_symtoms,virus symtoms,2,https://drive.google.com/drive/folders/1U-Pr4r1-cupgNOOq9NH_uTsQnPSVEKco,data/_source/isl_dictionary/V/Virus_Symtoms.mp4,26400,ISLRTC,src=V/Virus_Symtoms.mp4
viruses,viruses,1,https://drive.google.com/drive/folders/1U-Pr4r1-cupgNOOq9NH_uTsQnPSVEKco,data/_source/isl_dictionary/V/Viruses.mp4,3240,ISLRTC,src=V/Viruses.mp4
visa,visa,1,https://drive.google.com/drive/folders/1U-Pr4r1-cupgNOOq9NH_uTsQnPSVEKco,data/_source/isl_dictionary/V/Visa_.mp4,3520,ISLRTC,src=V/Visa_.mp4; 1 other variant(s)
vishnu,vishnu,1,https://drive.google.com/drive/folders/1U-Pr4r1-cupgNOOq9NH_uTsQnPSVEKco,data/_source/isl_dictionary/V/Vishnu.mp4,4040,ISLRTC,src=V/Vishnu.mp4
vision,vision,1,https://drive.google.com/drive/folders/1U-Pr4r1-cupgNOOq9NH_uTsQnPSVEKco,data/_source/isl_dictionary/V/Vision_(Sign_2).mp4,4480,ISLRTC,src=V/Vision_(Sign_2).mp4; 1 other variant(s)
vision_loss_and_blindness,vision loss and blindness,4,https://drive.google.com/drive/folders/1U-Pr4r1-cupgNOOq9NH_uTsQnPSVEKco,data/_source/isl_dictionary/V/Vision_Loss_and_Blindness.mp4,10360,ISLRTC,src=V/Vision_Loss_and_Blindness.mp4
visit,visit,1,https://drive.google.com/drive/folders/1U-Pr4r1-cupgNOOq9NH_uTsQnPSVEKco,data/_source/isl_dictionary/V/Visit.mp4,3480,ISLRTC,src=V/Visit.mp4
visual,visual,1,https://drive.google.com/drive/folders/1U-Pr4r1-cupgNOOq9NH_uTsQnPSVEKco,data/_source/isl_dictionary/V/Visual.mp4,3360,ISLRTC,src=V/Visual.mp4
visual_basic,visual basic,2,https://drive.google.com/drive/folders/1U-Pr4r1-cupgNOOq9NH_uTsQnPSVEKco,data/_source/isl_dictionary/V/Visual_Basic.mp4,19200,ISLRTC,src=V/Visual_Basic.mp4
visual_effects,visual effects,2,https://drive.google.com/drive/folders/1U-Pr4r1-cupgNOOq9NH_uTsQnPSVEKco,data/_source/isl_dictionary/V/Visual_Effects.mp4,21375,ISLRTC,src=V/Visual_Effects.mp4
visual_vernacular,visual vernacular,2,https://drive.google.com/drive/folders/1U-Pr4r1-cupgNOOq9NH_uTsQnPSVEKco,data/_source/isl_dictionary/New 2500 ISL Dictionary Videos/BCS/Visual Vernacular - English.mp4,20600,ISLRTC,src=New 2500 ISL Dictionary Videos/BCS/Visual Vernacular - English.mp4
vital_signs_monitor,vital signs monitor,3,https://drive.google.com/drive/folders/1U-Pr4r1-cupgNOOq9NH_uTsQnPSVEKco,data/_source/isl_dictionary/V/Vital_Signs_Monitor.mp4,28760,ISLRTC,src=V/Vital_Signs_Monitor.mp4
vitamin,vitamin,1,https://drive.google.com/drive/folders/1U-Pr4r1-cupgNOOq9NH_uTsQnPSVEKco,data/_source/isl_dictionary/V/Vitamin.mp4,3920,ISLRTC,src=V/Vitamin.mp4
vitamin_a,vitamin a,2,https://drive.google.com/drive/folders/1U-Pr4r1-cupgNOOq9NH_uTsQnPSVEKco,data/_source/isl_dictionary/V/Vitamin_A.mp4,28120,ISLRTC,src=V/Vitamin_A.mp4
vitamin_b1,vitamin b1,2,https://drive.google.com/drive/folders/1U-Pr4r1-cupgNOOq9NH_uTsQnPSVEKco,data/_source/isl_dictionary/V/Vitamin_B1.mp4,22200,ISLRTC,src=V/Vitamin_B1.mp4
vitamin_b12,vitamin b12,2,https://drive.google.com/drive/folders/1U-Pr4r1-cupgNOOq9NH_uTsQnPSVEKco,data/_source/isl_dictionary/V/Vitamin_B12.mp4,14160,ISLRTC,src=V/Vitamin_B12.mp4
vitamin_b2,vitamin b2,2,https://drive.google.com/drive/folders/1U-Pr4r1-cupgNOOq9NH_uTsQnPSVEKco,data/_source/isl_dictionary/V/Vitamin_B2.mp4,24560,ISLRTC,src=V/Vitamin_B2.mp4
vitamin_b3,vitamin b3,2,https://drive.google.com/drive/folders/1U-Pr4r1-cupgNOOq9NH_uTsQnPSVEKco,data/_source/isl_dictionary/V/Vitamin_B3.mp4,20720,ISLRTC,src=V/Vitamin_B3.mp4
vitamin_b5,vitamin b5,2,https://drive.google.com/drive/folders/1U-Pr4r1-cupgNOOq9NH_uTsQnPSVEKco,data/_source/isl_dictionary/V/Vitamin_B5.mp4,22120,ISLRTC,src=V/Vitamin_B5.mp4
vitamin_b6,vitamin b6,2,https://drive.google.com/drive/folders/1U-Pr4r1-cupgNOOq9NH_uTsQnPSVEKco,data/_source/isl_dictionary/V/Vitamin_B6.mp4,22640,ISLRTC,src=V/Vitamin_B6.mp4
vitamin_b7,vitamin b7,2,https://drive.google.com/drive/folders/1U-Pr4r1-cupgNOOq9NH_uTsQnPSVEKco,data/_source/isl_dictionary/V/Vitamin_B7.mp4,15760,ISLRTC,src=V/Vitamin_B7.mp4
vitamin_b9,vitamin b9,2,https://drive.google.com/drive/folders/1U-Pr4r1-cupgNOOq9NH_uTsQnPSVEKco,data/_source/isl_dictionary/V/Vitamin_B9.mp4,12600,ISLRTC,src=V/Vitamin_B9.mp4
vitamin_c,vitamin c,2,https://drive.google.com/drive/folders/1U-Pr4r1-cupgNOOq9NH_uTsQnPSVEKco,data/_source/isl_dictionary/V/Vitamin_C.mp4,14440,ISLRTC,src=V/Vitamin_C.mp4
vitamin_d,vitamin d,2,https://drive.google.com/drive/folders/1U-Pr4r1-cupgNOOq9NH_uTsQnPSVEKco,data/_source/isl_dictionary/V/Vitamin_D.mp4,15000,ISLRTC,src=V/Vitamin_D.mp4
vitamin_e,vitamin e,2,https://drive.google.com/drive/folders/1U-Pr4r1-cupgNOOq9NH_uTsQnPSVEKco,data/_source/isl_dictionary/V/Vitamin_E.mp4,19040,ISLRTC,src=V/Vitamin_E.mp4
vitamin_k1,vitamin k1,2,https://drive.google.com/drive/folders/1U-Pr4r1-cupgNOOq9NH_uTsQnPSVEKco,data/_source/isl_dictionary/V/Vitamin_K1.mp4,12880,ISLRTC,src=V/Vitamin_K1.mp4
vitelline_membrane,vitelline membrane,2,https://drive.google.com/drive/folders/1U-Pr4r1-cupgNOOq9NH_uTsQnPSVEKco,data/_source/isl_dictionary/V/Vitelline_Membrane.mp4,26375,ISLRTC,src=V/Vitelline_Membrane.mp4
viticulture,viticulture,1,https://drive.google.com/drive/folders/1U-Pr4r1-cupgNOOq9NH_uTsQnPSVEKco,data/_source/isl_dictionary/V/Viticulture.mp4,25520,ISLRTC,src=V/Viticulture.mp4
vitiligo,vitiligo,1,https://drive.google.com/drive/folders/1U-Pr4r1-cupgNOOq9NH_uTsQnPSVEKco,data/_source/isl_dictionary/V/Vitiligo.mp4,2320,ISLRTC,src=V/Vitiligo.mp4; 1 other variant(s)
vivekananda_rock_memorial,vivekananda rock memorial,3,https://drive.google.com/drive/folders/1U-Pr4r1-cupgNOOq9NH_uTsQnPSVEKco,data/_source/isl_dictionary/V/Vivekananda_Rock_Memorial.mp4,6200,ISLRTC,src=V/Vivekananda_Rock_Memorial.mp4
vocabulary,vocabulary,1,https://drive.google.com/drive/folders/1U-Pr4r1-cupgNOOq9NH_uTsQnPSVEKco,data/_source/isl_dictionary/V/Vocabulary.mp4,2480,ISLRTC,src=V/Vocabulary.mp4
vocal_cord,vocal cord,2,https://drive.google.com/drive/folders/1U-Pr4r1-cupgNOOq9NH_uTsQnPSVEKco,data/_source/isl_dictionary/V/Vocal_Cord.mp4,7120,ISLRTC,src=V/Vocal_Cord.mp4
vocation,vocation,1,https://drive.google.com/drive/folders/1U-Pr4r1-cupgNOOq9NH_uTsQnPSVEKco,data/_source/isl_dictionary/V/Vocation.mp4,4240,ISLRTC,src=V/Vocation.mp4
vodafone,vodafone,1,https://drive.google.com/drive/folders/1U-Pr4r1-cupgNOOq9NH_uTsQnPSVEKco,data/_source/isl_dictionary/V/Vodafone.mp4,4320,ISLRTC,src=V/Vodafone.mp4
vodka,vodka,1,https://drive.google.com/drive/folders/1U-Pr4r1-cupgNOOq9NH_uTsQnPSVEKco,data/_source/isl_dictionary/V/Vodka.mp4,3080,ISLRTC,src=V/Vodka.mp4; 1 other variant(s)
voice,voice,1,https://drive.google.com/drive/folders/1U-Pr4r1-cupgNOOq9NH_uTsQnPSVEKco,data/_source/isl_dictionary/V/Voice.mp4,3160,ISLRTC,src=V/Voice.mp4
void_ratio,void ratio,2,https://drive.google.com/drive/folders/1U-Pr4r1-cupgNOOq9NH_uTsQnPSVEKco,data/_source/isl_dictionary/V/Void_Ratio.mp4,19750,ISLRTC,src=V/Void_Ratio.mp4
volatile,volatile,1,https://drive.google.com/drive/folders/1U-Pr4r1-cupgNOOq9NH_uTsQnPSVEKco,data/_source/isl_dictionary/V/Volatile.mp4,24720,ISLRTC,src=V/Volatile.mp4
volcano,volcano,1,https://drive.google.com/drive/folders/1U-Pr4r1-cupgNOOq9NH_uTsQnPSVEKco,data/_source/isl_dictionary/V/Volcano.mp4,22833,ISLRTC,src=V/Volcano.mp4; 4 other variant(s)
volkswagen,volkswagen,1,https://drive.google.com/drive/folders/1U-Pr4r1-cupgNOOq9NH_uTsQnPSVEKco,data/_source/isl_dictionary/V/Volkswagen.mp4,4320,ISLRTC,src=V/Volkswagen.mp4; 1 other variant(s)
volleyball,volleyball,1,https://drive.google.com/drive/folders/1U-Pr4r1-cupgNOOq9NH_uTsQnPSVEKco,data/_source/isl_dictionary/V/Volleyball.mp4,4720,ISLRTC,src=V/Volleyball.mp4
voltage_booster,voltage booster,2,https://drive.google.com/drive/folders/1U-Pr4r1-cupgNOOq9NH_uTsQnPSVEKco,data/_source/isl_dictionary/V/Voltage_Booster.mp4,21680,ISLRTC,src=V/Voltage_Booster.mp4
voltaic_cell,voltaic cell,2,https://drive.google.com/drive/folders/1U-Pr4r1-cupgNOOq9NH_uTsQnPSVEKco,data/_source/isl_dictionary/V/Voltaic_Cell.mp4,17160,ISLRTC,src=V/Voltaic_Cell.mp4
voltmeter,voltmeter,1,https://drive.google.com/drive/folders/1U-Pr4r1-cupgNOOq9NH_uTsQnPSVEKco,data/_source/isl_dictionary/V/Voltmeter.mp4,12960,ISLRTC,src=V/Voltmeter.mp4; 1 other variant(s)
voluetric_flask,voluetric flask,2,https://drive.google.com/drive/folders/1U-Pr4r1-cupgNOOq9NH_uTsQnPSVEKco,data/_source/isl_dictionary/V/Voluetric Flask.mp4,3640,ISLRTC,src=V/Voluetric Flask.mp4
volume,volume,1,https://drive.google.com/drive/folders/1U-Pr4r1-cupgNOOq9NH_uTsQnPSVEKco,data/_source/isl_dictionary/V/Volume.mp4,5760,ISLRTC,src=V/Volume.mp4; 1 other variant(s)
volumetric_analysis,volumetric analysis,2,https://drive.google.com/drive/folders/1U-Pr4r1-cupgNOOq9NH_uTsQnPSVEKco,data/_source/isl_dictionary/V/Volumetric_Analysis.mp4,3560,ISLRTC,src=V/Volumetric_Analysis.mp4
voluntary_retirement_scheme,voluntary retirement scheme,3,https://drive.google.com/drive/folders/1U-Pr4r1-cupgNOOq9NH_uTsQnPSVEKco,data/_source/isl_dictionary/V/Voluntary_Retirement_Scheme.mp4,24458,ISLRTC,src=V/Voluntary_Retirement_Scheme.mp4; 1 other variant(s)
vomiting,vomiting,1,https://drive.google.com/drive/folders/1U-Pr4r1-cupgNOOq9NH_uTsQnPSVEKco,data/_source/isl_dictionary/V/Vomiting.mp4,3720,ISLRTC,src=V/Vomiting.mp4
vote,vote,1,https://drive.google.com/drive/folders/1U-Pr4r1-cupgNOOq9NH_uTsQnPSVEKco,data/_source/isl_dictionary/V/Vote.mp4,3760,ISLRTC,src=V/Vote.mp4
vote_of_thanks,vote of thanks,3,https://drive.google.com/drive/folders/1U-Pr4r1-cupgNOOq9NH_uTsQnPSVEKco,data/_source/isl_dictionary/V/Vote_of_Thanks.mp4,20750,ISLRTC,src=V/Vote_of_Thanks.mp4
voting_rights,voting rights,2,https://drive.google.com/drive/folders/1U-Pr4r1-cupgNOOq9NH_uTsQnPSVEKco,data/_source/isl_dictionary/V/Voting_rights.mp4,25565,ISLRTC,src=V/Voting_rights.mp4
voyeurism,voyeurism,1,https://drive.google.com/drive/folders/1U-Pr4r1-cupgNOOq9NH_uTsQnPSVEKco,data/_source/isl_dictionary/V/Voyeurism.mp4,22160,ISLRTC,src=V/Voyeurism.mp4
vulture,vulture,1,https://drive.google.com/drive/folders/1U-Pr4r1-cupgNOOq9NH_uTsQnPSVEKco,data/_source/isl_dictionary/V/Vulture.mp4,17040,ISLRTC,src=V/Vulture.mp4
vulvovaginal_glands,vulvovaginal glands,2,https://drive.google.com/drive/folders/1U-Pr4r1-cupgNOOq9NH_uTsQnPSVEKco,data/_source/isl_dictionary/V/Vulvovaginal_Glands.mp4,12920,ISLRTC,src=V/Vulvovaginal_Glands.mp4
wadis,wadis,1,https://drive.google.com/drive/folders/1U-Pr4r1-cupgNOOq9NH_uTsQnPSVEKco,data/_source/isl_dictionary/W/Wadis.mp4,18480,ISLRTC,src=W/Wadis.mp4
waist,waist,1,https://drive.google.com/drive/folders/1U-Pr4r1-cupgNOOq9NH_uTsQnPSVEKco,data/_source/isl_dictionary/W/Waist.mp4,5240,ISLRTC,src=W/Waist.mp4
waist_chain,waist chain,2,https://drive.google.com/drive/folders/1U-Pr4r1-cupgNOOq9NH_uTsQnPSVEKco,data/_source/isl_dictionary/New 2500 ISL Dictionary Videos/BCS/Waist Chain - English.mp4,16260,ISLRTC,src=New 2500 ISL Dictionary Videos/BCS/Waist Chain - English.mp4
wait,wait,1,https://drive.google.com/drive/folders/1U-Pr4r1-cupgNOOq9NH_uTsQnPSVEKco,data/_source/isl_dictionary/W/Wait.mp4,4320,ISLRTC,src=W/Wait.mp4
wait_halt_stay,wait halt stay,3,https://drive.google.com/drive/folders/1U-Pr4r1-cupgNOOq9NH_uTsQnPSVEKco,data/_source/isl_dictionary/W/Wait_Halt_Stay.mp4,3800,ISLRTC,src=W/Wait_Halt_Stay.mp4
waiter,waiter,1,https://drive.google.com/drive/folders/1U-Pr4r1-cupgNOOq9NH_uTsQnPSVEKco,data/_source/isl_dictionary/W/Waiter.mp4,3880,ISLRTC,src=W/Waiter.mp4
waiting_room,waiting room,2,https://drive.google.com/drive/folders/1U-Pr4r1-cupgNOOq9NH_uTsQnPSVEKco,data/_source/isl_dictionary/W/Waiting_Room.mp4,8960,ISLRTC,src=W/Waiting_Room.mp4
wake,wake,1,https://drive.google.com/drive/folders/1U-Pr4r1-cupgNOOq9NH_uTsQnPSVEKco,data/_source/isl_dictionary/W/Wake.mp4,4000,ISLRTC,src=W/Wake.mp4
wales,wales,1,https://drive.google.com/drive/folders/1U-Pr4r1-cupgNOOq9NH_uTsQnPSVEKco,data/_source/isl_dictionary/W/Wales.mp4,2680,ISLRTC,src=W/Wales.mp4
walk,walk,1,https://drive.google.com/drive/folders/1U-Pr4r1-cupgNOOq9NH_uTsQnPSVEKco,data/_source/isl_dictionary/W/Walk.mp4,3360,ISLRTC,src=W/Walk.mp4
walking_frame,walking frame,2,https://drive.google.com/drive/folders/1U-Pr4r1-cupgNOOq9NH_uTsQnPSVEKco,data/_source/isl_dictionary/W/Walking_Frame.mp4,10200,ISLRTC,src=W/Walking_Frame.mp4
wall,wall,1,https://drive.google.com/drive/folders/1U-Pr4r1-cupgNOOq9NH_uTsQnPSVEKco,data/_source/isl_dictionary/W/Wall.mp4,4960,ISLRTC,src=W/Wall.mp4
wall_bars,wall bars,2,https://drive.google.com/drive/folders/1U-Pr4r1-cupgNOOq9NH_uTsQnPSVEKco,data/_source/isl_dictionary/W/Wall_Bars.mp4,10760,ISLRTC,src=W/Wall_Bars.mp4
wall_garden,wall garden,2,https://drive.google.com/drive/folders/1U-Pr4r1-cupgNOOq9NH_uTsQnPSVEKco,data/_source/isl_dictionary/W/Wall_Garden.mp4,14560,ISLRTC,src=W/Wall_Garden.mp4
wall_panel,wall panel,2,https://drive.google.com/drive/folders/1U-Pr4r1-cupgNOOq9NH_uTsQnPSVEKco,data/_source/isl_dictionary/W/Wall_Panel.mp4,17750,ISLRTC,src=W/Wall_Panel.mp4
wallet,wallet,1,https://drive.google.com/drive/folders/1U-Pr4r1-cupgNOOq9NH_uTsQnPSVEKco,data/_source/isl_dictionary/W/Wallet.mp4,4280,ISLRTC,src=W/Wallet.mp4
walnut,walnut,1,https://drive.google.com/drive/folders/1U-Pr4r1-cupgNOOq9NH_uTsQnPSVEKco,data/_source/isl_dictionary/W/Walnut.mp4,4000,ISLRTC,src=W/Walnut.mp4
want,want,1,https://drive.google.com/drive/folders/1U-Pr4r1-cupgNOOq9NH_uTsQnPSVEKco,data/_source/isl_dictionary/W/Want_Desire_Wish_For.mp4,3240,ISLRTC,alias of 'want desire wish for': dictionary files these synonyms under one sign
want_desire_wish_for,want desire wish for,4,https://drive.google.com/drive/folders/1U-Pr4r1-cupgNOOq9NH_uTsQnPSVEKco,data/_source/isl_dictionary/W/Want_Desire_Wish_For.mp4,3240,ISLRTC,src=W/Want_Desire_Wish_For.mp4
wanted_wanted_criminal,wanted wanted criminal,3,https://drive.google.com/drive/folders/1U-Pr4r1-cupgNOOq9NH_uTsQnPSVEKco,data/_source/isl_dictionary/W/Wanted_Wanted_Criminal.mp4,25480,ISLRTC,src=W/Wanted_Wanted_Criminal.mp4
war,war,1,https://drive.google.com/drive/folders/1U-Pr4r1-cupgNOOq9NH_uTsQnPSVEKco,data/_source/isl_dictionary/W/War.mp4,4600,ISLRTC,src=W/War.mp4; 1 other variant(s)
ward,ward,1,https://drive.google.com/drive/folders/1U-Pr4r1-cupgNOOq9NH_uTsQnPSVEKco,data/_source/isl_dictionary/W/Ward.mp4,9440,ISLRTC,src=W/Ward.mp4
ward_of_court,ward of court,3,https://drive.google.com/drive/folders/1U-Pr4r1-cupgNOOq9NH_uTsQnPSVEKco,data/_source/isl_dictionary/W/Ward_of_Court.mp4,26040,ISLRTC,src=W/Ward_of_Court.mp4
warm,warm,1,https://drive.google.com/drive/folders/1U-Pr4r1-cupgNOOq9NH_uTsQnPSVEKco,data/_source/isl_dictionary/W/Warm.mp4,2960,ISLRTC,src=W/Warm.mp4; 1 other variant(s)
warm_colours,warm colours,2,https://drive.google.com/drive/folders/1U-Pr4r1-cupgNOOq9NH_uTsQnPSVEKco,data/_source/isl_dictionary/W/Warm_Colours.mp4,28833,ISLRTC,src=W/Warm_Colours.mp4
warn_admonish,warn admonish,2,https://drive.google.com/drive/folders/1U-Pr4r1-cupgNOOq9NH_uTsQnPSVEKco,data/_source/isl_dictionary/W/Warn_Admonish.mp4,2920,ISLRTC,src=W/Warn_Admonish.mp4
wartenberg_wheel,wartenberg wheel,2,https://drive.google.com/drive/folders/1U-Pr4r1-cupgNOOq9NH_uTsQnPSVEKco,data/_source/isl_dictionary/W/Wartenberg_Wheel.mp4,19880,ISLRTC,src=W/Wartenberg_Wheel.mp4
wash,wash,1,https://drive.google.com/drive/folders/1U-Pr4r1-cupgNOOq9NH_uTsQnPSVEKco,data/_source/isl_dictionary/W/Wash_(Clothes).mp4,2320,ISLRTC,src=W/Wash_(Clothes).mp4; 5 other variant(s)
washer_plate,washer plate,2,https://drive.google.com/drive/folders/1U-Pr4r1-cupgNOOq9NH_uTsQnPSVEKco,data/_source/isl_dictionary/W/Washer_Plate.mp4,24960,ISLRTC,src=W/Washer_Plate.mp4
washerman,washerman,1,https://drive.google.com/drive/folders/1U-Pr4r1-cupgNOOq9NH_uTsQnPSVEKco,data/_source/isl_dictionary/W/Washerman.mp4,6560,ISLRTC,src=W/Washerman.mp4
washing_machine,washing machine,2,https://drive.google.com/drive/folders/1U-Pr4r1-cupgNOOq9NH_uTsQnPSVEKco,data/_source/isl_dictionary/W/Washing_Machine.mp4,4320,ISLRTC,src=W/Washing_Machine.mp4
washroom,washroom,1,https://drive.google.com/drive/folders/1U-Pr4r1-cupgNOOq9NH_uTsQnPSVEKco,data/_source/isl_dictionary/W/Washroom.mp4,4320,ISLRTC,src=W/Washroom.mp4
waste,waste,1,https://drive.google.com/drive/folders/1U-Pr4r1-cupgNOOq9NH_uTsQnPSVEKco,data/_source/isl_dictionary/W/Waste.mp4,3960,ISLRTC,src=W/Waste.mp4
waste_excess,waste excess,2,https://drive.google.com/drive/folders/1U-Pr4r1-cupgNOOq9NH_uTsQnPSVEKco,data/_source/isl_dictionary/W/Waste_Excess.mp4,17125,ISLRTC,src=W/Waste_Excess.mp4
watch,watch,1,https://drive.google.com/drive/folders/1U-Pr4r1-cupgNOOq9NH_uTsQnPSVEKco,data/_source/isl_dictionary/O/Observe_Watch.mp4,2680,ISLRTC,alias of 'observe watch': dictionary files both words under one sign (verb sense)
watch_guard_keep_an_eye_on,watch guard keep an eye on,6,https://drive.google.com/drive/folders/1U-Pr4r1-cupgNOOq9NH_uTsQnPSVEKco,data/_source/isl_dictionary/W/Watch_Guard_Keep_an_Eye_On.mp4,2640,ISLRTC,src=W/Watch_Guard_Keep_an_Eye_On.mp4
watch_wristwatch_timepiece,watch wristwatch timepiece,3,https://drive.google.com/drive/folders/1U-Pr4r1-cupgNOOq9NH_uTsQnPSVEKco,data/_source/isl_dictionary/W/Watch_Wristwatch_Timepiece.mp4,2360,ISLRTC,src=W/Watch_Wristwatch_Timepiece.mp4
water,water,1,https://drive.google.com/drive/folders/1U-Pr4r1-cupgNOOq9NH_uTsQnPSVEKco,data/_source/isl_dictionary/W/Water.mp4,3240,ISLRTC,src=W/Water.mp4
water_cannon,water cannon,2,https://drive.google.com/drive/folders/1U-Pr4r1-cupgNOOq9NH_uTsQnPSVEKco,data/_source/isl_dictionary/W/Water_Cannon.mp4,15720,ISLRTC,src=W/Water_Cannon.mp4
water_closet,water closet,2,https://drive.google.com/drive/folders/1U-Pr4r1-cupgNOOq9NH_uTsQnPSVEKco,data/_source/isl_dictionary/W/Water_Closet.mp4,15375,ISLRTC,src=W/Water_Closet.mp4
water_cycle,water cycle,2,https://drive.google.com/drive/folders/1U-Pr4r1-cupgNOOq9NH_uTsQnPSVEKco,data/_source/isl_dictionary/W/Water_Cycle.mp4,4320,ISLRTC,src=W/Water_Cycle.mp4
water_erosion,water erosion,2,https://drive.google.com/drive/folders/1U-Pr4r1-cupgNOOq9NH_uTsQnPSVEKco,data/_source/isl_dictionary/W/Water_Erosion.mp4,11880,ISLRTC,src=W/Water_Erosion.mp4
water_filter,water filter,2,https://drive.google.com/drive/folders/1U-Pr4r1-cupgNOOq9NH_uTsQnPSVEKco,data/_source/isl_dictionary/W/Water_Filter.mp4,4280,ISLRTC,src=W/Water_Filter.mp4
water_garden,water garden,2,https://drive.google.com/drive/folders/1U-Pr4r1-cupgNOOq9NH_uTsQnPSVEKco,data/_source/isl_dictionary/W/Water_Garden.mp4,18840,ISLRTC,src=W/Water_Garden.mp4
water_indigenous_buffalow,water indigenous buffalow,3,https://drive.google.com/drive/folders/1U-Pr4r1-cupgNOOq9NH_uTsQnPSVEKco,data/_source/isl_dictionary/W/Water_Indigenous_Buffalow.mp4,16292,ISLRTC,src=W/Water_Indigenous_Buffalow.mp4
water_lifting_equipments,water lifting equipments,3,https://drive.google.com/drive/folders/1U-Pr4r1-cupgNOOq9NH_uTsQnPSVEKco,data/_source/isl_dictionary/W/Water_Lifting_Equipments.mp4,12500,ISLRTC,src=W/Water_Lifting_Equipments.mp4
water_logged_hedges,water logged hedges,3,https://drive.google.com/drive/folders/1U-Pr4r1-cupgNOOq9NH_uTsQnPSVEKco,data/_source/isl_dictionary/W/Water_Logged_Hedges.mp4,11800,ISLRTC,src=W/Water_Logged_Hedges.mp4
water_logged_soil_weeds,water logged soil weeds,4,https://drive.google.com/drive/folders/1U-Pr4r1-cupgNOOq9NH_uTsQnPSVEKco,data/_source/isl_dictionary/W/Water_Logged_Soil_Weeds.mp4,20280,ISLRTC,src=W/Water_Logged_Soil_Weeds.mp4
water_motor_water_pump,water motor water pump,4,https://drive.google.com/drive/folders/1U-Pr4r1-cupgNOOq9NH_uTsQnPSVEKco,data/_source/isl_dictionary/W/Water_Motor_Water_Pump.mp4,4120,ISLRTC,src=W/Water_Motor_Water_Pump.mp4
water_permeability,water permeability,2,https://drive.google.com/drive/folders/1U-Pr4r1-cupgNOOq9NH_uTsQnPSVEKco,data/_source/isl_dictionary/W/Water_Permeability.mp4,23720,ISLRTC,src=W/Water_Permeability.mp4
water_pipe,water pipe,2,https://drive.google.com/drive/folders/1U-Pr4r1-cupgNOOq9NH_uTsQnPSVEKco,data/_source/isl_dictionary/W/Water_Pipe.mp4,4400,ISLRTC,src=W/Water_Pipe.mp4
water_pollution,water pollution,2,https://drive.google.com/drive/folders/1U-Pr4r1-cupgNOOq9NH_uTsQnPSVEKco,data/_source/isl_dictionary/W/Water_Pollution.mp4,4720,ISLRTC,src=W/Water_Pollution.mp4; 1 other variant(s)
water_pump,water pump,2,https://drive.google.com/drive/folders/1U-Pr4r1-cupgNOOq9NH_uTsQnPSVEKco,data/_source/isl_dictionary/W/Water_Pump.mp4,4160,ISLRTC,src=W/Water_Pump.mp4
water_reducing_admixtures,water reducing admixtures,3,https://drive.google.com/drive/folders/1U-Pr4r1-cupgNOOq9NH_uTsQnPSVEKco,data/_source/isl_dictionary/W/Water_Reducing_Admixtures.mp4,27333,ISLRTC,src=W/Water_Reducing_Admixtures.mp4
water_skiing_wakeboarding,water skiing wakeboarding,3,https://drive.google.com/drive/folders/1U-Pr4r1-cupgNOOq9NH_uTsQnPSVEKco,data/_source/isl_dictionary/W/Water_Skiing_Wakeboarding.mp4,8375,ISLRTC,src=W/Water_Skiing_Wakeboarding.mp4
water_stagnation,water stagnation,2,https://drive.google.com/drive/folders/1U-Pr4r1-cupgNOOq9NH_uTsQnPSVEKco,data/_source/isl_dictionary/W/Water_Stagnation.mp4,16125,ISLRTC,src=W/Water_Stagnation.mp4
water_tanker,water tanker,2,https://drive.google.com/drive/folders/1U-Pr4r1-cupgNOOq9NH_uTsQnPSVEKco,data/_source/isl_dictionary/W/Water_Tanker.mp4,3750,ISLRTC,src=W/Water_Tanker.mp4
waterbreaking,waterbreaking,1,https://drive.google.com/drive/folders/1U-Pr4r1-cupgNOOq9NH_uTsQnPSVEKco,data/_source/isl_dictionary/W/Water-Breaking.mp4,21120,ISLRTC,src=W/Water-Breaking.mp4
waterfall,waterfall,1,https://drive.google.com/drive/folders/1U-Pr4r1-cupgNOOq9NH_uTsQnPSVEKco,data/_source/isl_dictionary/W/Waterfall.mp4,27680,ISLRTC,src=W/Waterfall.mp4; 2 other variant(s)
watermelon,watermelon,1,https://drive.google.com/drive/folders/1U-Pr4r1-cupgNOOq9NH_uTsQnPSVEKco,data/_source/isl_dictionary/W/Watermelon.mp4,4000,ISLRTC,src=W/Watermelon.mp4
waterproof_air_filter,waterproof air filter,3,https://drive.google.com/drive/folders/1U-Pr4r1-cupgNOOq9NH_uTsQnPSVEKco,data/_source/isl_dictionary/W/Waterproof_Air_Filter.mp4,29167,ISLRTC,src=W/Waterproof_Air_Filter.mp4
waterproof_water_resistant,waterproof water resistant,3,https://drive.google.com/drive/folders/1U-Pr4r1-cupgNOOq9NH_uTsQnPSVEKco,data/_source/isl_dictionary/W/Waterproof_Water_Resistant.mp4,20708,ISLRTC,src=W/Waterproof_Water_Resistant.mp4
watt_meter,watt meter,2,https://drive.google.com/drive/folders/1U-Pr4r1-cupgNOOq9NH_uTsQnPSVEKco,data/_source/isl_dictionary/W/Watt_Meter.mp4,20080,ISLRTC,src=W/Watt_Meter.mp4
wave,wave,1,https://drive.google.com/drive/folders/1U-Pr4r1-cupgNOOq9NH_uTsQnPSVEKco,data/_source/isl_dictionary/W/Wave.mp4,4800,ISLRTC,src=W/Wave.mp4; 1 other variant(s)
waveform,waveform,1,https://drive.google.com/drive/folders/1U-Pr4r1-cupgNOOq9NH_uTsQnPSVEKco,data/_source/isl_dictionary/W/Waveform.mp4,3560,ISLRTC,src=W/Waveform.mp4
wavy_hair,wavy hair,2,https://drive.google.com/drive/folders/1U-Pr4r1-cupgNOOq9NH_uTsQnPSVEKco,data/_source/isl_dictionary/W/Wavy_Hair.mp4,4560,ISLRTC,src=W/Wavy_Hair.mp4
wax_bath,wax bath,2,https://drive.google.com/drive/folders/1U-Pr4r1-cupgNOOq9NH_uTsQnPSVEKco,data/_source/isl_dictionary/W/Wax_Bath.mp4,16840,ISLRTC,src=W/Wax_Bath.mp4
wax_knife,wax knife,2,https://drive.google.com/drive/folders/1U-Pr4r1-cupgNOOq9NH_uTsQnPSVEKco,data/_source/isl_dictionary/W/Wax_Knife.mp4,12400,ISLRTC,src=W/Wax_Knife.mp4
waxing,waxing,1,https://drive.google.com/drive/folders/1U-Pr4r1-cupgNOOq9NH_uTsQnPSVEKco,data/_source/isl_dictionary/W/Waxing_(Hair_Removal).mp4,5920,ISLRTC,src=W/Waxing_(Hair_Removal).mp4
way,way,1,https://drive.google.com/drive/folders/1U-Pr4r1-cupgNOOq9NH_uTsQnPSVEKco,data/_source/isl_dictionary/W/Way.mp4,2720,ISLRTC,src=W/Way.mp4; 1 other variant(s)
ways_methods,ways methods,2,https://drive.google.com/drive/folders/1U-Pr4r1-cupgNOOq9NH_uTsQnPSVEKco,data/_source/isl_dictionary/W/Ways_Methods.mp4,2920,ISLRTC,src=W/Ways_Methods.mp4
wbc,wbc,1,https://drive.google.com/drive/folders/1U-Pr4r1-cupgNOOq9NH_uTsQnPSVEKco,data/_source/isl_dictionary/W/WBC_(Sign).mp4,3720,ISLRTC,src=W/WBC_(Sign).mp4
we,we,1,https://drive.google.com/drive/folders/1U-Pr4r1-cupgNOOq9NH_uTsQnPSVEKco,data/_source/isl_dictionary/W/We.mp4,3000,ISLRTC,src=W/We.mp4
weak,weak,1,https://drive.google.com/drive/folders/1U-Pr4r1-cupgNOOq9NH_uTsQnPSVEKco,data/_source/isl_dictionary/W/Weak.mp4,3280,ISLRTC,src=W/Weak.mp4; 1 other variant(s)
wealthy_rich_affluent_welloff,wealthy rich affluent welloff,4,https://drive.google.com/drive/folders/1U-Pr4r1-cupgNOOq9NH_uTsQnPSVEKco,data/_source/isl_dictionary/W/Wealthy_Rich._Affluent_Well-Off.mp4,3000,ISLRTC,src=W/Wealthy_Rich._Affluent_Well-Off.mp4
weapon,weapon,1,https://drive.google.com/drive/folders/1U-Pr4r1-cupgNOOq9NH_uTsQnPSVEKco,data/_source/isl_dictionary/W/Weapon.mp4,7280,ISLRTC,src=W/Weapon.mp4
wear,wear,1,https://drive.google.com/drive/folders/1U-Pr4r1-cupgNOOq9NH_uTsQnPSVEKco,data/_source/isl_dictionary/W/Wear.mp4,3840,ISLRTC,src=W/Wear.mp4
weather,weather,1,https://drive.google.com/drive/folders/1U-Pr4r1-cupgNOOq9NH_uTsQnPSVEKco,data/_source/isl_dictionary/W/Weather(1).mp4,6600,ISLRTC,src=W/Weather(1).mp4
weathering,weathering,1,https://drive.google.com/drive/folders/1U-Pr4r1-cupgNOOq9NH_uTsQnPSVEKco,data/_source/isl_dictionary/W/Weathering_(Sign_2).mp4,22240,ISLRTC,src=W/Weathering_(Sign_2).mp4
weave,weave,1,https://drive.google.com/drive/folders/1U-Pr4r1-cupgNOOq9NH_uTsQnPSVEKco,data/_source/isl_dictionary/W/Weave.mp4,4000,ISLRTC,src=W/Weave.mp4
weaver,weaver,1,https://drive.google.com/drive/folders/1U-Pr4r1-cupgNOOq9NH_uTsQnPSVEKco,data/_source/isl_dictionary/W/Weaver.mp4,7520,ISLRTC,src=W/Weaver.mp4
web_blog,web blog,2,https://drive.google.com/drive/folders/1U-Pr4r1-cupgNOOq9NH_uTsQnPSVEKco,data/_source/isl_dictionary/W/Web_Blog.mp4,25920,ISLRTC,src=W/Web_Blog.mp4
web_browser,web browser,2,https://drive.google.com/drive/folders/1U-Pr4r1-cupgNOOq9NH_uTsQnPSVEKco,data/_source/isl_dictionary/W/Web_Browser.mp4,22560,ISLRTC,src=W/Web_Browser.mp4
web_camera,web camera,2,https://drive.google.com/drive/folders/1U-Pr4r1-cupgNOOq9NH_uTsQnPSVEKco,data/_source/isl_dictionary/W/Web_Camera.mp4,7120,ISLRTC,src=W/Web_Camera.mp4
web_page,web page,2,https://drive.google.com/drive/folders/1U-Pr4r1-cupgNOOq9NH_uTsQnPSVEKco,data/_source/isl_dictionary/W/Web_Page.mp4,24920,ISLRTC,src=W/Web_Page.mp4
webex,webex,1,https://drive.google.com/drive/folders/1U-Pr4r1-cupgNOOq9NH_uTsQnPSVEKco,data/_source/isl_dictionary/W/Webex.mp4,16920,ISLRTC,src=W/Webex.mp4
website,website,1,https://drive.google.com/drive/folders/1U-Pr4r1-cupgNOOq9NH_uTsQnPSVEKco,data/_source/isl_dictionary/W/Website.mp4,18920,ISLRTC,src=W/Website.mp4; 3 other variant(s)
wedding,wedding,1,https://drive.google.com/drive/folders/1U-Pr4r1-cupgNOOq9NH_uTsQnPSVEKco,data/_source/isl_dictionary/W/Wedding.mp4,2800,ISLRTC,src=W/Wedding.mp4
wedding_reception,wedding reception,2,https://drive.google.com/drive/folders/1U-Pr4r1-cupgNOOq9NH_uTsQnPSVEKco,data/_source/isl_dictionary/W/Wedding_Reception.mp4,4560,ISLRTC,src=W/Wedding_Reception.mp4; 1 other variant(s)
wedge,wedge,1,https://drive.google.com/drive/folders/1U-Pr4r1-cupgNOOq9NH_uTsQnPSVEKco,data/_source/isl_dictionary/W/Wedge.mp4,11920,ISLRTC,src=W/Wedge.mp4
wednesday,wednesday,1,https://drive.google.com/drive/folders/1U-Pr4r1-cupgNOOq9NH_uTsQnPSVEKco,data/_source/isl_dictionary/W/Wednesday.mp4,3200,ISLRTC,src=W/Wednesday.mp4
weed_control,weed control,2,https://drive.google.com/drive/folders/1U-Pr4r1-cupgNOOq9NH_uTsQnPSVEKco,data/_source/isl_dictionary/W/Weed_Control.mp4,27600,ISLRTC,src=W/Weed_Control.mp4
weeds,weeds,1,https://drive.google.com/drive/folders/1U-Pr4r1-cupgNOOq9NH_uTsQnPSVEKco,data/_source/isl_dictionary/W/Weeds.mp4,25120,ISLRTC,src=W/Weeds.mp4
weeds_near_to_pond_margin,weeds near to pond margin,5,https://drive.google.com/drive/folders/1U-Pr4r1-cupgNOOq9NH_uTsQnPSVEKco,data/_source/isl_dictionary/W/Weeds_Near_to_Pond_Margin.mp4,13600,ISLRTC,src=W/Weeds_Near_to_Pond_Margin.mp4
week,week,1,https://drive.google.com/drive/folders/1U-Pr4r1-cupgNOOq9NH_uTsQnPSVEKco,data/_source/isl_dictionary/W/Week_One_Week.mp4,2960,ISLRTC,alias of 'week one week': dictionary files both phrases under one sign
week_one_week,week one week,3,https://drive.google.com/drive/folders/1U-Pr4r1-cupgNOOq9NH_uTsQnPSVEKco,data/_source/isl_dictionary/W/Week_One_Week.mp4,2960,ISLRTC,src=W/Week_One_Week.mp4; 1 other variant(s)
weekend,weekend,1,https://drive.google.com/drive/folders/1U-Pr4r1-cupgNOOq9NH_uTsQnPSVEKco,data/_source/isl_dictionary/W/Weekend.mp4,26640,ISLRTC,src=W/Weekend.mp4
weekly,weekly,1,https://drive.google.com/drive/folders/1U-Pr4r1-cupgNOOq9NH_uTsQnPSVEKco,data/_source/isl_dictionary/W/Weekly.mp4,3640,ISLRTC,src=W/Weekly.mp4
weekly_market,weekly market,2,https://drive.google.com/drive/folders/1U-Pr4r1-cupgNOOq9NH_uTsQnPSVEKco,data/_source/isl_dictionary/W/Weekly_Market.mp4,4320,ISLRTC,src=W/Weekly_Market.mp4
weighing_scale,weighing scale,2,https://drive.google.com/drive/folders/1U-Pr4r1-cupgNOOq9NH_uTsQnPSVEKco,data/_source/isl_dictionary/W/Weighing_Scale_(Electronic).mp4,8200,ISLRTC,src=W/Weighing_Scale_(Electronic).mp4
weight_weigh_weighing_scale,weight weigh weighing scale,4,https://drive.google.com/drive/folders/1U-Pr4r1-cupgNOOq9NH_uTsQnPSVEKco,data/_source/isl_dictionary/W/Weight_Weigh_Weighing_Scale.mp4,3840,ISLRTC,src=W/Weight_Weigh_Weighing_Scale.mp4; 2 other variant(s)
weightlifting,weightlifting,1,https://drive.google.com/drive/folders/1U-Pr4r1-cupgNOOq9NH_uTsQnPSVEKco,data/_source/isl_dictionary/W/Weightlifting.mp4,2800,ISLRTC,src=W/Weightlifting.mp4
weird_absurd,weird absurd,2,https://drive.google.com/drive/folders/1U-Pr4r1-cupgNOOq9NH_uTsQnPSVEKco,data/_source/isl_dictionary/W/Weird_Absurd.mp4,2800,ISLRTC,src=W/Weird_Absurd.mp4
weird_odd,weird odd,2,https://drive.google.com/drive/folders/1U-Pr4r1-cupgNOOq9NH_uTsQnPSVEKco,data/_source/isl_dictionary/W/Weird_Odd.mp4,3440,ISLRTC,src=W/Weird_Odd.mp4
welcome,welcome,1,https://drive.google.com/drive/folders/1U-Pr4r1-cupgNOOq9NH_uTsQnPSVEKco,data/_source/isl_dictionary/W/Welcome_(Reply_to_Thanks).mp4,2760,ISLRTC,src=W/Welcome_(Reply_to_Thanks).mp4
welder,welder,1,https://drive.google.com/drive/folders/1U-Pr4r1-cupgNOOq9NH_uTsQnPSVEKco,data/_source/isl_dictionary/W/Welder.mp4,3840,ISLRTC,src=W/Welder.mp4; 2 other variant(s)
welding_hand_screen,welding hand screen,3,https://drive.google.com/drive/folders/1U-Pr4r1-cupgNOOq9NH_uTsQnPSVEKco,data/_source/isl_dictionary/W/Welding_Hand_Screen.mp4,5760,ISLRTC,src=W/Welding_Hand_Screen.mp4
welding_robot,welding robot,2,https://drive.google.com/drive/folders/1U-Pr4r1-cupgNOOq9NH_uTsQnPSVEKco,data/_source/isl_dictionary/W/Welding_Robot.mp4,17917,ISLRTC,src=W/Welding_Robot.mp4
well,well,1,https://drive.google.com/drive/folders/1U-Pr4r1-cupgNOOq9NH_uTsQnPSVEKco,data/_source/isl_dictionary/W/Well_(Water).mp4,4280,ISLRTC,src=W/Well_(Water).mp4
well_being,well being,2,https://drive.google.com/drive/folders/1U-Pr4r1-cupgNOOq9NH_uTsQnPSVEKco,data/_source/isl_dictionary/MHSL - 259/Well_being.mp4,16640,ISLRTC,src=MHSL - 259/Well_being.mp4
west,west,1,https://drive.google.com/drive/folders/1U-Pr4r1-cupgNOOq9NH_uTsQnPSVEKco,data/_source/isl_dictionary/W/West.mp4,2480,ISLRTC,src=W/West.mp4
west_bengal,west bengal,2,https://drive.google.com/drive/folders/1U-Pr4r1-cupgNOOq9NH_uTsQnPSVEKco,data/_source/isl_dictionary/W/West_Bengal.mp4,3760,ISLRTC,src=W/West_Bengal.mp4
west_indies,west indies,2,https://drive.google.com/drive/folders/1U-Pr4r1-cupgNOOq9NH_uTsQnPSVEKco,data/_source/isl_dictionary/W/West_Indies.mp4,3560,ISLRTC,src=W/West_Indies.mp4
wet,wet,1,https://drive.google.com/drive/folders/1U-Pr4r1-cupgNOOq9NH_uTsQnPSVEKco,data/_source/isl_dictionary/W/Wet.mp4,2880,ISLRTC,src=W/Wet.mp4
wet_mix_macadam,wet mix macadam,3,https://drive.google.com/drive/folders/1U-Pr4r1-cupgNOOq9NH_uTsQnPSVEKco,data/_source/isl_dictionary/W/Wet_Mix_Macadam.mp4,26875,ISLRTC,src=W/Wet_Mix_Macadam.mp4
whale,whale,1,https://drive.google.com/drive/folders/1U-Pr4r1-cupgNOOq9NH_uTsQnPSVEKco,data/_source/isl_dictionary/W/Whale.mp4,4125,ISLRTC,src=W/Whale.mp4
whale_fish,whale fish,2,https://drive.google.com/drive/folders/1U-Pr4r1-cupgNOOq9NH_uTsQnPSVEKco,data/_source/isl_dictionary/W/Whale_Fish_(Whale_Shark).mp4,21125,ISLRTC,src=W/Whale_Fish_(Whale_Shark).mp4
what,what,1,https://drive.google.com/drive/folders/1U-Pr4r1-cupgNOOq9NH_uTsQnPSVEKco,data/_source/isl_dictionary/W/What.mp4,2560,ISLRTC,src=W/What.mp4
what_happened,what happened,2,https://drive.google.com/drive/folders/1U-Pr4r1-cupgNOOq9NH_uTsQnPSVEKco,data/_source/isl_dictionary/W/What_Happened.mp4,3400,ISLRTC,src=W/What_Happened.mp4
what_is_your_name,what is your name,4,https://drive.google.com/drive/folders/1U-Pr4r1-cupgNOOq9NH_uTsQnPSVEKco,data/_source/isl_dictionary/W/What_Is_Your_Name.mp4,3520,ISLRTC,src=W/What_Is_Your_Name.mp4
what_time,what time,2,https://drive.google.com/drive/folders/1U-Pr4r1-cupgNOOq9NH_uTsQnPSVEKco,data/_source/isl_dictionary/W/What_Time.mp4,2080,ISLRTC,src=W/What_Time.mp4
what_s_up,what's up,2,https://drive.google.com/drive/folders/1U-Pr4r1-cupgNOOq9NH_uTsQnPSVEKco,data/_source/isl_dictionary/W/What_s_Up.mp4,2708,ISLRTC,src=W/What_s_Up.mp4; 1 other variant(s)
whatever,whatever,1,https://drive.google.com/drive/folders/1U-Pr4r1-cupgNOOq9NH_uTsQnPSVEKco,data/_source/isl_dictionary/W/Whatever.mp4,2720,ISLRTC,src=W/Whatever.mp4
whatsapp,whatsapp,1,https://drive.google.com/drive/folders/1U-Pr4r1-cupgNOOq9NH_uTsQnPSVEKco,data/_source/isl_dictionary/W/Whatsapp.mp4,3840,ISLRTC,src=W/Whatsapp.mp4
whatsapp_notification,whatsapp notification,2,https://drive.google.com/drive/folders/1U-Pr4r1-cupgNOOq9NH_uTsQnPSVEKco,data/_source/isl_dictionary/W/Whatsapp_Notification.mp4,8680,ISLRTC,src=W/Whatsapp_Notification.mp4
wheat_rust,wheat rust,2,https://drive.google.com/drive/folders/1U-Pr4r1-cupgNOOq9NH_uTsQnPSVEKco,data/_source/isl_dictionary/W/Wheat_Rust.mp4,14240,ISLRTC,src=W/Wheat_Rust.mp4
wheel_barrow,wheel barrow,2,https://drive.google.com/drive/folders/1U-Pr4r1-cupgNOOq9NH_uTsQnPSVEKco,data/_source/isl_dictionary/W/Wheel_Barrow.mp4,15400,ISLRTC,src=W/Wheel_Barrow.mp4
wheel_chair,wheel chair,2,https://drive.google.com/drive/folders/1U-Pr4r1-cupgNOOq9NH_uTsQnPSVEKco,data/_source/isl_dictionary/W/Wheel_Chair.mp4,3680,ISLRTC,src=W/Wheel_Chair.mp4
wheeled_robots,wheeled robots,2,https://drive.google.com/drive/folders/1U-Pr4r1-cupgNOOq9NH_uTsQnPSVEKco,data/_source/isl_dictionary/W/Wheeled_Robots.mp4,10583,ISLRTC,src=W/Wheeled_Robots.mp4
when,when,1,https://drive.google.com/drive/folders/1U-Pr4r1-cupgNOOq9NH_uTsQnPSVEKco,data/_source/isl_dictionary/W/When_(For_Days).mp4,2720,ISLRTC,src=W/When_(For_Days).mp4
where,where,1,https://drive.google.com/drive/folders/1U-Pr4r1-cupgNOOq9NH_uTsQnPSVEKco,data/_source/isl_dictionary/W/Where.mp4,2440,ISLRTC,src=W/Where.mp4
which,which,1,https://drive.google.com/drive/folders/1U-Pr4r1-cupgNOOq9NH_uTsQnPSVEKco,data/_source/isl_dictionary/W/Which.mp4,3040,ISLRTC,src=W/Which.mp4
while,while,1,https://drive.google.com/drive/folders/1U-Pr4r1-cupgNOOq9NH_uTsQnPSVEKco,data/_source/isl_dictionary/W/While.mp4,3960,ISLRTC,src=W/While.mp4
whirlpool,whirlpool,1,https://drive.google.com/drive/folders/1U-Pr4r1-cupgNOOq9NH_uTsQnPSVEKco,data/_derived/h264/W/Whirlpool_(Science).mp4,26453,ISLRTC,src=W/Whirlpool_(Science).mp4; transcoded from hevc
whisk_beater,whisk beater,2,https://drive.google.com/drive/folders/1U-Pr4r1-cupgNOOq9NH_uTsQnPSVEKco,data/_source/isl_dictionary/W/Whisk_Beater.mp4,5625,ISLRTC,src=W/Whisk_Beater.mp4; 1 other variant(s)
whistle,whistle,1,https://drive.google.com/drive/folders/1U-Pr4r1-cupgNOOq9NH_uTsQnPSVEKco,data/_source/isl_dictionary/W/Whistle.mp4,4440,ISLRTC,src=W/Whistle.mp4
white,white,1,https://drive.google.com/drive/folders/1U-Pr4r1-cupgNOOq9NH_uTsQnPSVEKco,data/_source/isl_dictionary/W/White.mp4,4800,ISLRTC,src=W/White.mp4
white_blood_cells,white blood cells,3,https://drive.google.com/drive/folders/1U-Pr4r1-cupgNOOq9NH_uTsQnPSVEKco,data/_source/isl_dictionary/W/White_Blood_Cells.mp4,23160,ISLRTC,src=W/White_Blood_Cells.mp4
white_flowered_plants,white flowered plants,3,https://drive.google.com/drive/folders/1U-Pr4r1-cupgNOOq9NH_uTsQnPSVEKco,data/_source/isl_dictionary/W/White_Flowered_Plants.mp4,10640,ISLRTC,src=W/White_Flowered_Plants.mp4
white_hat,white hat,2,https://drive.google.com/drive/folders/1U-Pr4r1-cupgNOOq9NH_uTsQnPSVEKco,data/_source/isl_dictionary/W/White_Hat.mp4,28833,ISLRTC,src=W/White_Hat.mp4
whiteboard,whiteboard,1,https://drive.google.com/drive/folders/1U-Pr4r1-cupgNOOq9NH_uTsQnPSVEKco,data/_source/isl_dictionary/W/Whiteboard.mp4,4080,ISLRTC,src=W/Whiteboard.mp4
whitegoods,whitegoods,1,https://drive.google.com/drive/folders/1U-Pr4r1-cupgNOOq9NH_uTsQnPSVEKco,data/_source/isl_dictionary/W/Whitegoods.mp4,13920,ISLRTC,src=W/Whitegoods.mp4
who,who,1,https://drive.google.com/drive/folders/1U-Pr4r1-cupgNOOq9NH_uTsQnPSVEKco,data/_source/isl_dictionary/W/Who_Whom.mp4,3120,ISLRTC,alias of 'who whom': dictionary files both words under one sign
who_whom,who whom,2,https://drive.google.com/drive/folders/1U-Pr4r1-cupgNOOq9NH_uTsQnPSVEKco,data/_source/isl_dictionary/W/Who_Whom.mp4,3120,ISLRTC,src=W/Who_Whom.mp4
whole_number,whole number,2,https://drive.google.com/drive/folders/1U-Pr4r1-cupgNOOq9NH_uTsQnPSVEKco,data/_source/isl_dictionary/W/Whole_Number.mp4,25333,ISLRTC,src=W/Whole_Number.mp4
whole_saling,whole saling,2,https://drive.google.com/drive/folders/1U-Pr4r1-cupgNOOq9NH_uTsQnPSVEKco,data/_source/isl_dictionary/W/Whole_Saling.mp4,22875,ISLRTC,src=W/Whole_Saling.mp4
wholesale,wholesale,1,https://drive.google.com/drive/folders/1U-Pr4r1-cupgNOOq9NH_uTsQnPSVEKco,data/_source/isl_dictionary/W/Wholesale.mp4,4640,ISLRTC,src=W/Wholesale.mp4
wholesale_merchants,wholesale merchants,2,https://drive.google.com/drive/folders/1U-Pr4r1-cupgNOOq9NH_uTsQnPSVEKco,data/_source/isl_dictionary/W/Wholesale_Merchants.mp4,9920,ISLRTC,src=W/Wholesale_Merchants.mp4
whom,whom,1,https://drive.google.com/drive/folders/1U-Pr4r1-cupgNOOq9NH_uTsQnPSVEKco,data/_source/isl_dictionary/W/Who_Whom.mp4,3120,ISLRTC,alias of 'who whom': dictionary files both words under one sign
why,why,1,https://drive.google.com/drive/folders/1U-Pr4r1-cupgNOOq9NH_uTsQnPSVEKco,data/_source/isl_dictionary/W/Why_(Sign_1).mp4,3000,ISLRTC,src=W/Why_(Sign_1).mp4; 2 other variant(s)
wicket,wicket,1,https://drive.google.com/drive/folders/1U-Pr4r1-cupgNOOq9NH_uTsQnPSVEKco,data/_source/isl_dictionary/W/Wicket_(Cricket).mp4,3920,ISLRTC,src=W/Wicket_(Cricket).mp4
wicketkeeper,wicketkeeper,1,https://drive.google.com/drive/folders/1U-Pr4r1-cupgNOOq9NH_uTsQnPSVEKco,data/_source/isl_dictionary/W/Wicket-Keeper.mp4,4040,ISLRTC,src=W/Wicket-Keeper.mp4; 1 other variant(s)
wide,wide,1,https://drive.google.com/drive/folders/1U-Pr4r1-cupgNOOq9NH_uTsQnPSVEKco,data/_source/isl_dictionary/W/Wide.mp4,14040,ISLRTC,src=W/Wide.mp4
wide_broad,wide broad,2,https://drive.google.com/drive/folders/1U-Pr4r1-cupgNOOq9NH_uTsQnPSVEKco,data/_source/isl_dictionary/W/Wide_Broad.mp4,3840,ISLRTC,src=W/Wide_Broad.mp4
wife,wife,1,https://drive.google.com/drive/folders/1U-Pr4r1-cupgNOOq9NH_uTsQnPSVEKco,data/_source/isl_dictionary/W/Wife.mp4,4560,ISLRTC,src=W/Wife.mp4
wifi,wifi,1,https://drive.google.com/drive/folders/1U-Pr4r1-cupgNOOq9NH_uTsQnPSVEKco,data/_source/isl_dictionary/W/Wifi_.mp4,3800,ISLRTC,src=W/Wifi_.mp4; 2 other variant(s)
wikipedia,wikipedia,1,https://drive.google.com/drive/folders/1U-Pr4r1-cupgNOOq9NH_uTsQnPSVEKco,data/_source/isl_dictionary/W/Wikipedia.mp4,4480,ISLRTC,src=W/Wikipedia.mp4; 1 other variant(s)
wild_swine,wild swine,2,https://drive.google.com/drive/folders/1U-Pr4r1-cupgNOOq9NH_uTsQnPSVEKco,data/_source/isl_dictionary/W/Wild_Swine.mp4,12000,ISLRTC,src=W/Wild_Swine.mp4
win,win,1,https://drive.google.com/drive/folders/1U-Pr4r1-cupgNOOq9NH_uTsQnPSVEKco,data/_source/isl_dictionary/W/Win.mp4,3040,ISLRTC,src=W/Win.mp4
wind,wind,1,https://drive.google.com/drive/folders/1U-Pr4r1-cupgNOOq9NH_uTsQnPSVEKco,data/_source/isl_dictionary/W/Wind.mp4,5080,ISLRTC,src=W/Wind.mp4
wind_borne_disease,wind borne disease,3,https://drive.google.com/drive/folders/1U-Pr4r1-cupgNOOq9NH_uTsQnPSVEKco,data/_source/isl_dictionary/W/Wind_Borne_Disease.mp4,14920,ISLRTC,src=W/Wind_Borne_Disease.mp4
wind_energy,wind energy,2,https://drive.google.com/drive/folders/1U-Pr4r1-cupgNOOq9NH_uTsQnPSVEKco,data/_source/isl_dictionary/W/Wind_Energy.mp4,4833,ISLRTC,src=W/Wind_Energy.mp4
wind_erosion,wind erosion,2,https://drive.google.com/drive/folders/1U-Pr4r1-cupgNOOq9NH_uTsQnPSVEKco,data/_source/isl_dictionary/W/Wind_Erosion.mp4,13360,ISLRTC,src=W/Wind_Erosion.mp4
windmill,windmill,1,https://drive.google.com/drive/folders/1U-Pr4r1-cupgNOOq9NH_uTsQnPSVEKco,data/_source/isl_dictionary/W/Windmill.mp4,25125,ISLRTC,src=W/Windmill.mp4
window,window,1,https://drive.google.com/drive/folders/1U-Pr4r1-cupgNOOq9NH_uTsQnPSVEKco,data/_source/isl_dictionary/W/Window.mp4,5040,ISLRTC,src=W/Window.mp4
window_garden,window garden,2,https://drive.google.com/drive/folders/1U-Pr4r1-cupgNOOq9NH_uTsQnPSVEKco,data/_source/isl_dictionary/W/Window_Garden.mp4,9360,ISLRTC,src=W/Window_Garden.mp4
winds,winds,1,https://drive.google.com/drive/folders/1U-Pr4r1-cupgNOOq9NH_uTsQnPSVEKco,data/_source/isl_dictionary/W/Winds.mp4,22480,ISLRTC,src=W/Winds.mp4
wine,wine,1,https://drive.google.com/drive/folders/1U-Pr4r1-cupgNOOq9NH_uTsQnPSVEKco,data/_source/isl_dictionary/W/Wine.mp4,3160,ISLRTC,src=W/Wine.mp4; 1 other variant(s)
wine_rack,wine rack,2,https://drive.google.com/drive/folders/1U-Pr4r1-cupgNOOq9NH_uTsQnPSVEKco,data/_source/isl_dictionary/W/Wine_Rack.mp4,9560,ISLRTC,src=W/Wine_Rack.mp4
winner_victor_champion,winner victor champion,3,https://drive.google.com/drive/folders/1U-Pr4r1-cupgNOOq9NH_uTsQnPSVEKco,data/_source/isl_dictionary/W/Winner_Victor_Champion.mp4,3200,ISLRTC,src=W/Winner_Victor_Champion.mp4
winners_podium,winners podium,2,https://drive.google.com/drive/folders/1U-Pr4r1-cupgNOOq9NH_uTsQnPSVEKco,data/_source/isl_dictionary/W/Winners__Podium.mp4,5833,ISLRTC,src=W/Winners__Podium.mp4
winnowing,winnowing,1,https://drive.google.com/drive/folders/1U-Pr4r1-cupgNOOq9NH_uTsQnPSVEKco,data/_source/isl_dictionary/W/Winnowing.mp4,29240,ISLRTC,src=W/Winnowing.mp4
winter,winter,1,https://drive.google.com/drive/folders/1U-Pr4r1-cupgNOOq9NH_uTsQnPSVEKco,data/_source/isl_dictionary/W/Winter.mp4,3760,ISLRTC,src=W/Winter.mp4
winter_or_rabi_season_vegetables,winter or rabi season vegetables,5,https://drive.google.com/drive/folders/1U-Pr4r1-cupgNOOq9NH_uTsQnPSVEKco,data/_source/isl_dictionary/W/Winter_or_Rabi_Season_Vegetables.mp4,17960,ISLRTC,src=W/Winter_or_Rabi_Season_Vegetables.mp4
winter_season_annuals,winter season annuals,3,https://drive.google.com/drive/folders/1U-Pr4r1-cupgNOOq9NH_uTsQnPSVEKco,data/_source/isl_dictionary/W/Winter_Season_Annuals.mp4,25920,ISLRTC,src=W/Winter_Season_Annuals.mp4
winter_trekking_snow_trekking,winter trekking snow trekking,4,https://drive.google.com/drive/folders/1U-Pr4r1-cupgNOOq9NH_uTsQnPSVEKco,data/_source/isl_dictionary/W/Winter_Trekking_Snow_Trekking.mp4,8417,ISLRTC,src=W/Winter_Trekking_Snow_Trekking.mp4
wire_man,wire man,2,https://drive.google.com/drive/folders/1U-Pr4r1-cupgNOOq9NH_uTsQnPSVEKco,data/_source/isl_dictionary/W/Wire_Man.mp4,7920,ISLRTC,src=W/Wire_Man.mp4
wire_stripper,wire stripper,2,https://drive.google.com/drive/folders/1U-Pr4r1-cupgNOOq9NH_uTsQnPSVEKco,data/_source/isl_dictionary/W/Wire_Stripper.mp4,9400,ISLRTC,src=W/Wire_Stripper.mp4
wired_glass,wired glass,2,https://drive.google.com/drive/folders/1U-Pr4r1-cupgNOOq9NH_uTsQnPSVEKco,data/_source/isl_dictionary/W/Wired_Glass.mp4,29250,ISLRTC,src=W/Wired_Glass.mp4
wireframe,wireframe,1,https://drive.google.com/drive/folders/1U-Pr4r1-cupgNOOq9NH_uTsQnPSVEKco,data/_source/isl_dictionary/New 2500 ISL Dictionary Videos/BCS/Wireframe - English.mp4,26440,ISLRTC,src=New 2500 ISL Dictionary Videos/BCS/Wireframe - English.mp4
wireless_powerpoint_clicker,wireless powerpoint clicker,3,https://drive.google.com/drive/folders/1U-Pr4r1-cupgNOOq9NH_uTsQnPSVEKco,data/_source/isl_dictionary/W/Wireless_Powerpoint_Clicker.mp4,17920,ISLRTC,src=W/Wireless_Powerpoint_Clicker.mp4
wiring,wiring,1,https://drive.google.com/drive/folders/1U-Pr4r1-cupgNOOq9NH_uTsQnPSVEKco,data/_source/isl_dictionary/W/Wiring.mp4,12600,ISLRTC,src=W/Wiring.mp4; 1 other variant(s)
wise_intelligent,wise intelligent,2,https://drive.google.com/drive/folders/1U-Pr4r1-cupgNOOq9NH_uTsQnPSVEKco,data/_source/isl_dictionary/W/Wise_Intelligent_(Sign_2).mp4,3920,ISLRTC,src=W/Wise_Intelligent_(Sign_2).mp4
wise_knowledgeable,wise knowledgeable,2,https://drive.google.com/drive/folders/1U-Pr4r1-cupgNOOq9NH_uTsQnPSVEKco,data/_source/isl_dictionary/W/Wise_Knowledgeable.mp4,3360,ISLRTC,src=W/Wise_Knowledgeable.mp4
wish,wish,1,https://drive.google.com/drive/folders/1U-Pr4r1-cupgNOOq9NH_uTsQnPSVEKco,data/_source/isl_dictionary/W/Want_Desire_Wish_For.mp4,3240,ISLRTC,alias of 'want desire wish for': dictionary files these synonyms under one sign
withdraw_money_from_bank,withdraw money from bank,4,https://drive.google.com/drive/folders/1U-Pr4r1-cupgNOOq9NH_uTsQnPSVEKco,data/_source/isl_dictionary/W/Withdraw_Money_From_Bank.mp4,5875,ISLRTC,src=W/Withdraw_Money_From_Bank.mp4
withdrawn,withdrawn,1,https://drive.google.com/drive/folders/1U-Pr4r1-cupgNOOq9NH_uTsQnPSVEKco,data/_source/isl_dictionary/MHSL - 259/Withdrawn.mp4,11925,ISLRTC,src=MHSL - 259/Withdrawn.mp4
without,without,1,https://drive.google.com/drive/folders/1U-Pr4r1-cupgNOOq9NH_uTsQnPSVEKco,data/_source/isl_dictionary/W/Without.mp4,4200,ISLRTC,src=W/Without.mp4; 1 other variant(s)
witness_box,witness box,2,https://drive.google.com/drive/folders/1U-Pr4r1-cupgNOOq9NH_uTsQnPSVEKco,data/_source/isl_dictionary/W/Witness_Box.m4v,20320,ISLRTC,src=W/Witness_Box.m4v
wolf,wolf,1,https://drive.google.com/drive/folders/1U-Pr4r1-cupgNOOq9NH_uTsQnPSVEKco,data/_source/isl_dictionary/W/Wolf.mp4,5040,ISLRTC,src=W/Wolf.mp4
woman,woman,1,https://drive.google.com/drive/folders/1U-Pr4r1-cupgNOOq9NH_uTsQnPSVEKco,data/_source/isl_dictionary/W/Woman_Female.mp4,2520,ISLRTC,alias of 'woman female': dictionary files both words under one sign
woman_female,woman female,2,https://drive.google.com/drive/folders/1U-Pr4r1-cupgNOOq9NH_uTsQnPSVEKco,data/_source/isl_dictionary/W/Woman_Female.mp4,2520,ISLRTC,src=W/Woman_Female.mp4
women_jail,women jail,2,https://drive.google.com/drive/folders/1U-Pr4r1-cupgNOOq9NH_uTsQnPSVEKco,data/_source/isl_dictionary/W/Women_Jail.mp4,14800,ISLRTC,src=W/Women_Jail.mp4
women_s_cancers,women's cancers,2,https://drive.google.com/drive/folders/1U-Pr4r1-cupgNOOq9NH_uTsQnPSVEKco,data/_source/isl_dictionary/W/Women_s_Cancers.mp4,7920,ISLRTC,src=W/Women_s_Cancers.mp4
wood,wood,1,https://drive.google.com/drive/folders/1U-Pr4r1-cupgNOOq9NH_uTsQnPSVEKco,data/_source/isl_dictionary/W/Wood.mp4,3880,ISLRTC,src=W/Wood.mp4
wood_plane,wood plane,2,https://drive.google.com/drive/folders/1U-Pr4r1-cupgNOOq9NH_uTsQnPSVEKco,data/_source/isl_dictionary/W/Wood_Plane.mp4,9080,ISLRTC,src=W/Wood_Plane.mp4
wood_screw,wood screw,2,https://drive.google.com/drive/folders/1U-Pr4r1-cupgNOOq9NH_uTsQnPSVEKco,data/_source/isl_dictionary/W/Wood_Screw.mp4,17040,ISLRTC,src=W/Wood_Screw.mp4
woodpecker,woodpecker,1,https://drive.google.com/drive/folders/1U-Pr4r1-cupgNOOq9NH_uTsQnPSVEKco,data/_source/isl_dictionary/W/Woodpecker.mp4,5400,ISLRTC,src=W/Woodpecker.mp4
wool,wool,1,https://drive.google.com/drive/folders/1U-Pr4r1-cupgNOOq9NH_uTsQnPSVEKco,data/_source/isl_dictionary/W/Wool.mp4,4320,ISLRTC,src=W/Wool.mp4
word,word,1,https://drive.google.com/drive/folders/1U-Pr4r1-cupgNOOq9NH_uTsQnPSVEKco,data/_source/isl_dictionary/W/Word.mp4,3760,ISLRTC,src=W/Word.mp4
word_pad,word pad,2,https://drive.google.com/drive/folders/1U-Pr4r1-cupgNOOq9NH_uTsQnPSVEKco,data/_source/isl_dictionary/W/Word_Pad.mp4,8360,ISLRTC,src=W/Word_Pad.mp4
word_template,word template,2,https://drive.google.com/drive/folders/1U-Pr4r1-cupgNOOq9NH_uTsQnPSVEKco,data/_source/isl_dictionary/W/Word_Template.mp4,22375,ISLRTC,src=W/Word_Template.mp4
work,work,1,https://drive.google.com/drive/folders/1U-Pr4r1-cupgNOOq9NH_uTsQnPSVEKco,data/_source/isl_dictionary/W/Work.mp4,3440,ISLRTC,src=W/Work.mp4; 2 other variant(s)
work_bench,work bench,2,https://drive.google.com/drive/folders/1U-Pr4r1-cupgNOOq9NH_uTsQnPSVEKco,data/_source/isl_dictionary/W/Work_Bench.mp4,16880,ISLRTC,src=W/Work_Bench.mp4
work_sheet,work sheet,2,https://drive.google.com/drive/folders/1U-Pr4r1-cupgNOOq9NH_uTsQnPSVEKco,data/_source/isl_dictionary/W/Work_Sheet.mp4,18240,ISLRTC,src=W/Work_Sheet.mp4
working_hours,working hours,2,https://drive.google.com/drive/folders/1U-Pr4r1-cupgNOOq9NH_uTsQnPSVEKco,data/_source/isl_dictionary/W/Working_Hours.mp4,23127,ISLRTC,src=W/Working_Hours.mp4
workshop,workshop,1,https://drive.google.com/drive/folders/1U-Pr4r1-cupgNOOq9NH_uTsQnPSVEKco,data/_source/isl_dictionary/W/Workshop.mp4,4280,ISLRTC,src=W/Workshop.mp4
world_association_of_sign_language_interpreters,world association of sign language interpreters,6,https://drive.google.com/drive/folders/1U-Pr4r1-cupgNOOq9NH_uTsQnPSVEKco,data/_source/isl_dictionary/W/World_Association_of_Sign_Language_Interpreters_(WASLI).mp4,3720,ISLRTC,src=W/World_Association_of_Sign_Language_Interpreters_(WASLI).mp4
world_federation_of_the_deaf,world federation of the deaf,5,https://drive.google.com/drive/folders/1U-Pr4r1-cupgNOOq9NH_uTsQnPSVEKco,data/_source/isl_dictionary/W/World_Federation_of_the_Deaf_(WFD).mp4,3400,ISLRTC,src=W/World_Federation_of_the_Deaf_(WFD).mp4
world_federation_of_the_deaf_youth_section,world federation of the deaf youth section,7,https://drive.google.com/drive/folders/1U-Pr4r1-cupgNOOq9NH_uTsQnPSVEKco,data/_source/isl_dictionary/W/World_Federation_of_the_Deaf_Youth_Section_(WFDYS).mp4,3560,ISLRTC,src=W/World_Federation_of_the_Deaf_Youth_Section_(WFDYS).mp4
world_tourism_organization,world tourism organization,3,https://drive.google.com/drive/folders/1U-Pr4r1-cupgNOOq9NH_uTsQnPSVEKco,data/_source/isl_dictionary/W/World_Tourism_Organization_(WTO).mp4,10583,ISLRTC,src=W/World_Tourism_Organization_(WTO).mp4
worm_wheel,worm wheel,2,https://drive.google.com/drive/folders/1U-Pr4r1-cupgNOOq9NH_uTsQnPSVEKco,data/_source/isl_dictionary/W/Worm_Wheel.mp4,15120,ISLRTC,src=W/Worm_Wheel.mp4
worry,worry,1,https://drive.google.com/drive/folders/1U-Pr4r1-cupgNOOq9NH_uTsQnPSVEKco,data/_source/isl_dictionary/W/Worry.mp4,3600,ISLRTC,src=W/Worry.mp4
wound,wound,1,https://drive.google.com/drive/folders/1U-Pr4r1-cupgNOOq9NH_uTsQnPSVEKco,data/_source/isl_dictionary/W/Wound.mp4,3960,ISLRTC,src=W/Wound.mp4; 1 other variant(s)
woven,woven,1,https://drive.google.com/drive/folders/1U-Pr4r1-cupgNOOq9NH_uTsQnPSVEKco,data/_source/isl_dictionary/W/Woven.mp4,5520,ISLRTC,src=W/Woven.mp4
wrench,wrench,1,https://drive.google.com/drive/folders/1U-Pr4r1-cupgNOOq9NH_uTsQnPSVEKco,data/_source/isl_dictionary/W/Wrench.mp4,14880,ISLRTC,src=W/Wrench.mp4
wrestling,wrestling,1,https://drive.google.com/drive/folders/1U-Pr4r1-cupgNOOq9NH_uTsQnPSVEKco,data/_source/isl_dictionary/W/Wrestling.mp4,3160,ISLRTC,src=W/Wrestling.mp4; 1 other variant(s)
wrinkle,wrinkle,1,https://drive.google.com/drive/folders/1U-Pr4r1-cupgNOOq9NH_uTsQnPSVEKco,data/_source/isl_dictionary/W/Wrinkle.mp4,26040,ISLRTC,src=W/Wrinkle.mp4
write,write,1,https://drive.google.com/drive/folders/1U-Pr4r1-cupgNOOq9NH_uTsQnPSVEKco,data/_source/isl_dictionary/W/Write.mp4,3520,ISLRTC,src=W/Write.mp4
writer_author,writer author,2,https://drive.google.com/drive/folders/1U-Pr4r1-cupgNOOq9NH_uTsQnPSVEKco,data/_source/isl_dictionary/W/Writer_Author.mp4,2600,ISLRTC,src=W/Writer_Author.mp4
wrong,wrong,1,https://drive.google.com/drive/folders/1U-Pr4r1-cupgNOOq9NH_uTsQnPSVEKco,data/_source/isl_dictionary/W/Wrong_Incorrect.mp4,3560,ISLRTC,alias of 'wrong incorrect': dictionary files both words under one sign
wrong_incorrect,wrong incorrect,2,https://drive.google.com/drive/folders/1U-Pr4r1-cupgNOOq9NH_uTsQnPSVEKco,data/_source/isl_dictionary/W/Wrong_Incorrect.mp4,3560,ISLRTC,src=W/Wrong_Incorrect.mp4
wrongful_confinement,wrongful confinement,2,https://drive.google.com/drive/folders/1U-Pr4r1-cupgNOOq9NH_uTsQnPSVEKco,data/_source/isl_dictionary/W/Wrongful_Confinement.mp4,25800,ISLRTC,src=W/Wrongful_Confinement.mp4
wye_level,wye level,2,https://drive.google.com/drive/folders/1U-Pr4r1-cupgNOOq9NH_uTsQnPSVEKco,data/_source/isl_dictionary/W/Wye_Level.mp4,18208,ISLRTC,src=W/Wye_Level.mp4
xbox,xbox,1,https://drive.google.com/drive/folders/1U-Pr4r1-cupgNOOq9NH_uTsQnPSVEKco,data/_source/isl_dictionary/X/Xbox.mp4,9120,ISLRTC,src=X/Xbox.mp4
xray,xray,1,https://drive.google.com/drive/folders/1U-Pr4r1-cupgNOOq9NH_uTsQnPSVEKco,data/_source/isl_dictionary/X/X-Ray.mp4,6520,ISLRTC,src=X/X-Ray.mp4
xray_cassettes,xray cassettes,2,https://drive.google.com/drive/folders/1U-Pr4r1-cupgNOOq9NH_uTsQnPSVEKco,data/_source/isl_dictionary/X/X-Ray_Cassettes.mp4,16760,ISLRTC,src=X/X-Ray_Cassettes.mp4
xray_safe_light,xray safe light,3,https://drive.google.com/drive/folders/1U-Pr4r1-cupgNOOq9NH_uTsQnPSVEKco,data/_source/isl_dictionary/X/X-Ray_Safe_Light.mp4,16760,ISLRTC,src=X/X-Ray_Safe_Light.mp4
xray_viewer,xray viewer,2,https://drive.google.com/drive/folders/1U-Pr4r1-cupgNOOq9NH_uTsQnPSVEKco,data/_source/isl_dictionary/X/X-Ray_Viewer.mp4,12000,ISLRTC,src=X/X-Ray_Viewer.mp4
xylem,xylem,1,https://drive.google.com/drive/folders/1U-Pr4r1-cupgNOOq9NH_uTsQnPSVEKco,data/_source/isl_dictionary/X/Xylem.mp4,5640,ISLRTC,src=X/Xylem.mp4
xylophone,xylophone,1,https://drive.google.com/drive/folders/1U-Pr4r1-cupgNOOq9NH_uTsQnPSVEKco,data/_source/isl_dictionary/X/Xylophone.mp4,4600,ISLRTC,src=X/Xylophone.mp4
yahoo,yahoo,1,https://drive.google.com/drive/folders/1U-Pr4r1-cupgNOOq9NH_uTsQnPSVEKco,data/_source/isl_dictionary/Y/Yahoo.mp4,2560,ISLRTC,src=Y/Yahoo.mp4
yak,yak,1,https://drive.google.com/drive/folders/1U-Pr4r1-cupgNOOq9NH_uTsQnPSVEKco,data/_source/isl_dictionary/Y/Yak.mp4,5680,ISLRTC,src=Y/Yak.mp4; 1 other variant(s)
yamaha_bike,yamaha bike,2,https://drive.google.com/drive/folders/1U-Pr4r1-cupgNOOq9NH_uTsQnPSVEKco,data/_source/isl_dictionary/Y/Yamaha_Bike.mp4,3840,ISLRTC,src=Y/Yamaha_Bike.mp4
yardstick,yardstick,1,https://drive.google.com/drive/folders/1U-Pr4r1-cupgNOOq9NH_uTsQnPSVEKco,data/_source/isl_dictionary/Y/Yardstick.mp4,7680,ISLRTC,src=Y/Yardstick.mp4
yawn,yawn,1,https://drive.google.com/drive/folders/1U-Pr4r1-cupgNOOq9NH_uTsQnPSVEKco,data/_source/isl_dictionary/Y/Yawn.mp4,7708,ISLRTC,src=Y/Yawn.mp4
year,year,1,https://drive.google.com/drive/folders/1U-Pr4r1-cupgNOOq9NH_uTsQnPSVEKco,data/_source/isl_dictionary/Y/Year.mp4,3680,ISLRTC,src=Y/Year.mp4
year_after_year,year after year,3,https://drive.google.com/drive/folders/1U-Pr4r1-cupgNOOq9NH_uTsQnPSVEKco,data/_source/isl_dictionary/Y/Year_After_Year.mp4,6083,ISLRTC,src=Y/Year_After_Year.mp4
yearlong,yearlong,1,https://drive.google.com/drive/folders/1U-Pr4r1-cupgNOOq9NH_uTsQnPSVEKco,data/_source/isl_dictionary/Y/Yearlong.mp4,5000,ISLRTC,src=Y/Yearlong.mp4
yearn_long,yearn long,2,https://drive.google.com/drive/folders/1U-Pr4r1-cupgNOOq9NH_uTsQnPSVEKco,data/_source/isl_dictionary/Y/Yearn_Long.mp4,16625,ISLRTC,src=Y/Yearn_Long.mp4
yell_shout_shriek_scream,yell shout shriek scream,4,https://drive.google.com/drive/folders/1U-Pr4r1-cupgNOOq9NH_uTsQnPSVEKco,data/_source/isl_dictionary/Y/Yell_Shout_Shriek_Scream.mp4,4000,ISLRTC,src=Y/Yell_Shout_Shriek_Scream.mp4
yellow,yellow,1,https://drive.google.com/drive/folders/1U-Pr4r1-cupgNOOq9NH_uTsQnPSVEKco,data/_source/isl_dictionary/Y/Yellow.mp4,3840,ISLRTC,src=Y/Yellow.mp4
yellow_fever,yellow fever,2,https://drive.google.com/drive/folders/1U-Pr4r1-cupgNOOq9NH_uTsQnPSVEKco,data/_source/isl_dictionary/Y/Yellow_Fever.mp4,18440,ISLRTC,src=Y/Yellow_Fever.mp4
yellow_flowered_plants,yellow flowered plants,3,https://drive.google.com/drive/folders/1U-Pr4r1-cupgNOOq9NH_uTsQnPSVEKco,data/_source/isl_dictionary/Y/Yellow_Flowered_Plants.mp4,10000,ISLRTC,src=Y/Yellow_Flowered_Plants.mp4
yes,yes,1,https://drive.google.com/drive/folders/1U-Pr4r1-cupgNOOq9NH_uTsQnPSVEKco,data/_source/isl_dictionary/Y/Yes.mp4,3440,ISLRTC,src=Y/Yes.mp4; 1 other variant(s)
yesterday,yesterday,1,https://drive.google.com/drive/folders/1U-Pr4r1-cupgNOOq9NH_uTsQnPSVEKco,data/_source/isl_dictionary/Y/Yesterday.mp4,2520,ISLRTC,src=Y/Yesterday.mp4
yield,yield,1,https://drive.google.com/drive/folders/1U-Pr4r1-cupgNOOq9NH_uTsQnPSVEKco,data/_source/isl_dictionary/Y/Yield.mp4,22152,ISLRTC,src=Y/Yield.mp4
yield_curve,yield curve,2,https://drive.google.com/drive/folders/1U-Pr4r1-cupgNOOq9NH_uTsQnPSVEKco,data/_source/isl_dictionary/Y/Yield_Curve.mp4,17786,ISLRTC,src=Y/Yield_Curve.mp4
yoga,yoga,1,https://drive.google.com/drive/folders/1U-Pr4r1-cupgNOOq9NH_uTsQnPSVEKco,data/_source/isl_dictionary/Y/Yoga.mp4,3720,ISLRTC,src=Y/Yoga.mp4
yoke,yoke,1,https://drive.google.com/drive/folders/1U-Pr4r1-cupgNOOq9NH_uTsQnPSVEKco,data/_source/isl_dictionary/Y/Yoke.mp4,8160,ISLRTC,src=Y/Yoke.mp4
yolk,yolk,1,https://drive.google.com/drive/folders/1U-Pr4r1-cupgNOOq9NH_uTsQnPSVEKco,data/_source/isl_dictionary/Y/Yolk.mp4,7208,ISLRTC,src=Y/Yolk.mp4; 1 other variant(s)
you,you,1,https://drive.google.com/drive/folders/1U-Pr4r1-cupgNOOq9NH_uTsQnPSVEKco,data/_source/isl_dictionary/Y/You.mp4,2720,ISLRTC,src=Y/You.mp4
young,young,1,https://drive.google.com/drive/folders/1U-Pr4r1-cupgNOOq9NH_uTsQnPSVEKco,data/_source/isl_dictionary/Y/Young.mp4,3720,ISLRTC,src=Y/Young.mp4
younger,younger,1,https://drive.google.com/drive/folders/1U-Pr4r1-cupgNOOq9NH_uTsQnPSVEKco,data/_source/isl_dictionary/Y/Younger.mp4,4000,ISLRTC,src=Y/Younger.mp4
younger_brother,younger brother,2,https://drive.google.com/drive/folders/1U-Pr4r1-cupgNOOq9NH_uTsQnPSVEKco,data/_source/isl_dictionary/Y/Younger_Brother.mp4,2960,ISLRTC,src=Y/Younger_Brother.mp4
younger_sister,younger sister,2,https://drive.google.com/drive/folders/1U-Pr4r1-cupgNOOq9NH_uTsQnPSVEKco,data/_source/isl_dictionary/Y/Younger_Sister.mp4,3120,ISLRTC,src=Y/Younger_Sister.mp4
your,your,1,https://drive.google.com/drive/folders/1U-Pr4r1-cupgNOOq9NH_uTsQnPSVEKco,data/_source/isl_dictionary/Y/Your.mp4,2720,ISLRTC,src=Y/Your.mp4
yourself,yourself,1,https://drive.google.com/drive/folders/1U-Pr4r1-cupgNOOq9NH_uTsQnPSVEKco,data/_source/isl_dictionary/Y/Yourself.mp4,2880,ISLRTC,src=Y/Yourself.mp4
youth,youth,1,https://drive.google.com/drive/folders/1U-Pr4r1-cupgNOOq9NH_uTsQnPSVEKco,data/_source/isl_dictionary/Y/Youth.mp4,4440,ISLRTC,src=Y/Youth.mp4
youth_association_of_the_deaf,youth association of the deaf,5,https://drive.google.com/drive/folders/1U-Pr4r1-cupgNOOq9NH_uTsQnPSVEKco,data/_source/isl_dictionary/Y/Youth_Association_of_the_Deaf_(India).mp4,2800,ISLRTC,src=Y/Youth_Association_of_the_Deaf_(India).mp4; 1 other variant(s)
youtube,youtube,1,https://drive.google.com/drive/folders/1U-Pr4r1-cupgNOOq9NH_uTsQnPSVEKco,data/_source/isl_dictionary/Y/Youtube.mp4,4560,ISLRTC,src=Y/Youtube.mp4
yoyo,yoyo,1,https://drive.google.com/drive/folders/1U-Pr4r1-cupgNOOq9NH_uTsQnPSVEKco,data/_source/isl_dictionary/Y/Yoyo.mp4,6250,ISLRTC,src=Y/Yoyo.mp4
zambia,zambia,1,https://drive.google.com/drive/folders/1U-Pr4r1-cupgNOOq9NH_uTsQnPSVEKco,data/_source/isl_dictionary/Z/Zambia.mp4,3800,ISLRTC,src=Z/Zambia.mp4
zebra,zebra,1,https://drive.google.com/drive/folders/1U-Pr4r1-cupgNOOq9NH_uTsQnPSVEKco,data/_source/isl_dictionary/Z/Zebra.mp4,4880,ISLRTC,src=Z/Zebra.mp4
zebra_crossing,zebra crossing,2,https://drive.google.com/drive/folders/1U-Pr4r1-cupgNOOq9NH_uTsQnPSVEKco,data/_source/isl_dictionary/Z/Zebra_Crossing.mp4,5560,ISLRTC,src=Z/Zebra_Crossing.mp4
zen,zen,1,https://drive.google.com/drive/folders/1U-Pr4r1-cupgNOOq9NH_uTsQnPSVEKco,data/_source/isl_dictionary/New 2500 ISL Dictionary Videos/BCS/Zen - English.mp4,16780,ISLRTC,src=New 2500 ISL Dictionary Videos/BCS/Zen - English.mp4
zero,zero,1,https://drive.google.com/drive/folders/1U-Pr4r1-cupgNOOq9NH_uTsQnPSVEKco,data/_source/isl_dictionary/Z/Zero.mp4,3280,ISLRTC,src=Z/Zero.mp4
zigzag,zigzag,1,https://drive.google.com/drive/folders/1U-Pr4r1-cupgNOOq9NH_uTsQnPSVEKco,data/_source/isl_dictionary/Z/Zigzag.mp4,7800,ISLRTC,src=Z/Zigzag.mp4
zimbabwe,zimbabwe,1,https://drive.google.com/drive/folders/1U-Pr4r1-cupgNOOq9NH_uTsQnPSVEKco,data/_source/isl_dictionary/Z/Zimbabwe.mp4,4040,ISLRTC,src=Z/Zimbabwe.mp4
zinc_sheet,zinc sheet,2,https://drive.google.com/drive/folders/1U-Pr4r1-cupgNOOq9NH_uTsQnPSVEKco,data/_source/isl_dictionary/Z/Zinc_Sheet.mp4,5400,ISLRTC,src=Z/Zinc_Sheet.mp4
zip,zip,1,https://drive.google.com/drive/folders/1U-Pr4r1-cupgNOOq9NH_uTsQnPSVEKco,data/_source/isl_dictionary/Z/Zip.mp4,3080,ISLRTC,src=Z/Zip.mp4; 1 other variant(s)
zip_file,zip file,2,https://drive.google.com/drive/folders/1U-Pr4r1-cupgNOOq9NH_uTsQnPSVEKco,data/_source/isl_dictionary/Z/Zip_File.mp4,21600,ISLRTC,src=Z/Zip_File.mp4
zipper,zipper,1,https://drive.google.com/drive/folders/1U-Pr4r1-cupgNOOq9NH_uTsQnPSVEKco,data/_source/isl_dictionary/Z/Zipper.mp4,5760,ISLRTC,src=Z/Zipper.mp4
zipper_foot,zipper foot,2,https://drive.google.com/drive/folders/1U-Pr4r1-cupgNOOq9NH_uTsQnPSVEKco,data/_source/isl_dictionary/Z/Zipper_Foot.mp4,7680,ISLRTC,src=Z/Zipper_Foot.mp4
zone,zone,1,https://drive.google.com/drive/folders/1U-Pr4r1-cupgNOOq9NH_uTsQnPSVEKco,data/_source/isl_dictionary/Z/Zone.mp4,18208,ISLRTC,src=Z/Zone.mp4; 1 other variant(s)
zoo,zoo,1,https://drive.google.com/drive/folders/1U-Pr4r1-cupgNOOq9NH_uTsQnPSVEKco,data/_source/isl_dictionary/Z/Zoo.mp4,5240,ISLRTC,src=Z/Zoo.mp4; 2 other variant(s)
zoom,zoom,1,https://drive.google.com/drive/folders/1U-Pr4r1-cupgNOOq9NH_uTsQnPSVEKco,data/_source/isl_dictionary/Z/Zoom.mp4,4080,ISLRTC,src=Z/Zoom.mp4
zoom_client,zoom client,2,https://drive.google.com/drive/folders/1U-Pr4r1-cupgNOOq9NH_uTsQnPSVEKco,data/_source/isl_dictionary/Z/Zoom_Client.mp4,18040,ISLRTC,src=Z/Zoom_Client.mp4
zoom_phone,zoom phone,2,https://drive.google.com/drive/folders/1U-Pr4r1-cupgNOOq9NH_uTsQnPSVEKco,data/_source/isl_dictionary/Z/Zoom_Phone.mp4,26600,ISLRTC,src=Z/Zoom_Phone.mp4
zoom_rooms,zoom rooms,2,https://drive.google.com/drive/folders/1U-Pr4r1-cupgNOOq9NH_uTsQnPSVEKco,data/_source/isl_dictionary/Z/Zoom_Rooms.mp4,27120,ISLRTC,src=Z/Zoom_Rooms.mp4
zorbing_globe_riding,zorbing globe riding,3,https://drive.google.com/drive/folders/1U-Pr4r1-cupgNOOq9NH_uTsQnPSVEKco,data/_source/isl_dictionary/Z/Zorbing_Globe_Riding.mp4,8480,ISLRTC,src=Z/Zorbing_Globe_Riding.mp4
